tx_hash,from,to,value,block_number
0x02997bf11d5cbd538943a39985cee4e05940364bc37b36bed89aac64ef143db5,0xd77db750b317d2ed02d8dcb6280fc2833a71e462,0xf430240a61e0a5bd7a3637d616e0dab5632fbe89,0x0,11645660
0x7762adfb9c1e810eb48fd54b75a00ec19fb89b63d5b0e9f642437ab40c3bb23e,0x62ecc3ea77960419f9ab454868fe968553bfc102,0xdb9b1e94b5b69df7e401ddbede43491141047db3,0x0,11645660
0xcae98ecb99a77af5fc1e273d8689a17d03c88ad1d63b241edf85a0d989568530,0x5fca80fe8e67feb5ab7c9efb0c6440c1d190cbb2,0x803bc3291b79c118eb6a8431a42b9946bbc4ee36,0x470de4df820000,11645660
0x3b5ff6c16726902939ed5f128d8ae1e65d80eb301a91d7705a4f9a170400ba35,0x54846a638d883ecb2d4874f3265251e9cc744690,0xdb9b1e94b5b69df7e401ddbede43491141047db3,0x0,11645660
0x7571ff3dc2da9130832486b3670606007e4429662da5cd61b69f097a1ac837c3,0x78fbbf2bc2ac5add54def7d8e9c5d29bb31c7bda,0x93083f60f1877a6ba974d5ed88bb74943deb8390,0x0,11645660
0x13e502708fe23593c17909a99867d6f8d1ad4edbe7d4b76159cf90dcc26a9ca6,0x8b6f8dcfca7e70542be94216dcb2c45b670706a4,0x803bc3291b79c118eb6a8431a42b9946bbc4ee36,0x470de4df820000,11645660
0xd742ea9e20cd07c88dd9e06a0367710d01c2e24fe9c9b65ef88d76490996b4f6,0xea3a54b28fdd497c2861ba0ef3827d4bc324ceae,,0x0,11645660
0xc8bb4f2783fb4e5e47659e2eac10b07889f28fd131d6e48f4a75eeb1f111ea25,0xebe144ed4b23babec7329ebf0e41593944a8ef0a,0x803bc3291b79c118eb6a8431a42b9946bbc4ee36,0x11c37937e08000,11645660
0xd15fc834101d99f11ff1e6894a86506e3ea1e3fd1285c4126868705d81bd6a9a,0x47e5902a48c5fbaba166b118cd159f2f5a84707b,0xfa6419a3d3503a016df3a59f690734862ca2a78d,0x0,11645660
0x7be3a5d6ff67fcdc676dcd0fa1be4ff7d6d5f05591c084a02218581b5c43897f,0x3c90f8333fee234e272ee9caa066c1f55157e04c,0x80bc1d04815c35fcdac669549e1ad9c6d519f232,0x0,11645660
0x6d5a18134534b2434a2785d5e4c39f0f652ba6451746d0cedb1979e1dd0e905e,0x04f43a9e3ca3f2236f19497528dfd964d60d3789,0x803bc3291b79c118eb6a8431a42b9946bbc4ee36,0x470de4df820000,11645660
0xf9df7f1693586d3496e54c65511f72f62e1c5f526bf9be39bd051ed3116683ac,0x79cfcb30344f9dcdcee65ced02e011c91b383356,0xdb9b1e94b5b69df7e401ddbede43491141047db3,0x0,11645660
0x1d6003604f516a61dc11154abc7da424641be768530d0ac12724436562699de1,0x97c6cab302f76e7b39eacac6cf91213fb66c24c0,0x2c41ed6294a15f5fbc731396fadb4723ee397f25,0x0,11645660
0x00c8ea6dbedfeb114dd991447b321a138705ed996879bd38711d94d07fd0357c,0xba7af4ff71f138f7f55dca2edf78fddd6cf2a066,0x99bb09726b22bdefdf1cfa87074c0fa8ed49edf8,0x0,11645660
0x87e6703691f4176a84b2964336b9dd2532b8c193a3104c19f1d88dfabf1e7199,0x7b203da0762b45f2969252898a0b9eebdc6ae090,0x7f2e4bd57058b360552c4a089963239fb0caee0c,0x0,11645660
0x16e95342c26a53c6a1463f2cebb98c14d9d24e86c51a44562898a9dff999878e,0xdf09648e8965425a65fe8410591f724a18134369,0x30f0e650e693dcda70edaccc5be3d70f490b6d44,0x0,11645660
0xd400f94ad9ec68f135a81c9411d6ab78b1a7bbf6555c9e17646d0d28b70cd842,0x10521066338fcda705b29ab5ce7d8f149531d91f,0x60e8f2b6f4ae6cb53b034ca892e520b32ec129cf,0x0,11645660
0x20d0618d99d69b98150ca1d37c4060a8921cb2780b0eaee081faf4c9d9920aa0,0x75bc5ea43c1b4d65375c2fe0aafa1b6ed12e9e16,0x87a3effb84cbe1e4cab6ab430139ec41d156d55a,0x0,11645660
0x5cdf4e7b68e6d2f801855310d2eef7a9bddc045019e691f51aac17bb43a71061,0x03eeb73365beededb0b643ffe67d11309b1c08d5,0x16d4388e8a1de047717aa04b4250836dbf3add76,0x11c37937e08000,11645660
0x3a11227e8bbc0ff5d7dba82a9330db90e36072503f0d7dbf4e83db1648396d43,0x232e274676e865e341b02348a2173e8856891b0a,0xc91bdb32f27ffed9096d7ac744145a1d52bd8650,0x11c37937e08000,11645660
0x6e11d0469e10c87d27aec51afd4c7f598e42d096d057be5d84449806d0ea474e,0x558526e75b896072d5eaffab29e151f6740e2610,0x87a3effb84cbe1e4cab6ab430139ec41d156d55a,0x11c37937e08000,11645660
0xe00567434ef5f900d8c728e3218cc77733e55b14f67b4002c316da27746c0cdb,0x8fc9eac864deb1785f1d82a176620c1b8bd07c75,0x87a3effb84cbe1e4cab6ab430139ec41d156d55a,0x0,11645660
0x9e9683d8880e0312cd265a57a84e846550fbcc276dea3fb44ded063a9c1b357e,0xe8335e7b56785e26fcaf4a15757877e26c2cd18e,0x60e8f2b6f4ae6cb53b034ca892e520b32ec129cf,0x0,11645660
0x2aa2dfd946f831b50d73bcf855c22e6c7c9994503d945bc52992be32da07449e,0xa5b250396ccb5f343ee63ab2802cc60db01f4017,0x87a3effb84cbe1e4cab6ab430139ec41d156d55a,0x0,11645660
0xc69d4318b4392a19446c8dd63e399eb778f74a7e10ae86cad874f88ae9da62a8,0x10ba8c3bb891da0f312d4e40f21c6db8f8a48def,0x87a3effb84cbe1e4cab6ab430139ec41d156d55a,0x0,11645660
0x94618fe30742a044647341b671e2fd496b4ed3321cfccc3cc0ff17e8d33e9fc0,0xee58ecf05d0a820f015e1a50648c1a861b2ff85e,0xfe5ca3034c054f89f6995e2489feed4fa8adfa10,0x0,11645660
0x30ce806f351ba72fee1e7902e1052bdf464668a89e95bfbd55042b44e4b77d69,0x1d6b04979fe845c0fac2366152a1bfa1ce617ed0,0x87a3effb84cbe1e4cab6ab430139ec41d156d55a,0x11c37937e08000,11645660
0x413189768e85b014acce3ba1a8edee49aacf82b49262c82a2014ce701a36e834,0x7d65420dfb209d00d79170fc556fae87e8c7b182,0x87a3effb84cbe1e4cab6ab430139ec41d156d55a,0x0,11645660
0xf30f3269bc21f3dbd1f31418b7af8765a79542a61bf39ca5221a9eb3fa656064,0xdbf9caad3419442828bca5fe0ed742685a6f74a2,0x6e5c2f325b72c16c453ada0e481e6ac744ca66e4,0x0,11645660
0x83675b4eb4eda5f0f561a7f21cd2dcbd1e5ce3c2d3ebd412d324e2683327b98e,0x3392c9f6277598dcca9d54f71bd3a1e783a9eb3a,0x87a3effb84cbe1e4cab6ab430139ec41d156d55a,0x0,11645660
0x2312d58034ae3f646f73bfaedf075a7f015a264a1a124bd1f9c978614ab32276,0x265f71b85a23e81cb03f2d0363f6433aab6487e3,0x87a3effb84cbe1e4cab6ab430139ec41d156d55a,0x1001d1bf800,11645660
0x08327a2fddb6c4edf01e1d9580f378e3ee890a02db122d0d04b47ba69616d2e5,0x5591ee4c6b3bb9c4fc172f5afb57785ad9350b10,0x87a3effb84cbe1e4cab6ab430139ec41d156d55a,0x0,11645660
0x64965556e691bbce7c6c7df3ef4aa99a0be3f12eaf65b0a4e8cb1a2789882109,0xba22669ec6c060aa4a7b81ac0b50f93e71b5ded6,0x87a3effb84cbe1e4cab6ab430139ec41d156d55a,0x0,11645660
0x9bc4a85ccd790337de60380d8fe70353608ad24e21425d1d7513048ca07b3f55,0xafa425b9c799dd9a628327a3e2641a77997b92fe,0x60e8f2b6f4ae6cb53b034ca892e520b32ec129cf,0x0,11645660
0xb175452cace33a457be74122591e5f93218717bdfbbcac599f02a28aa4398a8a,0xe7285ab74ba64f9f0d100d45089f0143ad8190e8,0x87a3effb84cbe1e4cab6ab430139ec41d156d55a,0x11c37937e08000,11645660
0x7f4db90755891b70bc41c8a719e1bef19f2e6724d91ccac384c3c273aa7ca343,0x232e274676e865e341b02348a2173e8856891b0a,0x285c40cd666937562b9bb0dc20b8cb5b03c17369,0x11c37937e08000,11645660
0x72773ee91ce78caa0064d58e3e7822e3381aa5c65bc8090ed4925db69c02efa1,0x46dee90e70e49fb3efd83ca9b3249fb490631b89,0x46dee90e70e49fb3efd83ca9b3249fb490631b89,0x0,11645660
0x9c136ff9437419c5d84e80fc90700862e363cf1ef71ba494aa2650cc2a419665,0x52add72b435f426d85fc4c7419d6fbd5dfe33e1e,0x0054fd8b29047f3c41814ff631f9024439231b82,0x0,11645660
0xdc28db575c5e3799075cda40dc0bc860e97c9aa021430f65da6ddfd14a2d5a3b,0x1c8faa81d413db62dcb84d83d2843a6e36684a71,0x4c1f6cf8cc9864243866342d501c8d5e6769d683,0x0,11645660
0xf18337293d31eb9db207d13f21033d42c23d0a662eb13161d56d30541e75095f,0x2c9914b0d1a9dee10871d08fa06d0a4c503fe468,0x0c88262f03b183dd183c2fc7a78578dbce1e664c,0x7553272d1000,11645660
0x8dd691a9e089749a79a85cbb349f843535c3b472fb0453d364932ab4902b98e4,0x5fcbe9e2a8113e6c97477fc0e98e9c46ad9557d8,0x0c88262f03b183dd183c2fc7a78578dbce1e664c,0x5bdbe51f5000,11645660
0x453b174900dfe63165075cc3acc4019f2b9ff261629aecd0a318feb8394c0caf,0xe1d84b436185b0a24f1e35fb885c673c32237a3c,0x0c88262f03b183dd183c2fc7a78578dbce1e664c,0x65dd08370000,11645660
0x85480d4f846e0cda9bc76cbf46c05a94d5c741b1a44e7079ff4f0c8bac7eabec,0x7664d827db8d4cfcb22236151e519778df1bc889,0x0c88262f03b183dd183c2fc7a78578dbce1e664c,0x763bfbd22000,11645660
0xcb907ae440decc266336059802bc90e67294797fd60c682a52bc8ba5d3b31a9a,0xd5f40b080dbaab1c5a45941464bc3ee113e736d2,0xf430240a61e0a5bd7a3637d616e0dab5632fbe89,0x0,11645660
0xb0c7344303a80d441e8b8c36ed2cd7e7dc268d32ec667df8319bdcac218d7ea3,0x6ea93c9ca78a934967dd8b7c575c17a6b7d46b58,0xfd1d1922f2d15f7e55a4ca8c5010952aa7ab941f,0x0,11645660
0x8c5c1db619afb4ec471817e55e7c3784edb96d1242ceefc4127401ad510b0294,0x180121bb0fca7b1bdf6793352bdd6b6c045d82b9,0x4d451aee51a9b0431a84b362e3b7cf517b947511,0x0,11645660
0x0a37de0f59339a92fa428566a0fa1113ad4b5a8df5672407445f092324b701ff,0x7c4db55dbc569915e821433aa3d0fad1649f009c,0x7e8b0dd71be6c1216fd7334e7e5eae8aa2e7276b,0x0,11645660
0x948260047268c2e26829f710f1a40839bdb2ee61ddbd91a507c8159ab5aaa011,0x8d85189e79a5e4d26e1ff5579a9c378366116773,0x590c95c6bfbc5b95964701cc90ef6bc33a9e3427,0x0,11645660
0x37ece7f0aac646e169ae9f3b2459cc46874941047fd733b4cb990cf3a83e4424,0x9ba1102d546e7437c7279217f4b1a19ac78fce2d,0x590c95c6bfbc5b95964701cc90ef6bc33a9e3427,0x0,11645660
0x7d40b19ca7889a9d835088c9c4d9ef9602903238f2d47138ee147dbe0f1a7084,0x10984aa7ee3f6766210bbd615585929b355ffb0e,0x590c95c6bfbc5b95964701cc90ef6bc33a9e3427,0x0,11645660
0x86ba8fec19b7b4c7c6ad62da06d7e36010027ff529ad906583882f61b90c4a9f,0xb16ba898db5bc2ec261ef5218740c1b162a1c9fd,0x590c95c6bfbc5b95964701cc90ef6bc33a9e3427,0x0,11645660
0xf260f75bb64fbd69ce9a5e251891531aefcdab43e2ad8c27f5a5ec80c1cdaa8a,0x57514d6c07956bf94311b9a2f98f08c6f59b705d,0x590c95c6bfbc5b95964701cc90ef6bc33a9e3427,0x0,11645660
0x842f04398dd6999c09f16a3f299f25ca7d488a5d1c35babd443514d8beec76b4,0x753b1fca5588706492cd89c7d2c287db236be03d,0x590c95c6bfbc5b95964701cc90ef6bc33a9e3427,0x0,11645660
0x3706a7cc77603063d2977394a4c19733a56296c6c1d527d90f4e93b41cb20083,0x0145e2297a047faf1e918b63dbd164966646a3af,0x590c95c6bfbc5b95964701cc90ef6bc33a9e3427,0x0,11645660
0x1aa231135263eadd29f7167e51c450cbd78f89ea54f660adb1228033fb0b81cf,0xc517f2cf2858abee3d0e2a3f9fd87f26a4d5646d,0x590c95c6bfbc5b95964701cc90ef6bc33a9e3427,0x0,11645660
0x3de9f86907f355f3a0b5d68c047874158b5e27af2086d9e4b95964b828ab78f0,0xe99a0b30e1b9d08398e7533d49cbb63edb7e7626,0x590c95c6bfbc5b95964701cc90ef6bc33a9e3427,0x0,11645660
0xfb3ad3f32235f1b273df0c8cf5d6eb077b71cc5a75f62ea4e0fede6a380102ec,0x9999fffe0fe59aad3b7b206841fa1821d186db7d,0x590c95c6bfbc5b95964701cc90ef6bc33a9e3427,0x0,11645660
0x3df3f10d5bf00d2dbe6cf5e14ab0269e0ace9d106bdfe28cbfc5d99bb559e303,0x5493cf24c78251ea171e57f5e4a96c4ce4fca6e4,0x590c95c6bfbc5b95964701cc90ef6bc33a9e3427,0x0,11645660
0x0903dfd63d5716e53617453bd1e439bf453b865582a16db4e0cb7e715363d867,0xa360cb036822c059eb9f03c2d4f48a94e5fd9ed5,0x590c95c6bfbc5b95964701cc90ef6bc33a9e3427,0x0,11645660
0x4556e2c956927810629b82ced48e9c8c076b46d37da804a8c1a41f726681ee3e,0xc4ace2d74d6847034c60590554779095c0b9c1e3,0x590c95c6bfbc5b95964701cc90ef6bc33a9e3427,0x0,11645660
0xd6942b6ec9edf9a2b46a8653c89fe0fbb90bf402fbb0f12006b47bbe57d03c0d,0xbe7e0c128eb16aaefe05d63a97f619618b37ec13,0x590c95c6bfbc5b95964701cc90ef6bc33a9e3427,0x0,11645660
0x2900cca5ebfe9b824810bc2c5d84951e85a8138a1cb6309eb128dd2fdb1d7539,0x020fcfa773401b090a8611329cf64acf4f1727ec,0x590c95c6bfbc5b95964701cc90ef6bc33a9e3427,0x0,11645660
0xd950789a7db241bd9237995c00f0362012f7083001d5d4da82dd1fed7669b221,0x6e7dfc666514bdd1fc2903cd2e19e8c006077d8c,0x590c95c6bfbc5b95964701cc90ef6bc33a9e3427,0x0,11645660
0x123e4fcd6dc33ae39ad2f38fe193e27d70ed855f8655e0b58892b462ca481d77,0x0df7e3da0337befc8e604e532498f8bc3ece0b82,0x590c95c6bfbc5b95964701cc90ef6bc33a9e3427,0x0,11645660
0xb130103a2a8d2599b2631c04dee622e862214cc63234e880a0be180ed89415a0,0x7da0da917b7ba2b624b83ef485ecbdde6d97bbec,0x590c95c6bfbc5b95964701cc90ef6bc33a9e3427,0x0,11645660
0x2d4ddc40069bd451ad738719da374fbf3cd6ccb1f49383be08a40ebc6d855cae,0x3f63ae7cb6ef734387aa8223cffa7d4e1a075847,0x590c95c6bfbc5b95964701cc90ef6bc33a9e3427,0x0,11645660
0x5b358c39ef3496bfe447404b8d3075bd463ecc10eb3f54a3dcadbd49cfee5b67,0xc2fece2c0fd2592593f6018183721fb8c3460c19,0x590c95c6bfbc5b95964701cc90ef6bc33a9e3427,0x0,11645660
0xec5bbcd05f690c87560f15667230b7ee37a9e1db3eb7f196efe6107a01cff0df,0x895e52d11d27fbbad776092a657cc021f2cd23fc,0x2bd57c3ca216f0d38b18bcfd14595f12dfb13c35,0xf2d5c827b000,11645660
0xfa6c567ef5c7a2a706b3ec7c12a1f8b4aabe770d5c3a59a40469e86e76d6bf91,0x057cf78eefff25d74fb6f7f79c0d247d97ebaa56,0x69c6b28fdc74618817fa380de29a653060e14009,0x1,11645660
0x825cbb5e262415d0e79708e99662cd4ec6e565670dee670018ebde5efb0ac807,0x993a0f3653887078215914badcf039263293add9,0x0d8ba12e77d6024fe3462a9b9cea977f35e620c6,0xb1a2bc2ec50000,11645660
0x704691f740abd1d7890453e6f43df6ec76ebccd415bbcf8862fd70418c90e3dd,0xe78e9838b7788da1914baf926a8ac031fb61cb01,0x87a3effb84cbe1e4cab6ab430139ec41d156d55a,0x0,11645660
0xb9cbee879b59dedf65cd07bf6edc5d19a29d609d9ea71eedaf4cbbe83640cedc,0x101facc9136f22927b35b1fd7ed6284b3e46616b,0x87a3effb84cbe1e4cab6ab430139ec41d156d55a,0x11c37937e08000,11645660
0x7e3a189378c799d277665785b5fd17e464383c0953065e47f3ecad5a9a0226cf,0xf04862347824dafa12909ec039623f1bc8e63249,0x87a3effb84cbe1e4cab6ab430139ec41d156d55a,0x0,11645660
0xcfa7d13163838530212696a80b248b7b11e0722c0527a62bbff89a5b59e3c4c3,0xeb5eae1ddb145cb3e4eae1748eea5f2d0db0a2b9,0x87a3effb84cbe1e4cab6ab430139ec41d156d55a,0x11c37937e08000,11645660
0x31f21c9ec4b10d96b812d6a290760271d7a305e087b9f833845db43b0f5ef509,0xd7e07232a8ab2a7c3c5439006b9068032cc1fe41,0x2bd57c3ca216f0d38b18bcfd14595f12dfb13c35,0x38d7ea4c68000,11645660
0xfca54cf707611f9ff5abd0b785d189f64b47dd94240b0c7a99e0b28293b2517d,0xee1b1620fd6f1077ee5874c151b79b0d475eed1e,0x87a3effb84cbe1e4cab6ab430139ec41d156d55a,0x0,11645660
0x241a6808a52c030fdb8b9950f4df344a2e976e6d0faebba8cbcb041b2a29055d,0x790bcb43358e01142fdaf6f097976d216676add7,0xa1f78bed1a79b9aec972e373e0e7f63d8cace4a8,0xcbba106e000,11645660
0xaa0ac3f6c3e7ec8c0f1a7127aa6f66ef572589099a7e11c9bb57a0a5cde2f9de,0x9e7a4ea46db7876e8d7b9e8df9eefd894b8e5db9,0xe69e6a54bc964d9d5d655e56e200eeb754d9c4c6,0x0,11645660
0x5275b243726271805ffe1e48cd7cf0d6ec3812c8f4499605805a83de7dcef729,0x48956477e59e1050cdd0ca6de73f11ceba0aa8cb,0xa1f78bed1a79b9aec972e373e0e7f63d8cace4a8,0xe8d4a510000,11645660
0x6502a47763142e082b65fe848d9f1143254952c7b3921690719b772cd0a005c3,0x965ae0818440f00c64b992d470e8967d20e298f9,0x87a3effb84cbe1e4cab6ab430139ec41d156d55a,0x0,11645660
0xfbb48c899659f02d018a4048f7c8957039bcc2c3a1274562ea514cb4e2a45f4d,0xcf5a98de9c4cce110d535d4fe5b39e865d28b513,0x87a3effb84cbe1e4cab6ab430139ec41d156d55a,0x0,11645660
0x5430190bd613eebe4eb2737e77015f3e3d9d68420d284d221b86b3714d0ad25b,0x81eb61876767343e420c69ad9d00c2112da09898,0x1685c610007a33a25ff6e5fb00aa8e570328b505,0x0,11645660
0x927903b7dd949b417ac8cf17232af554041f091b2cf574a2564506929708b9f6,0xbc1cbd9a9d6d34c7fda9490e4c3c70e41cc43bd0,0x73b668d8374ddb42c9e2f46fd5b754ac215495bc,0x0,11645660
0x2a2936532118909f2be89de0a635cf18dfd92c37306791fb2783f8adcf3d1056,0x39fecda149365b88f4e02fce63c42f0dfe3c3a5d,0xa1f78bed1a79b9aec972e373e0e7f63d8cace4a8,0x0,11645660
0x6961f11b60fe4c4c9900887b6abce5ba01fd83ddc8a128ee719f0ae41a603fe3,0x19e0d961b5a4114eb5f67632373d2be9fa174b3e,0x87a3effb84cbe1e4cab6ab430139ec41d156d55a,0x11c37937e08000,11645660
0xc049bbac88b3312c38c09c698fc01ec8586f0b0f3142f76a0d101d0c1f5e97cb,0x9d7fd77a165de66fbe4d0ef05b28277b77d10b07,0x87a3effb84cbe1e4cab6ab430139ec41d156d55a,0x0,11645660
0x70420f81996193e92a704ba1602efab90af76642be2a9f582b5bf6b15d57dbb8,0x52065f6a3ede9a8937a49ffd46bb16423977d0ab,0x1685c610007a33a25ff6e5fb00aa8e570328b505,0x0,11645660
0xa22553ff018537c021543e12d440a2ef9aa34e99d9fee4a8e2718dc69a9673b5,0x5e76ab8d4b083507f0028ef3e189e91e77402836,0xae3cf3798d570d52b6d854c78f1632a5763cb7df,0x0,11645660
0xab2666637fdb83081ffbf4a2ba8b8a10f15e33130699359589348a6bdbd1e61c,0x0d491c53f14b430c8e107831e631b0b63a202f12,0xea30c4b8b44078bbf8a6ef5b9f1ec1626c7848d9,0x0,11645660
0x00652226513bd535ddd3ea615f14e53b73a5839251219f33b0632ec355d80c1a,0x7109db45e2d3459c654800c0bfe88f81055da2af,0x87a3effb84cbe1e4cab6ab430139ec41d156d55a,0x11c37937e08000,11645660
0xf9f76a4a20aa45a367dc2b8d086a2ab1ee157978a436e32655fe1d2d03450500,0x0f96ed0becf38d50fac3bd058576ab4a8511a071,0xea30c4b8b44078bbf8a6ef5b9f1ec1626c7848d9,0x0,11645660
0x78c194a2f52085fed12d3d495a0d385aae46a97746b9a73da4f358de29159b92,0x0ac9e90703134cb02d817d15ce736fe990427f10,0x2bd57c3ca216f0d38b18bcfd14595f12dfb13c35,0x174876e800,11645660
0x0a8a45b2a98a400a17ed2a70e55c76b760b5f0b3826a75a42b5e090f7eb4295a,0x6cc9397c3b38739dacbfaa68ead5f5d77ba5f455,0xdb69534f409bca51fbedd7310ccb22059fe2b169,0x211cc65bc2150000,11645661
0x452e4dbfccb81573e6be9020e4666bc482ceb0e2aa10284b428f3fef4890431b,0x0dced392e0c8dd4449741c60f61f88280c7bbd00,0x00289c189bee4e70334629f04cd5ed602b6600eb,0x0,11645661
0xcd7dddf41138ce4b67063b47b5f1f3935f44afe8dd33351372e01b3e62627455,0xc51021a15417cee188cbe3cc5b09d2b7605254e3,0x6ca642922a60c9cf7c8cdaa548ddb682d7ac9b98,0x75f6226d6800,11645661
0x3c0709611612a846b4fa7bff042056f66e4f90d20ee02f0048e1b812d5fbde7c,0xd77db750b317d2ed02d8dcb6280fc2833a71e462,0x3d6616fef672755a36d6a7c313d25a5266008cd7,0x0,11645661
0x7a0735f82818ac30d52e4045cc85b97e3ec2244a3a1651885bab9414c0c1968f,0x03eeb73365beededb0b643ffe67d11309b1c08d5,0xd4d187ad3dc13be05415f0df5d668aadac92be4f,0x6a94d74f430000,11645661
0x24889d6b5620c939e1ada98be652dea351b2d03fdedfdd544eab17a77ccf8b4f,0xd803253e7c9d60cee0c81bf5a43bdf12c462917f,0x1c7d4b196cb0c7b01d743fbc6116a902379c7238,0x0,11645661
0x9a8201520ca10eda1002b57de663501b2a9bbc3fcb3b9790d8cd1a3ad7561433,0x4a070c518621eab643801b3f67c5878362db81f9,0x93083f60f1877a6ba974d5ed88bb74943deb8390,0x0,11645661
0xacde1da2a6f57cd80aad5ced49b83aa54866da55f560f359c39aebf290b7aed7,0x0d2d3de5f4606a96945fd743394bcece88a9d831,0x768f42455a2d082e23ceef7d51e5787c82d67a39,0x0,11645661
0x8b035dd4114ed292ccd9ad523c75a5175ab2f5dc8fb5f6255f4ef95baba0610e,0xea3a54b28fdd497c2861ba0ef3827d4bc324ceae,,0x0,11645661
0x566a358408596fa542b2ce43a34756e74681afe5b9fa17506b30138c967fcb4e,0x47e5902a48c5fbaba166b118cd159f2f5a84707b,0xfa6419a3d3503a016df3a59f690734862ca2a78d,0x0,11645661
0xc1794e1eb4196bc237e0bebce26f9dd2c47eeaaf2a15477ebde83ef221101649,0x538cfcdbbd62b9fa273e1e0ac392f070b66842c4,0x538cfcdbbd62b9fa273e1e0ac392f070b66842c4,0x0,11645661
0xa080e9d815361c0856ff9abdfe90b19591243f2763bff157d31a85a202c3ec30,0xcd37cb5a78da29f766b36024246c8b3075a5ec4c,0xf430240a61e0a5bd7a3637d616e0dab5632fbe89,0x0,11645661
0xfb1e65d77475863ee5aa13e622600822ece52314e34ff45cb3b866785b67be05,0xbbdd4c20d756cecc08ac40027cf7711d8fc07653,0xf85938e2bfc178026f60c5ea50cc347d42c73b3d,0x0,11645661
0xb98e1f5ca51659844cf377db38f16e050798f475889d16f5b74b7dfa2e0677fd,0x941604790863b692f6f79474c5264d0fbdef89fc,0x00e71cbcf7e567977524993751ebdd088dc39ab7,0x0,11645661
0x1ce5379b47ff680099746899068b4b17420c3d635f612a4550d370f88562ba44,0xb1a9dc6afa738da6ec57f6f4e8a37e32fb642add,0x87a3effb84cbe1e4cab6ab430139ec41d156d55a,0xe8d4a51000,11645661
0x4ccdb7345879406e61209ce6bf8ffd415306e2055b0b6735cb364d95b8bcb2ed,0xe09f8da005f30541eeff1c1d8009f9a55ffb6b15,0x87a3effb84cbe1e4cab6ab430139ec41d156d55a,0x11c37937e08000,11645661
0x72d7a2584b8985f900478b8704f39f4e9fb0f1291803a032dd7b128f67a36c2c,0x486c4c9e18e37b89d0bac0112f5287177e96416b,0x87a3effb84cbe1e4cab6ab430139ec41d156d55a,0x11c37937e08000,11645661
0x1a965b96f0ea4909173bac67a22afd0e2cabe31f5ce81bd5e26b787a129407d3,0x746d195b17467fab44de7cac09a4905247540434,0x60e8f2b6f4ae6cb53b034ca892e520b32ec129cf,0x12309ce54000,11645661
0x319495236bc3268dd6288ba92670321165a25be00649e8806b5556ebe940e97c,0xd95dbfa9bd04b62686061aa64d6dc144937146aa,0x87a3effb84cbe1e4cab6ab430139ec41d156d55a,0x11c37937e08000,11645661
0xbb24c7841a6e8e3c46d77e81c8a2e5f7e9c714b866225ee3f46775ba61e2e1d5,0x265f71b85a23e81cb03f2d0363f6433aab6487e3,0x87a3effb84cbe1e4cab6ab430139ec41d156d55a,0x0,11645661
0x7abf16c331d2f259af530dc6f9dce0f0ad10186f09647032cfd25df035173e93,0x8fc9eac864deb1785f1d82a176620c1b8bd07c75,0x87a3effb84cbe1e4cab6ab430139ec41d156d55a,0x0,11645661
0x886be0f780b30e734d8654cfbb2f05dc391cebeb1f89041c8ff71868e84603d4,0x1d2f9205b93b51dc77152c0b2776ae81b0b0cefb,0x87a3effb84cbe1e4cab6ab430139ec41d156d55a,0x11c37937e08000,11645661
0x5ea3820e0176a425cdbdece1ebb7ca7c83a3845c13eeab131f1290bd2dfeaa6c,0x993870f2c9a0a58fa1dec2d71afd30919d8bdbe8,0x60e8f2b6f4ae6cb53b034ca892e520b32ec129cf,0x0,11645661
0x7486f3c0bdfabb0f7e31af5724b3ce91d6164f0fcb1f6a1ebe64fef6a8314aa0,0xa5b250396ccb5f343ee63ab2802cc60db01f4017,0x87a3effb84cbe1e4cab6ab430139ec41d156d55a,0x0,11645661
0xd2885fe5fe260b2d4ccb7fb2d38c464af279263d2f442dc5019017cce5cd040a,0xe7285ab74ba64f9f0d100d45089f0143ad8190e8,0x87a3effb84cbe1e4cab6ab430139ec41d156d55a,0x0,11645661
0x18a00f9ae757613bb7fa15a8b33185b449b7bac4285db946dffd473369033920,0x1d6b04979fe845c0fac2366152a1bfa1ce617ed0,0x87a3effb84cbe1e4cab6ab430139ec41d156d55a,0x0,11645661
0x70f02e417f809d240073f719ba0b55d859374248ca50bd2a614fe632cccd5418,0x6be7ddce05bcb1be16ed805863211e18e1628d34,0x60e8f2b6f4ae6cb53b034ca892e520b32ec129cf,0x0,11645661
0xa1d5433901f2f474cac728b3f50294c7fcf434f15672fd50b8f36b4fde8fb73f,0xaf23088b8284ecc0739855fd8ef3e83116c56666,0xdd5a09d9636777b899678a4d4ec4f9cb784a5e06,0x2386f26fc10000,11645661
0x5d6f10fdeb7354293d320ec7edf31b81be822674c6e2a5b18633ad6342055ade,0x232e274676e865e341b02348a2173e8856891b0a,0xa7e3f3c24415e2c42e5810ad4509461545e05b7b,0x11c37937e08000,11645661
0xca0b3949b60724c5dfd32a605cc213af72c19bd96f272b52a210527a3af9e8c5,0x03eeb73365beededb0b643ffe67d11309b1c08d5,0x47d38a18871b92c6e0a3584274b2025f6a1d6a35,0x11c37937e08000,11645661
0x579d08ce64dc7e219e234825af4e129da6a5c3d8955598480595e2abb261be13,0x03eeb73365beededb0b643ffe67d11309b1c08d5,0xbe3aac1485952bb77ea3f14f92869108166618dc,0x6a94d74f430000,11645661
0x3d096e58625707db23460a31b350f55cc1c02b7557f74f6942299f4ea0676c42,0xb54999c444bf0d92224edf219004a312cafc6878,0x87a3effb84cbe1e4cab6ab430139ec41d156d55a,0xe8d4a51000,11645661
0xdb4de14f9fcdf356ac4b5ebe9a88626020324f67b374d0449ca1410f92e408ef,0xc91bdb32f27ffed9096d7ac744145a1d52bd8650,0x87a3effb84cbe1e4cab6ab430139ec41d156d55a,0x11c37937e08000,11645661
0xb94acc5b9e253f45ea65e5c4428415cecb125b0b7ede661977b4475a9c1d59d9,0x558526e75b896072d5eaffab29e151f6740e2610,0x87a3effb84cbe1e4cab6ab430139ec41d156d55a,0x0,11645661
0x370cf865bb9ce4efff737c78ebc1bf1aa62738db434b6ca09f3c87b1bf78efc1,0x1c8faa81d413db62dcb84d83d2843a6e36684a71,0x4c1f6cf8cc9864243866342d501c8d5e6769d683,0x0,11645661
0xede1cf13d68b4c86433de15f7d74646a736c201ba6d318f275f1dbafafff48a2,0x216e9b3a5428543c31e659eb8fea3b4bf770bdfd,0xa3e36262f6899e27bb4b1802e8298e843e74cbc7,0x0,11645661
0xae7cd3f83e9ad3cea06b8b3d1a13fd93f43d76d20e75474a4c18abb43008a2a3,0x6a830c36e863e260d408a86083d2276b0902118b,0x290df9be25eafcc26d6c5e6c2ea8034113ccfee0,0x0,11645661
0x9d809efae31ea1dd111869d5e65f6c981c7b4972d1910b1113ac791944d6005f,0x7664d827db8d4cfcb22236151e519778df1bc889,0x0c88262f03b183dd183c2fc7a78578dbce1e664c,0x8fb33ddfe000,11645661
0x73e23bd7e1a2378446ee273811fca5edc00e2f981162cc65195dd39112546a5d,0x2c9914b0d1a9dee10871d08fa06d0a4c503fe468,0x0c88262f03b183dd183c2fc7a78578dbce1e664c,0x7724d0773000,11645661
0x138df3ca05bdfb6d39820736e0fecd4c941eccdb7ea2b39c36d7d3d54a4b47ba,0x5fcbe9e2a8113e6c97477fc0e98e9c46ad9557d8,0x0c88262f03b183dd183c2fc7a78578dbce1e664c,0x18b3b7771f9000,11645661
0xaf088d8151d9050e0ab782c415606eae94da7fc4c95c233384ef3559cc97090d,0xe1d84b436185b0a24f1e35fb885c673c32237a3c,0x0c88262f03b183dd183c2fc7a78578dbce1e664c,0xdc0a76becf000,11645661
0x700ea0d232f07788f89de16ee5ecc9ba3baeb4941983edace14b2c72f3c32f9d,0xe9d9bfc26c790166f050e84d443c3964e504d129,0x9e6435948d823ad5d153f37a77038271992f68ac,0x0,11645661
0x59327a4c3fde019edb4b69e1106b2d3459ea711192589bcbe91142664eb3e683,0x180121bb0fca7b1bdf6793352bdd6b6c045d82b9,0x4d451aee51a9b0431a84b362e3b7cf517b947511,0x0,11645661
0xf3f087b95b5bdc09fbc5d7039ada4d15665146b69c43aa19063c434ec1aef04e,0x0e120e9cf1daff7185b360a85542c46d3a1843fb,0x803bc3291b79c118eb6a8431a42b9946bbc4ee36,0x38d7ea4c68000,11645661
0x4b00cad9f5966b415a4218b10aaf72e42de2921e64769d0552b80cff1f540bbe,0xe9b22b911a32b386739f8f38a7d17e9a64bd8335,0x803bc3291b79c118eb6a8431a42b9946bbc4ee36,0x38d7ea4c68000,11645661
0x386e2be0c952c0ef95a74de9020d0d2ff60005bbd4214f019f049eaaab238a8f,0x68957cde6fea1c89c0e22e6471a2844b6e296639,0xd61eabc8acdfe5062156760ae7a30caf953c76cf,0x0,11645661
0x3a2d970ff15e099402381003c4728fa756c40ff7acf038b299f5031770e64417,0xaa244ffbdc424b12f8de339f2ea5959af48eab9f,0x2bd57c3ca216f0d38b18bcfd14595f12dfb13c35,0x5e96630e8000,11645661
0x0fcbee121de6981a97713b9b8c60db6fec9e29f7d0fb378c0f490255416a1572,0xf5e8a439c599205c1ab06b535de46681aed1007a,0x0ac93809f127308de0a962f1fa9693a7ad72f9c4,0x0,11645661
0xe731ded35cc55f2b3b6d3badb7062e15fd4711176e615469f9bf895b1be79262,0x318884e6f5646cfe4a8fa9aa18ec39a479d82ccf,0x2bd57c3ca216f0d38b18bcfd14595f12dfb13c35,0x96eb55be0f000,11645661
0xafa01bcdacb8ebf26adf5a6e478dfa22a38d16254a1356c14b70e470575f4208,0x395c5bd0d8d6f2b1141087b61014e07b24875a8c,0x2bd57c3ca216f0d38b18bcfd14595f12dfb13c35,0x3c5e224c06000,11645661
0x7a68d3a110d87f2455a19cebcb06dca1d6959354014ad81853cf126d5bceca8d,0x514e085cfdfc8fefd8cfd011daf5f8c5e5e27d58,0x73b668d8374ddb42c9e2f46fd5b754ac215495bc,0x0,11645661
0xf64dd44b5a9665eb47e60880fbd11d815f224af55db14e33bb9c808ee2c9295b,0xa0a3fa72c6d6dc0682fa8d4480a09fc1c6ba0887,0x73b668d8374ddb42c9e2f46fd5b754ac215495bc,0x0,11645661
0x5ed32c2319092a52cb65d6060b69d710fc743a9b3be749cde0559894dd934719,0x3d3fdc0c6a8fce37e48f45ca571fb8dcd07e42fa,0x73b668d8374ddb42c9e2f46fd5b754ac215495bc,0x0,11645661
0x1b1660cdd054fee283641b799b1d6cf7beec015d30f2586a32239519386b9e71,0x805a3703aa8b56842e433a15990d69ca950b8341,0x73b668d8374ddb42c9e2f46fd5b754ac215495bc,0x0,11645661
0x2820e954bd41b17ad73bbd12951457cd3da65e14aace1889495b110bed8e9050,0x805a3703aa8b56842e433a15990d69ca950b8341,0x73b668d8374ddb42c9e2f46fd5b754ac215495bc,0x0,11645661
0x2bd3bb069a04a4268279d6a07c891fa7461bdf054d2f70baff7b901c92511e6c,0x6e51190b7dcda9bd917c75f3f7bba41a0fa05256,0xe6b11c6010237c885b8a332920745b35ebebb3c5,0x0,11645661
0xcd2b214f53902e26e9c2b08277a037f920fa0d70cdb15310dbf4dcc78b8f0140,0xccf30e110a751933c14192d36b1402e16022ef99,0xa1f78bed1a79b9aec972e373e0e7f63d8cace4a8,0x5543df729c000,11645661
0x7b8ae1ce41d78f4c11b333e39733fef4ef3f920f00dd464ac2270c96282f5ca7,0x54c54a2359abb8438143ae8b3c5ddd5c18efa995,0x87a3effb84cbe1e4cab6ab430139ec41d156d55a,0x0,11645661
0x7b9e7eea87b5fb023c855f2687897d68116b47e2dc18158fabbe7e3717ff7728,0xc4e8d3e0d4e52572a3cfd2573578651a5b0d44d4,0x87a3effb84cbe1e4cab6ab430139ec41d156d55a,0x0,11645661
0xeca789f8a97f921160642a55a4d9c4c91fc8c739eb5174048719edc4d1f718e5,0xd265ddac128989159a16ed3545af4f821feff815,0x87a3effb84cbe1e4cab6ab430139ec41d156d55a,0x0,11645661
0x2a21dec3bad4f93fb06784dd78898d7e62ada50c845b1c0cc5cd59190018e2ff,0xf39d94f4b6ce81c7ff5d53fccb98ecb2d18a3e06,0xee567fe1712faf6149d80da1e6934e354124cfe3,0x0,11645661
0x5446eb70d69c71260d5ce0ff911799e0b776dd98848efa467a9f64e5b5608ff7,0xabc09c68bcffb16311180891682780f58cbf7530,0x87a3effb84cbe1e4cab6ab430139ec41d156d55a,0x0,11645661
0x40b22e9839de165811feb50cc309b91b967f12a5d74287b946b5aabe630e06b1,0x3eb7de9cf877602a0151858d870d16703726068e,0x87a3effb84cbe1e4cab6ab430139ec41d156d55a,0x0,11645661
0x450dd1b1cee470d34c4e76f3b7eedfbcb5d46e8cd72bf0e95532d2b2c531a347,0xa4611302a790d96444abde9f225d7fb28a7889c3,0xf467ec26cf1911a0ff87e3a6d36b3aec915506a9,0x0,11645661
0xdf4b2177408e0f86811668f0eb9441d8adc43a5c4367cae58fc46e405a80384c,0x3627fa847804c523a2866eb49a54e40110001956,0xe787c35f6a875567409c4970ba7b41a0cb9d1b4d,0x0,11645661
0xfb49d0b18e75822e2ab2bb77518ec0d7928f0a4bbde20b1eb2d2e2430239bc90,0x189370cde3976176ec454aebb4d0b11e814d4af7,0x87a3effb84cbe1e4cab6ab430139ec41d156d55a,0x0,11645661
0x4a2b5fcee5983bbaa76e8d7951e58902bfc63f1be717e8d3fdf085ee26484eac,0x795f28a85d8258f1d50ae784c21d3f77c945179a,0xe787c35f6a875567409c4970ba7b41a0cb9d1b4d,0x0,11645661
0x5a698af5693c76da2e5ecde2a39f272fc6a63a44ea4ba9018a2cf67ca1f5afe1,0x1a306d372b89048b7afdec3651649fec1680bc67,0x87a3effb84cbe1e4cab6ab430139ec41d156d55a,0x0,11645661
0x7358b367e773f7835b12691bf1783f9669bb3c092a0d6767c107a0531f7ca19f,0x6d61c178a34c9fd96b732f7c841dd0865581cc56,0x87a3effb84cbe1e4cab6ab430139ec41d156d55a,0x0,11645661
0x2b29d157a449ffb7b560350cacf034139e8608d379580ab7f6fada68b94b4a96,0xca8f3aeffd4c184aed9cd44f0e1ea2ee5345da6b,0x87a3effb84cbe1e4cab6ab430139ec41d156d55a,0x11c37937e08000,11645661
0x1c627017d4acab7607ae69352276fc2dd5665af329ab8f1a65f2b3a90745f7a3,0x0dd89096d8bf371e9ef4219f49635ff9b77ba27a,0x87a3effb84cbe1e4cab6ab430139ec41d156d55a,0x0,11645661
0x5306d49c1074c8c8c595ec1692d446a786a79cee4d03ea174e22206caaee3b10,0x2fa002eb1812920ee14b05581965114d957c1136,0x87a3effb84cbe1e4cab6ab430139ec41d156d55a,0x11c37937e08000,11645661
0x5d1b08e4948b4a8011db6cb7213284a5792554e8da0f416ab2be4b384e935583,0x7595012257c9dcc73f42dd3c31036fdc1244a82f,0x87a3effb84cbe1e4cab6ab430139ec41d156d55a,0x11c37937e08000,11645661
0xe9e679a48d05d607f08ff57679c3e5b99587cdb64a0c9c1c9e2b80202ef7835e,0x6b7a1289cc3e278d8e4ed12d4fd753e72fee3def,0xbe702ffcb16ac76ffb9a7759ba0f0fa24073e51c,0x0,11645661
0x5b3dcfbf6fcc0dbfef48d5bcf8c7a968738f3cd3e630c0cd8f020ff9e58be883,0xc5e9fcc11eb6fed97276ae2b2cf3ee0b52c21356,0x87a3effb84cbe1e4cab6ab430139ec41d156d55a,0x0,11645661
0xc35a8b6e2c22d786d70f258ee5c95815804a888f0cfe90c34c177f06bb84054a,0x65a5ee49ae04a05e3a58df6108bb18721abb4aec,0xe787c35f6a875567409c4970ba7b41a0cb9d1b4d,0x8451d759e4d77,11645661
0x5ea8f1c813689444f4103b9736f0c9e989c99d68cc6d783cf2659bcfa6ffd2bf,0x6663674ac201faaf5435d7a9a49592941549975c,0x87a3effb84cbe1e4cab6ab430139ec41d156d55a,0x0,11645661
0x224c9cc7bf7c105972ad756f1f6c6bd53c712385fb468c47b6e1792f722578be,0x067a76a7c517f2087c662b879b3c1e64d1fc8436,0x87a3effb84cbe1e4cab6ab430139ec41d156d55a,0x0,11645661
0xef04e4e41ad2376dae7f4eee210904d2030ecf7f5379f4afcb5c7c59b08eae1e,0x22cf0cc54077d0adeb1802ce36305dd561766fac,0x87a3effb84cbe1e4cab6ab430139ec41d156d55a,0x0,11645661
0x92b90ea23b5e6b97b5ab6e8bdbc9279dd6cc27a4107fdd38af053fdd9935655a,0x2f8e1176ae8ce0538fbdcf4efd788664908b0125,0x2bd57c3ca216f0d38b18bcfd14595f12dfb13c35,0x2267c6,11645661
0x21c3c9dc78629d3f56940b25a0196a117cf2650eb09cfba337b82ef7d5eda085,0xdc2133e78a34ecd7a8f97e8f2bdfd315bb586568,0x87a3effb84cbe1e4cab6ab430139ec41d156d55a,0x0,11645661
0x9e70ae8b00026e922081f999e2ddb3743179d397cae75650030cdc41b8e3b18a,0x490f8192725255c2c3de0cbce66312335ca019ad,0x41e88b8f0a06d8851acedec66b9012b109cac2c0,0x0,11645661
0xbdc0e7091db17d455968f166cccba8459f73728849601d73deb301f62143c042,0xbdc4ad99242b825f7484ef67eb8b822844616fe2,0x87a3effb84cbe1e4cab6ab430139ec41d156d55a,0x0,11645661
0xe8a8a4666b338f67449257a22fac483461b2b08ddf23af4d560777b4bffbed3d,0x0ac9e90703134cb02d817d15ce736fe990427f10,0x2bd57c3ca216f0d38b18bcfd14595f12dfb13c35,0x174876e800,11645661
0x0c9d5ffa23d12066d0a1469af6d3254319ede1533894c9e4680e85150814bcc4,0xe9af5b7e1a60a55033593ed0961202c001fc46a1,0xf467ec26cf1911a0ff87e3a6d36b3aec915506a9,0x0,11645661
0x52e6f1c6fe7f38ba3f770afb6f34521f85162ec115d405f874faa9caa9e52fe6,0xf434e04b19e3009e44571d2a7ba3d5c8a1dc4e28,0xe787c35f6a875567409c4970ba7b41a0cb9d1b4d,0x4c8e87c7458,11645661
0xee3d66d2ff998895eb964c26a4c37dc2bbce39858567a03be1ab0e15ad89955c,0xc993abfab3f382aefc6eeb35aab4dff83c5b4bd8,0x87a3effb84cbe1e4cab6ab430139ec41d156d55a,0x0,11645661
0xd90cabeafd5694817efec66eff57b76d09fc5b0af5d0f258166889f51e4647af,0x2670ca86ba68e3b69ed4bdf83366f4cf70783be5,0xe787c35f6a875567409c4970ba7b41a0cb9d1b4d,0x493c69db034d6,11645661
0x516d5aa21d25f44676ea359921ebbee180af1db30018b3086f1d6c3461e8a203,0xc0aeddba68ead5a34b1644196ff1ef000335b26a,0x83458e8bf8206131fe5c05127007fa164c0948a2,0x0,11645661
0x8afe050695551561af0100f8fd23e543cdb613b392c588868979d2d3843fe2c2,0xe6c4142016937c4e0ebbb025bf566bf40cff8ac2,0x83458e8bf8206131fe5c05127007fa164c0948a2,0x0,11645661
0xec9c1e0d3e007025e86f69d1e37847faad275e49d23cc1eac69f21e35214b85a,0x19e0d961b5a4114eb5f67632373d2be9fa174b3e,0x87a3effb84cbe1e4cab6ab430139ec41d156d55a,0x0,11645661
0xe99aea387d33def810b94a4b5d1aa2e6c1cbc19c906b1205eb51f59b23623c62,0x21bd2b9c258570d3c371e336973f60a72e25b3e5,0x83458e8bf8206131fe5c05127007fa164c0948a2,0x0,11645661
0x2b7c7ac7b1d85a191cb218807cfbe7616324a6390dff8c97360f2984350eb04e,0x9d7fd77a165de66fbe4d0ef05b28277b77d10b07,0x87a3effb84cbe1e4cab6ab430139ec41d156d55a,0x0,11645661
0xc6705cc19ea21a4a5f1182dcca02e09f40ba368ed6a1df138c487d987d4922e6,0x7afddcf824e319fa1da5099db1c7c8f4effc146c,0x83458e8bf8206131fe5c05127007fa164c0948a2,0x0,11645661
0xdaaca5d8f63f05906ea85a5d5a283ea0826fc3d62b30265c06615a233f111719,0x47cdbc36bdd460a0935214a0f1b0a98f032b6fc8,0x87a3effb84cbe1e4cab6ab430139ec41d156d55a,0x0,11645661
0x8a9384640e775b74cb0a9ff62f231ab09cd24f06f04dbcc3b4b17397acdc32be,0xe78e9838b7788da1914baf926a8ac031fb61cb01,0x87a3effb84cbe1e4cab6ab430139ec41d156d55a,0x0,11645661
0x162af6fd5b707dfb473fc008a2dde3ba0705f0469ce39e393981b059e3223290,0x34d2ec660915e52f2439aea404b7306a9168ac04,0xe787c35f6a875567409c4970ba7b41a0cb9d1b4d,0x24a531344570,11645661
0x3c0f48b307016ef1b83fc1eb143667ff526432601e5aaee8bb8bd2e9cbd5420c,0xf04862347824dafa12909ec039623f1bc8e63249,0x87a3effb84cbe1e4cab6ab430139ec41d156d55a,0x0,11645661
0xa4987694d2e5de95e37aadd2fccd87042673c7ac8cc87806f7077112a9eb2e87,0x965ae0818440f00c64b992d470e8967d20e298f9,0x87a3effb84cbe1e4cab6ab430139ec41d156d55a,0x0,11645661
0xccaecfd22d7d83bd3254d07cc977673385ab05391f8e386dcb1a86754ad002e3,0x84264d2e49edeb7ad6a0c196ce79be33ecca2965,0x8ccd4ae487ef6e5426247838b80fc3b8d5f0e483,0x0,11645661
0xb05699ef14633aee4433aaab145be4222682f1abc1eaf7ed9c67025f0526fe64,0xee1b1620fd6f1077ee5874c151b79b0d475eed1e,0x87a3effb84cbe1e4cab6ab430139ec41d156d55a,0x0,11645661
0xb58a2050971a4d5dc054cba03a1e8d27a26e14c1fbc876230cb106cd3203173f,0x7109db45e2d3459c654800c0bfe88f81055da2af,0x87a3effb84cbe1e4cab6ab430139ec41d156d55a,0x0,11645661
0x7d61816322f4091a60c3c7dd6761aec9cf4a0decd59f5b562abf21f76f6ba00f,0x08f50f9fba7fe86de37b5ce26ddbfe2a5329b2a9,0x87a3effb84cbe1e4cab6ab430139ec41d156d55a,0x0,11645661
0x43a1e5a95e35ba780055ad2d4700314a94914c270a8cf22bafea56c65c8444ac,0xea8b9883245d907be8b81b0792f9c58ff8299090,0x69c6b28fdc74618817fa380de29a653060e14009,0x0,11645661
0x2200e4f1838fed09e9764a5b904ad19a2547a8555bf7e48aac6aa0fdfa5fe8fb,0xe9535206db309aa5bf85268890c590b485f2eb63,0x69c6b28fdc74618817fa380de29a653060e14009,0x0,11645661
0xca3c36fa344812828856b8ea519c450b159c35cf94c5c603e7a1ecfff17aca81,0x8caf5e881b3cb29da8e36b5d448cbea34ed2fbf9,0x69c6b28fdc74618817fa380de29a653060e14009,0x0,11645661
0x198f1fe8d11c0a47c2e42d1db697002317f97221e0d0c99d0e826dfc4e81e65f,0xc36f31bbc1ead8dfbbb2888120db9320f8a881f7,0x69c6b28fdc74618817fa380de29a653060e14009,0x0,11645661
0xf847d709bc4181b55cd8106947bc41d711baa4c574efb286dfac87505c15f1cc,0x152e6f5a560a68266581a8147aba8c29f1d9b655,0x69c6b28fdc74618817fa380de29a653060e14009,0x0,11645661
0xf10f4420f2d7f9bd24ddd0db6069d908b24f464f1f0bca826446ebd9c1102074,0xe38866255987983435c563a2eb4d95877acdd1de,0x69c6b28fdc74618817fa380de29a653060e14009,0x0,11645661
0x6348796c57fe1c7a8a4b84df76a898b6396729a9cb6273c756cc27e38133fea3,0xdc9d3015a4a391607a835b87a292bcf030af24e2,0x9e841c03218e36a785c1c50f2f74fac5d54656da,0x0,11645661
0xc665457620709a4639683a8bf58a662e0cb9a0203b6ff9274f305cd197578337,0xd938bfbbbe13b94892bffad093563d128b937603,0x803bc3291b79c118eb6a8431a42b9946bbc4ee36,0x38d7ea4c68000,11645661
0x440cdc464229e98c29b3b65acd8d7dc43ba9e01d94d7a58808f3b7ded597981c,0x9ea1f651f5739d2646db0e0d9ec317d633c0ca98,0x87a3effb84cbe1e4cab6ab430139ec41d156d55a,0x11c37937e08000,11645661
0x1141c826aa58bfd085b569221c9d13ee9a5c4582f570cb1c1327d06b13be015f,0x00b4051e9776cef3c140627241fdbc98d97792d2,0x87a3effb84cbe1e4cab6ab430139ec41d156d55a,0x11c37937e08000,11645661
0x44b9ef4cbf91322acecd8ed06800bcb689444d57875f9dff24a40d9de12514a7,0x16cf33ca2b479aba0ca1b8eb0f192b6d3167a0c3,0xea30c4b8b44078bbf8a6ef5b9f1ec1626c7848d9,0x0,11645661
0x8b58bfa37b76f66b93451ea99690f129cfa573b2f20931b19b16089abb5fe378,0x52041fad2f969870005dece0e1e91e09242dcfa4,0x87a3effb84cbe1e4cab6ab430139ec41d156d55a,0x11c37937e08000,11645661
0x9ce7d1040587078721fdece4ac700d1b4777ad641267f2073a0d30f9e88e2e46,0x8c9c337020ef784767ea39e7d456b44218b2b228,0x87a3effb84cbe1e4cab6ab430139ec41d156d55a,0x11c37937e08000,11645661
0x8f436fd163b568e009e3e25ec2ed919ee71d387e4e7d4fd8ed05d650ddb4d693,0x625ba7af8d25c347adc11f8c65875dcdc3322526,0xea30c4b8b44078bbf8a6ef5b9f1ec1626c7848d9,0x0,11645661
0xf38ccdc8f1bd03083b0d86c66c117ebdd3cc768acdc8db44cd328d9e82dcd648,0xc90b92ee08f54c833145fa3827f8685ab05b467e,0xea30c4b8b44078bbf8a6ef5b9f1ec1626c7848d9,0x0,11645661
0xea20a5eae9693be7a1f4a5e13c9c37c8c86738b39206444b90e47cde8e431e33,0xee1fb552b7fb2b22093e237934f45b79d69fa4a9,0xea30c4b8b44078bbf8a6ef5b9f1ec1626c7848d9,0x0,11645661
0x359a89022dc47a834e915784801e1fafbdeb21dc2f1d7def85e37a8cccd1f9bf,0x58fda77e714dcfa70ec7a98e36b82a1159ed02f4,0xea30c4b8b44078bbf8a6ef5b9f1ec1626c7848d9,0x0,11645661
0xe883fa3fb7f9d7c88b630b7164e6c5a7c99ec10947e1d7213c124145e751fd1e,0x1bebf96adf3248c42a78eb771a47df1fe090e40c,0xea30c4b8b44078bbf8a6ef5b9f1ec1626c7848d9,0x0,11645661
0xd2f972438979517206b8a682bec64fe69b71c7ed1b830cf294600e70a2049ddd,0xc7987bc69cd62e38e25ecb30737c0ac444721c99,0xea30c4b8b44078bbf8a6ef5b9f1ec1626c7848d9,0x0,11645661
0x53d5865d3298a4464ae3123338b0b46905c227a50bf860e02e8742dce3761598,0x1aeeaf7daba7803297670cf20374e7d5b8cd2844,0xea30c4b8b44078bbf8a6ef5b9f1ec1626c7848d9,0x0,11645661
0xf529b5f66678105ebc87f06e7d07030ee80394943cf3a1b6fddc73fb88e44abc,0x06cb1a29f38aae37116c90ced84a3de8d98ac714,0xea30c4b8b44078bbf8a6ef5b9f1ec1626c7848d9,0x0,11645661
0x7fa3427a8d968aab68259bb1e612ce6c0f555cb55452be63d2c3b48a352f1cb2,0x162fa9aff8066b949f4eb3e28fc9c421b6802e4e,0xea30c4b8b44078bbf8a6ef5b9f1ec1626c7848d9,0x0,11645661
0x8d1c8d0497bb92fe1cd821cfa7f39e07f16f82b172ad656009bda40ca6558630,0x151ddb5bd9ca67a107773e96cb528fcad554e99a,0xea30c4b8b44078bbf8a6ef5b9f1ec1626c7848d9,0x0,11645661
0x337a8dd5d2ab7918a8f68c97c3dd5404040c701859202b53ef1b88705bbd1b1a,0x0edbb5552ff07d97e06710103e58122fee8171c1,0xea30c4b8b44078bbf8a6ef5b9f1ec1626c7848d9,0x0,11645661
0xf85bbd9eaead3d66c5ae53e6ffd4e7f1c059bf34a20b1a57808472b0a8c521ac,0x79132a277c8f01e4cddf575bd2a3cb38d1191175,0xea30c4b8b44078bbf8a6ef5b9f1ec1626c7848d9,0x0,11645661
0x09ff5aac16eb2409e59fea38dc0d9711968f621aa079ba9073ab5431b2347efe,0x6400a0181baba6ca78259baf42a876f8454be69e,0xbb86bcc951a62df86826219d9251ee05f2c1e286,0x0,11645661
0x8cf88009dafde79e3189291aa21bbc0e4599808681aa14f3a53af39ab6873ab1,0x1219f56b5ad414ecf46f29d1af23b4ebb053bedf,0x6a506c0738e238784d171c2062ce7dde246e542f,0x0,11645661
0xbaf5486b506461000cf094010c167142e7aafa0deaba88e777dfe4ce2db3aff7,0xd49d2ad0e7477c9fca719ca3013ace0ddec0d9ea,0x87a3effb84cbe1e4cab6ab430139ec41d156d55a,0x11c37937e08000,11645661
0xd38db006dcb56d9a93cb15bebb53ff8d8b69a88f4a460d3c22b67692e67f41db,0xb7764197972042266d84aaba675fde7a23fb28a5,0xea30c4b8b44078bbf8a6ef5b9f1ec1626c7848d9,0x0,11645661
0xd6f41bdc2bab1749261981fafa1895f56eeff57c56a0fa9aa15cc8cf0bbd6cc6,0x4184b72ffaf5ee3a449dea98dfc4921cb53a7a84,0x87a3effb84cbe1e4cab6ab430139ec41d156d55a,0x11c37937e08000,11645661
0x0f24f3da3839e329061006222c48fa0e24eb39d6d23868a639e02d2147d6293a,0x6b366963c7c44f57e3752e351a9fde00100df768,0xea30c4b8b44078bbf8a6ef5b9f1ec1626c7848d9,0x0,11645661
0xbb6baa3a77da46d7616438b71a7c8c1e39dfe3e994f1cbd2179804b43d3502f9,0x101facc9136f22927b35b1fd7ed6284b3e46616b,0xea30c4b8b44078bbf8a6ef5b9f1ec1626c7848d9,0x0,11645661
0x770c0de8e77fcfe842b835bbacaec60767c12848aeaebc2b73ed9735426f3255,0xd75343f0463453a7d574d35effa473307cc1b29c,0x00289c189bee4e70334629f04cd5ed602b6600eb,0x0,11645662
0xefdb14ec207ad3c8569fcea0053519868d9c50211e992357b1a49b11d9708e8a,0xd77db750b317d2ed02d8dcb6280fc2833a71e462,0xd09416d328dfaa07a422a1df233d1d968b80fbf8,0x0,11645662
0xd858f82b6862e9ab8a4284dd575026c2e314d28253c28080e9af129661d8622a,0xb88970187362b8b83416e8e88cb56ae0ec6ed2e0,0x00289c189bee4e70334629f04cd5ed602b6600eb,0x0,11645662
0x0680c66b576774bb7af866fda542fa4050c8c1530520c9758019ae2c55689d8f,0x9595c7b2697cd91f0e920068693dee2f0aaf5150,0x004993affe905f42aae45e1a5f78c830766c3e79,0x0,11645662
0x2f964aea507003901d33551cc303040df5d52de1d9a1a7713928baee082ffaad,0xd26a16ba9beaba96a2bb51d5a77888b7bbc74fd5,0x611f9e9d8a0049322265e94ae8379e760ec431f4,0x0,11645662
0x7acbf3b54a5e6055aab2bf31618d9273fb26a114e4573ddf6236579bc425f4cc,0x62ecc3ea77960419f9ab454868fe968553bfc102,0xec33a67568e0529a88d180569e7116cfa37941b5,0x0,11645662
0x7d2905464907a2ff9d242229fe04725b9e1b3823e43d290b952edec5b34f4b7d,0xe6b801b6b2c9ede51b6b848c3b0a1561782ae866,0x803bc3291b79c118eb6a8431a42b9946bbc4ee36,0x470de4df820000,11645662
0xa81b4b5c2a05afb39162ea0a72d850f35da9de57b9a5dfa6f4571895fb80d4af,0xf5cc5b8a614445bc0f638a5e5e682d876276d4a5,0xf5cc5b8a614445bc0f638a5e5e682d876276d4a5,0x0,11645662
0x53fc26ddc17c7b5e94f5fff33e71fd17f21f7b3df9e888cf7b577648bbfaf1bf,0x69394d9fb0cf4edab537804d8eb1639b07471ec4,0xf430240a61e0a5bd7a3637d616e0dab5632fbe89,0x0,11645662
0x9e0a9be1b4b0c4895b7239e2f6c4c8276c3f5ae77d566cda84381806e1705a16,0x03eeb73365beededb0b643ffe67d11309b1c08d5,0xd6b246c1719e0aff290f2237e1e63e35aac93720,0x6a94d74f430000,11645662
0x668abba0c3152bb20e509baeacc2eb91f931c3d37513e8a76968a88520fd4d24,0x47e5902a48c5fbaba166b118cd159f2f5a84707b,0xfa6419a3d3503a016df3a59f690734862ca2a78d,0x0,11645662
0xdf805b048ee4f3168d31855f0855fe9754ac188f2679536f0203eb46197eaa68,0x0d2d3de5f4606a96945fd743394bcece88a9d831,0xa88553f454b77203b0d036a05c894d555eaaa2cc,0x0,11645662
0x0ca17b9a7108f2b5044ad481ff7907f56b6270eab92d51829bfc3d3aa7be929b,0x219b980057ec58a8c5bfd8336934c587c94c2544,0xd7ecbc8bf36bad24b7a921dc399c7a6ccecd132f,0x0,11645662
0xa258f007ae270198fbb2b7f563590f990f71395928c99d3cb4827a7140463fb0,0xf031249dcfa91b0234fbafea77ffd85ed032cb70,0x4fe3ff7d0a60da5ca44923cd0a8596df54997a82,0x0,11645662
0x2de01dcfcbd15e29375eb3a80d4ca88fbf6698cecaef02c56e1a299eaf281347,0xba7af4ff71f138f7f55dca2edf78fddd6cf2a066,0x99bb09726b22bdefdf1cfa87074c0fa8ed49edf8,0x0,11645662
0xcd46bf710af2ed12fce2afb0254d557a97710af05758a7d656a5a1a9e0e59620,0x67722a1091e87d084c196cff9b273fa64da67e9a,0xf60f522d5613b5956563eaf06f81a88d00fbd0ec,0x0,11645662
0x3ea7a1ff53f757dc812c42a9c704d49168f06558ee0252dd8d4a9c1cfe249537,0x232e274676e865e341b02348a2173e8856891b0a,0xc357fe0ebc5c39e6bfad7f1b0cf880b51bb586b4,0x11c37937e08000,11645662
0xb4f572693d4d9ada711340c8892c90099627186e2baf58875651e4621dd51688,0x8f47398ced132d402ca8b335e93db3d8afec4ef8,0x60e8f2b6f4ae6cb53b034ca892e520b32ec129cf,0x0,11645662
0x1a50dfe7a047f9568c8e7d8b8f9da3f047593322ee649c23b27f2338755dd652,0x08ee956195a68a6088f704137dcc371091380c30,0x87a3effb84cbe1e4cab6ab430139ec41d156d55a,0x11c37937e08000,11645662
0x0629da6c7f42c23c465a77f832c26f9f5bfe44c26823b8cc5e9c98a5e2b2656d,0xcf2bbbc28b83afd8df5fac1a53a645c41dead7b5,0x87a3effb84cbe1e4cab6ab430139ec41d156d55a,0x11c37937e08000,11645662
0xcdd33fd2803ceb3e12f1bd6832ab660e77b1618ac23138425b4311d81f02e246,0xb1a9dc6afa738da6ec57f6f4e8a37e32fb642add,0x87a3effb84cbe1e4cab6ab430139ec41d156d55a,0x0,11645662
0x5ea5033e5fe235d266cc4c61c3ebf5f08605f1d3829b50f0a0a0c0f72872f66a,0xaa0c66acea734dd18b34278b269f721140494dfb,0xff00000000000000000000000000002f201c321a,0x0,11645662
0x5828bfe13269e9325fe9937cf5faad24067a7b648cf658949ec53d492798c3a4,0x8fc9eac864deb1785f1d82a176620c1b8bd07c75,0x87a3effb84cbe1e4cab6ab430139ec41d156d55a,0x0,11645662
0x10fbaed2a7fcf1d4ae34ae606918501637669b6ec9395aba39ecbb8732903ede,0x6a04b18d654c4a74d5dd6c84174eb734160fcf55,0x60e8f2b6f4ae6cb53b034ca892e520b32ec129cf,0x0,11645662
0x47e8fd047b255e22bd31643fe364f2ec8504bf66306cf135bafcdc1ac4fb02da,0xb54999c444bf0d92224edf219004a312cafc6878,0x87a3effb84cbe1e4cab6ab430139ec41d156d55a,0x0,11645662
0x600627b605ee8f9f8fe07ce8ec5e6aa541d205fc0ab58f4ab3f9505fc995c977,0xa5b250396ccb5f343ee63ab2802cc60db01f4017,0x87a3effb84cbe1e4cab6ab430139ec41d156d55a,0x0,11645662
0x278cc975b66f91edbdce4b4096bb7b435abf9260ab76c34b9ebb5e9f604387d4,0x886262196b9266a4e62431295386fe74d5c48230,0x60e8f2b6f4ae6cb53b034ca892e520b32ec129cf,0x12309ce54000,11645662
0x80fac0435e27ec34689ea47bc1251847cfdefe7863e594dd3c8b1a09b2fa3a1f,0x19e8e5ba2d493c862637bb161e058dcb7c89416b,0x87a3effb84cbe1e4cab6ab430139ec41d156d55a,0xe8d4a51000,11645662
0x1dab59191b8f3a5c617bda625634e14caec32d4192dee4d59e1d95108cc792b5,0x1d2f9205b93b51dc77152c0b2776ae81b0b0cefb,0x87a3effb84cbe1e4cab6ab430139ec41d156d55a,0x0,11645662
0x2e7fb5821afbcddc47b8c12c9539f65ee54059372e8d1b30a7afc50bce73e943,0x232e274676e865e341b02348a2173e8856891b0a,0x078e22ec2be846c15a38eff11f931dd0df0d4988,0x11c37937e08000,11645662
0x5bd5cbf0c5446156495a0b076ed1c6c4e2201eec1a3d88b85e287302cdfac5eb,0xe09f8da005f30541eeff1c1d8009f9a55ffb6b15,0x87a3effb84cbe1e4cab6ab430139ec41d156d55a,0x0,11645662
0xf291edbe77572c165448c1e7ff4543b98120b0c7839499f7a19bf98dfe1798ba,0x340241fa94065166375c74855767991ccb1b7549,0x60e8f2b6f4ae6cb53b034ca892e520b32ec129cf,0x12309ce54000,11645662
0xaa08d1a819a409d26e7841d82d757d426e7453be188f849d0ec6aaa172b5718a,0x486c4c9e18e37b89d0bac0112f5287177e96416b,0x87a3effb84cbe1e4cab6ab430139ec41d156d55a,0x0,11645662
0x082689e0ba25487081ed4bf3fdc6430aa2db9c0a8a037921a8ced9e59fa7c14a,0xc91bdb32f27ffed9096d7ac744145a1d52bd8650,0x87a3effb84cbe1e4cab6ab430139ec41d156d55a,0x0,11645662
0x32c785f7ebd9ae4ddf64044699cd5265a192d078d070ae1ec717d8a869fa8a32,0xd95dbfa9bd04b62686061aa64d6dc144937146aa,0x87a3effb84cbe1e4cab6ab430139ec41d156d55a,0x0,11645662
0x260d7f6a8736db1fb7fc2ef883d2af9703bcee8cb4a74d3974871ee96fa42722,0xa7e3f3c24415e2c42e5810ad4509461545e05b7b,0x87a3effb84cbe1e4cab6ab430139ec41d156d55a,0x11c37937e08000,11645662
0xac5b88dcee05647e709a97dd68872a7b37a1cce800773e84b2b7bc8968de6d9f,0x265816b42dca36b65dc30ce2327528842e52d605,0x87a3effb84cbe1e4cab6ab430139ec41d156d55a,0x0,11645662
0xa6649437a3980e03c8b01ddb8883db61b43fd2191c17e2c41b228b8dbdaec101,0xf239c4f9a332ad4849d1d387a49a9857c2995611,0x00e19e27aa7d47be2dc0c3afeb11017a2b37adec,0x0,11645662
0x63fd74b462cdce9c53d98c1725e531f03c1e9c0419f13cf7110c9d2b83c6be8f,0x1f74793d826847bb1a50b7314799cfcb00d67ee6,0x00c7c52b7b4cd92a08298baa6d0ff909bbddcb1d,0x0,11645662
0xbf3afd6ffc9178718b94f5beec0fae2b4314a5f7c98de858158e2c0346712cb6,0x6b8147c9d326faa79dec758339568de845a94cf5,0x3a81f59e6bf4238d1ed202f3b06389454de3f204,0x0,11645662
0x49ce8117a09d3a7b5f56229216a25073909ff8a188ba1b41b465af78f5cdb816,0x216e9b3a5428543c31e659eb8fea3b4bf770bdfd,0xa3e36262f6899e27bb4b1802e8298e843e74cbc7,0x0,11645662
0xc9fc28048aeb21c4aff3dc2d77956d5c47298d2cb75ca1ea02a49240ed1c57f8,0x7664d827db8d4cfcb22236151e519778df1bc889,0x0c88262f03b183dd183c2fc7a78578dbce1e664c,0x7553272d1000,11645662
0x070e7354bc6fb5607d23930636cf5b9da93bed63207139ea9f7f1bc0d802ca25,0x2c9914b0d1a9dee10871d08fa06d0a4c503fe468,0x0c88262f03b183dd183c2fc7a78578dbce1e664c,0x99b460f79000,11645662
0x2729fa284c44dcfc8dd5b6f66d9f8004757b17fe4b285e6d3e45e32a8f7a7ab5,0xc64b93f33c73fa2c72c48a47056ba4c2535ace8b,0x0c88262f03b183dd183c2fc7a78578dbce1e664c,0xa758d6a38000,11645662
0x0d5815b2ecae5225aea27735ca807748eaa81e9e6ab12c8cedbf1addeb816551,0x91d5e66951c47fbbfafe57c9ff42d45c46b6044c,0x817bfd9ca9bcd011e45b3538c062a9631b9d7390,0x0,11645662
0x2084ea805919998adab999c3a1b6f212df32a5267dffc060b3d2b0f787c5727f,0x8a8f0a24d7e58a76fc8f77bb68c7c902b91e182e,0x042b2e6c5e99d4c521bd49beed5e99651d9b0cf4,0x0,11645662
0xa0d7523098d2b78bcec8c5b950b7c1afd3f97a0d1617668ee717fde2363e7f2b,0xe32a96e9b408393e67546fe0ad6a998d8d20b3bb,0x983cfc9eaa1ed9a70a1be2b293a9cd64520b7a9d,0x0,11645662
0x78a72cf38ffe0a6ee5dcbd753b843617bc5e18532acefc794325cc5382f6a935,0xc40c42b04292fbfca374e4d70bae6ba289b9ac72,0xfb95e953d938290da9bdb42d0757868618d2c768,0x0,11645662
0x1f62755be15c04c7bc68babd3e9804f3857ca187c3a4067cbec2778af207b2d2,0x713daae39d84bd226b1971f109e2f5dde2a734f6,0xb631cd6165897240a8a5553f4522e5d42ffa5185,0x0,11645662
0xdc583d9d6f1e7a0a1db3b821dd2d2529cd9f200ccff4dbefd5e6c048e9b02c3c,0xaaddfae5912b0b5be4ede757925a4a7f1cc39ba0,0x803bc3291b79c118eb6a8431a42b9946bbc4ee36,0x38d7ea4c68000,11645662
0x25666d5d4f097d16da6545e6c1d85dc1851fd629436d584e9c35b1ba59b492d3,0x943f897bdf051c69b49e12759f46d1a65d0d4e73,0x803bc3291b79c118eb6a8431a42b9946bbc4ee36,0x38d7ea4c68000,11645662
0x43ada9ce5faa073d284a68acdfe8be5f03e7630a1e09209dc8c6ea49a74892e5,0x83fdeefddc2bb45abe2f5285e87a44f26541d426,0xca11bde05977b3631167028862be2a173976ca11,0x0,11645662
0xf787154f638072fc238ee87039509d1ce45d8f545bf409eab9008085385e30d8,0x1762a42ed4859cdce4a23438c747b8b06bc6aea7,0x2bd57c3ca216f0d38b18bcfd14595f12dfb13c35,0xf99975b357000,11645662
0x7bd4bd685373b3750b883ba2f2c296d49fb6d18ffe1e282a4b2a6e4f75e43dc3,0x339d413ccefd986b1b3647a9cfa9cbbe70a30749,0xd1654c656455e40e2905e96b6b91088ac2b362a2,0x0,11645662
0x3b108c2587dac9e46014b827435474fc8692592f529f1d432bad292fa6bfec54,0x339d413ccefd986b1b3647a9cfa9cbbe70a30749,0xd1654c656455e40e2905e96b6b91088ac2b362a2,0x0,11645662
0x09c520f256f0ca7807396c34824ede6d1b620f718aa6b046fb80a2b293ab08d4,0x339d413ccefd986b1b3647a9cfa9cbbe70a30749,0xd1654c656455e40e2905e96b6b91088ac2b362a2,0x0,11645662
0xa813de7a0fc80abe6bbe62874dae9e54670da2141ce79ea284af243c0803d851,0x2653255e8283db96f09cb4dc064c4d4543b62dd2,0x2bd57c3ca216f0d38b18bcfd14595f12dfb13c35,0xa012317b0000,11645662
0xc46451d5769e55ed1bc40725e9c141309a6be25ad3329ac95579b41d36816c54,0x654c2037760213b03bbcd98b68bab374c96d0554,0x2bd57c3ca216f0d38b18bcfd14595f12dfb13c35,0xee1df90f6d000,11645662
0x9b4c7b5ed0c8c10f4132c44c07df51a881f058a3f887831b992adc991a93d6f4,0x315e5193633a962b3f369f9c3833d973d0588ccd,0xf32e24b7f739c7c17544cb972833ab551121a72b,0x0,11645662
0xbcfe4213d4aaddc646c7661e3ed1dcb41ad43b9aa0e25268e621075ae167c5df,0x3c838dec10146e36638c3f2f3d791f583903a9ff,0x73b668d8374ddb42c9e2f46fd5b754ac215495bc,0x0,11645662
0xf8e12fc36174e0c19344b452c9d3d28acdeef7d2ccfaa0471493899e4b86776d,0xe8063d8f939ef22eb9dcaf766f33bb4ef6b3bee7,0x8ccd4ae487ef6e5426247838b80fc3b8d5f0e483,0x0,11645662
0x35dfd093c58b805d3bcb668ae24687690d1b57d075c21a51bbf32f7418174f54,0xd7e07232a8ab2a7c3c5439006b9068032cc1fe41,0x2bd57c3ca216f0d38b18bcfd14595f12dfb13c35,0x38d7ea4c68000,11645662
0xeed2447d16a49e449ca54addd539e1dd99fd950fadf4362cfb900ce54ffafab3,0x68957cde6fea1c89c0e22e6471a2844b6e296639,0xd61eabc8acdfe5062156760ae7a30caf953c76cf,0x0,11645662
0xc339cb93f82da7239a5d25b64761db404f67e32a3669b74efa9fd54aa93a8fd7,0x1219f56b5ad414ecf46f29d1af23b4ebb053bedf,0xee567fe1712faf6149d80da1e6934e354124cfe3,0x0,11645662
0x3923b3c90417f5849e2a0788339a27ae84792a1dfebe9bac3d1a2c005a6f742e,0xa7db7a45c7177dd7b1f71af8662d7f2389741a8a,0xe6b11c6010237c885b8a332920745b35ebebb3c5,0x0,11645662
0xb7282fc47c29717aba0b8d10303503b0fc9042953a75792ee165d80ee88b0aa9,0x9981c884ebfb2a0555eb5913a48b6841d010d003,0xe6b11c6010237c885b8a332920745b35ebebb3c5,0x0,11645662
0x2aa3978f7ba7ee73c9f388415ed4afa241d3005bd677e6d8286da215980172da,0xd326b4d7824637213bdc7a64a035131c8069db3b,0xe6b11c6010237c885b8a332920745b35ebebb3c5,0x0,11645662
0x79c095e8dedfd237169e7a37305bb50da28c91fdd6410248d0f43a7bf2eb109c,0x2c2ff804ed59bbe2533e0a8210d5a120414d4c93,0xa73afb610ac79a729a393d679029fcf9618854ad,0x0,11645662
0x1a777a3125bcd13d44e02e753c65bca46e9ff791f8e904781b44a708fc788afc,0x353540048db0c7725b26cab8f7706f155f2e51e8,0xe6b11c6010237c885b8a332920745b35ebebb3c5,0x0,11645662
0xec9709e2a4e53ab3ac94ce0ee381c6617abf72a5609571d33697611dc9d16b43,0xb7320a7abae91bde9db249fd09af886d8a350322,0x87a3effb84cbe1e4cab6ab430139ec41d156d55a,0x0,11645662
0xd3bdef738fbbd0c9e571475b3d0db9aaec500abf15d6766e002dd1b7253762fa,0xa948696ca3f40181f5c303b7abdeaae234179319,0xe6b11c6010237c885b8a332920745b35ebebb3c5,0x0,11645662
0x849581e10f3115b659bcbb609ac7b9ce12c5fd06056c48d91d4f30b7919b1dde,0x32b620bee309e7001d6b6012a20e64001a6ef34e,0x83458e8bf8206131fe5c05127007fa164c0948a2,0x0,11645662
0xa213f16a23e5578031399cfb6324c01b380c5176ad994e5f58993e004c355d92,0xd8738077d7285723c7e63dce28bc58222c1692f7,0xe6b11c6010237c885b8a332920745b35ebebb3c5,0x0,11645662
0xa82d7b87a0dc9973600fc360a4b85ce032878fba8208f26f96880ee62c76069a,0x0ac9e90703134cb02d817d15ce736fe990427f10,0x2bd57c3ca216f0d38b18bcfd14595f12dfb13c35,0x174876e800,11645662
0xdfcd48253ee29ba11f21256c21c5d02d7637e863d5b6fd8c64e33c29b4131c27,0x39fecda149365b88f4e02fce63c42f0dfe3c3a5d,0xa1f78bed1a79b9aec972e373e0e7f63d8cace4a8,0x0,11645662
0x1caaf80c08862a1b47397f27dd3289871a4e6ffc572f8b504af215aebd8cc6fd,0xb5f0dac0fcf26e43d184f7bece29eff1f9585a85,0xb5f0dac0fcf26e43d184f7bece29eff1f9585a85,0x0,11645662
0x50f53fed71540a2febec9b9ff987717fcab92f9522dd13456d7f3761c25e20bd,0xb13944620ae764f5dff7b731f542c960cca96b32,0x73b668d8374ddb42c9e2f46fd5b754ac215495bc,0x0,11645662
0xaf866824c984ee53866b0bb0fcf7c5ce3eacdc24416d72c3254514ecdc39402c,0x7c442619ef057465fefda07a12970bae1e282229,0x87a3effb84cbe1e4cab6ab430139ec41d156d55a,0x11c37937e08000,11645662
0x76e39dda50bd2d82b90e3f4c6a94df66e8cd47331f7092dc5c92f91884989fce,0x525e5c12f6e347c3ef06a2706fbf2a51859e480e,0x87a3effb84cbe1e4cab6ab430139ec41d156d55a,0x0,11645662
0x55df7fdefc3dcbea1e3edac0b3c809389ce81c0785b16635522965c940288f71,0xd49d2ad0e7477c9fca719ca3013ace0ddec0d9ea,0xea30c4b8b44078bbf8a6ef5b9f1ec1626c7848d9,0x0,11645662
0x670d2c2eb75818a7b8e8e040b89b96cabad78880f7c89df1b24188b7a5ee63ee,0x07038d17811342ee1e857c59377d44a19c0d4758,0x87a3effb84cbe1e4cab6ab430139ec41d156d55a,0x11c37937e08000,11645662
0xf089681edf5827e14d1d3a46a623ad1f8b273446b92d5e72de93ea107c1d7922,0x073bc99f75798c8a81d51f248faaff922deabdc5,0x87a3effb84cbe1e4cab6ab430139ec41d156d55a,0x11c37937e08000,11645662
0x73c3651214bcad5daf27094519286180064874cb4222efeee078af0f9086e5b0,0x6d61c178a34c9fd96b732f7c841dd0865581cc56,0x87a3effb84cbe1e4cab6ab430139ec41d156d55a,0x0,11645662
0xc0e056ebaf3fd3eefa14cccfd9317abdb815cac312368d90d86e32209ced7c0a,0xe78e9838b7788da1914baf926a8ac031fb61cb01,0x87a3effb84cbe1e4cab6ab430139ec41d156d55a,0x11c37937e08000,11645662
0x0e426bb97f245a885ca287d96c038ba816b412fc49f1bf37c71f5671502fe3bb,0x63791870fad27fede4e8c07a249d26971e533599,0xeef0bf46132044f7f50b9bf8e766455529ce9921,0x0,11645662
0x9bb162ddd40c95326cc9e5c5a720866be9d7038ac9481ed26150bf588d62ac36,0xcf983ade6d2f55b68e2185732c3a40f02e1251a0,0x87a3effb84cbe1e4cab6ab430139ec41d156d55a,0x11c37937e08000,11645662
0x1769092ec2afe6023b05f3e36ee22df01616c7cb234d87484dfd6dee7026e568,0xc4e8d3e0d4e52572a3cfd2573578651a5b0d44d4,0x87a3effb84cbe1e4cab6ab430139ec41d156d55a,0x11c37937e08000,11645662
0x2f23bd6f2b4f22985cefecaa2a79ec01b4fd430082b526c6faa0f60ec447d9f6,0xbdc4ad99242b825f7484ef67eb8b822844616fe2,0x87a3effb84cbe1e4cab6ab430139ec41d156d55a,0x0,11645662
0xf60de8defe55e6a6dbe99c2a4861bc44a73be170abd368571348e0cb23cc6a4c,0xddec602e43e428552f157e3e17f185811bc44631,0xa83d98bcbf103faa6311e110314cfa68e4752adc,0x0,11645662
0xae3497d24d54fa9626dbe965d5b9daf2f4aa1b2d3dbe7d54edf94c163cb9eec0,0xabc09c68bcffb16311180891682780f58cbf7530,0x87a3effb84cbe1e4cab6ab430139ec41d156d55a,0x11c37937e08000,11645662
0xd2b8ece0f6365437fdf311409da104bb0c19ad8f518c3f259f92ff00c20108bf,0x965ae0818440f00c64b992d470e8967d20e298f9,0x87a3effb84cbe1e4cab6ab430139ec41d156d55a,0x0,11645662
0xa955202620f3265407cbe7282309fccd1f1c8b93543904108d21dc7cb26d989c,0xd265ddac128989159a16ed3545af4f821feff815,0x87a3effb84cbe1e4cab6ab430139ec41d156d55a,0x0,11645662
0xaf3938e45f6b01c26abed292474e1423cda3e4cebf051f1484bc09c1bbde0a84,0xdc2133e78a34ecd7a8f97e8f2bdfd315bb586568,0x87a3effb84cbe1e4cab6ab430139ec41d156d55a,0x0,11645662
0x303e6744f5b5ded84893ccc83fe631d85818bd856804102deec67cbe83ae7785,0xb6d1bd89c19192606ed95169b05c4c5c81ff8d56,0x87a3effb84cbe1e4cab6ab430139ec41d156d55a,0x11c37937e08000,11645662
0xa0b594a669cb311bec998262c0575107665f15f0750728cb83cc8caa4f07b3e0,0x3eb7de9cf877602a0151858d870d16703726068e,0x87a3effb84cbe1e4cab6ab430139ec41d156d55a,0x0,11645662
0x4cfe3771fea261808fa827be0192525b8a9c51256a4c2706b6e655eba723c362,0x0ae7d848b05831ab7e0442b99e56f687c9d705de,0x87a3effb84cbe1e4cab6ab430139ec41d156d55a,0x11c37937e08000,11645662
0x68205b505a0fddafdff21a9add8eb8fe86927374c5790097108978790822e888,0x2fa002eb1812920ee14b05581965114d957c1136,0x87a3effb84cbe1e4cab6ab430139ec41d156d55a,0x0,11645662
0xc91fcde514f4886d668e811f6ec86d309075aa66edae64a5a4a25677a9383a20,0xccf30e110a751933c14192d36b1402e16022ef99,0xa1f78bed1a79b9aec972e373e0e7f63d8cace4a8,0x886c98b76000,11645662
0x989775a12355a40a0477ccc56d13e97b805da84e879905d20285f0d94853c894,0x189370cde3976176ec454aebb4d0b11e814d4af7,0x87a3effb84cbe1e4cab6ab430139ec41d156d55a,0x0,11645662
0xe768306237490e110d1641344ed8121aa825fba537bd991d6dbe6e855fc5ba64,0x4914bf09cfb77279082dea4077c21167973cfba3,0x87a3effb84cbe1e4cab6ab430139ec41d156d55a,0x11c37937e08000,11645662
0xac903bcb1e350fec4e70a82b47726eb363d721c94e4287cccb622e28e34a8899,0x2745fe9c708ebbe5b2a64ccf5b7392f8671c246e,0x87a3effb84cbe1e4cab6ab430139ec41d156d55a,0x11c37937e08000,11645662
0x63d692eb3fa191274c810e5d3edd06de31e87f89415a83e6fb760099c6b1291c,0xe3ac48ea2cdeb21594bd0ab483dd28a450a1ff4e,0x87a3effb84cbe1e4cab6ab430139ec41d156d55a,0x11c37937e08000,11645662
0xbd39f087824adc9a090419acd11f8f227f8772eebe15738e6fdceb85e643232f,0x7595012257c9dcc73f42dd3c31036fdc1244a82f,0x87a3effb84cbe1e4cab6ab430139ec41d156d55a,0x0,11645662
0x875b0c0e5acef3e3a32d564cb80291dc0e67b5c112d2a7988cac610693c293ab,0x8b47a4e5c8b461081aec6fe6d8bfd8d4a2c72768,0x87a3effb84cbe1e4cab6ab430139ec41d156d55a,0x11c37937e08000,11645662
0x5cac3a09adcdfade3604efada91d3f933043e12cfb543a0f0b77d0774b7e8b5f,0x7a296101bdd0e695abdd5510d7e7d95128f8cc68,0x87a3effb84cbe1e4cab6ab430139ec41d156d55a,0x11c37937e08000,11645662
0xaee234b9ebd60921dcaa48748c4de93af975b2aed0f06256038659a26a4c3d71,0xccf2b0fdc1642e2876a4050327ad0b431d4e9b69,0x73b668d8374ddb42c9e2f46fd5b754ac215495bc,0x0,11645662
0x42b81fd042dcb3aa62c757e2c73c76b99e6835d0a53f3e60bcdeda5e4d5c8420,0xa333ccaccd1b12f9059a9077b7f22df4f9074f2e,0x87a3effb84cbe1e4cab6ab430139ec41d156d55a,0x11c37937e08000,11645662
0xcfd81e89736b624b47bbfa7634d35c273d7ba2945ce6912d48a70cfcffdbbebf,0x3c838dec10146e36638c3f2f3d791f583903a9ff,0x73b668d8374ddb42c9e2f46fd5b754ac215495bc,0x0,11645662
0x8ef5938d51a6c14343f4646c09a270e184cb54483a3f191667abc159d3321a5e,0xf4c5fdf13e2207ad21d375bb6b3d6272fa85e4b9,0x87a3effb84cbe1e4cab6ab430139ec41d156d55a,0x11c37937e08000,11645662
0x9e035d95d96b42092c2c926de6cce870a2e4b62d431f8fd547c2e7d0a6fc186a,0x8c9c337020ef784767ea39e7d456b44218b2b228,0xea30c4b8b44078bbf8a6ef5b9f1ec1626c7848d9,0x0,11645662
0x8eeb0b5fdaba2d08e12388cb1b630ba0b02c65bad95f34704e276b4164547137,0x067a76a7c517f2087c662b879b3c1e64d1fc8436,0x87a3effb84cbe1e4cab6ab430139ec41d156d55a,0x0,11645662
0x69aef379e6a7504319f0a25c6a79844b06cfc7eb480d32995a8b97ffb8ef10ce,0x19e0d961b5a4114eb5f67632373d2be9fa174b3e,0x87a3effb84cbe1e4cab6ab430139ec41d156d55a,0x0,11645662
0x5a64557f694a61420ca942d0f49b9d68f6282504ac523f0fb532cf1b9ee86ee4,0x9ea1f651f5739d2646db0e0d9ec317d633c0ca98,0xea30c4b8b44078bbf8a6ef5b9f1ec1626c7848d9,0x0,11645662
0x184d9e8da28a1b8a0c3d36fe4ab734c5af8853037caedeecd201ec475d8b0070,0xb2248390842d3c4acf1d8a893954afc0eac586e5,0x6c97864ce4bef387de0b3310a44230f7e3f1be0d,0x0,11645662
0x7c5b4047fdf1ae1fb69ea625d10f0c0fc60365296993dc0892777673d3339ec2,0xea2893eefe2bd0eb5983f2cc655ccb6669483877,0x73b668d8374ddb42c9e2f46fd5b754ac215495bc,0x0,11645662
0x7f433d58eb622470d293d22c1abcf7cd84d48dcfa22f369ff89e39306fdacfc4,0x514e085cfdfc8fefd8cfd011daf5f8c5e5e27d58,0x73b668d8374ddb42c9e2f46fd5b754ac215495bc,0x0,11645662
0x93eb17a5a4d4280d9d4afb78930e4a621a93ac8e6f44afd27a681045b3ac226a,0x6cc9397c3b38739dacbfaa68ead5f5d77ba5f455,0x56ca8498857a7b645d543dce2c6f2dc2bb39a18d,0x22b1c8c1227a0000,11645663
0xe8b6faaf1512b5c646affddcb0fb023b6cd2d89a97c0b32f002bf6c9b0f001e6,0xa4570b450feab35b6c4b362dbe0e522f64e362c3,0x00289c189bee4e70334629f04cd5ed602b6600eb,0x0,11645663
0xca7699e08517f001460508bd3017244cae893d4aa582ef41f7dfc3d3c0321538,0xd77db750b317d2ed02d8dcb6280fc2833a71e462,0x5543ca71ed8c88daf217488b1808994e080d925b,0x0,11645663
0xf51a47c8c998b57c973aef620ab061be89c26ef850e7a65a5c270d67607b5a2c,0x2d6aa7e4859b8f4bdaebbc650bde4e6b7c7840d3,0x803bc3291b79c118eb6a8431a42b9946bbc4ee36,0x470de4df820000,11645663
0x970f7e5358040e38aa39cb9cba833b2dbd383bd2645fc2325969ed2ed77b4248,0x6bd62fd98dc7bdb0dd357c010cd656cf37399e06,0xdb9b1e94b5b69df7e401ddbede43491141047db3,0x0,11645663
0x79c70df0f8d809020fe051c58868823ca513ef432a75922a160990d69f2685e5,0xd803253e7c9d60cee0c81bf5a43bdf12c462917f,0x93083f60f1877a6ba974d5ed88bb74943deb8390,0x0,11645663
0x56f534c0a82a24c76b2faa374f1e40a250595a50fa150d8d7a85bb0e1e5079ea,0xaf23088b8284ecc0739855fd8ef3e83116c56666,0x2e4a42ba54c8991c1408f79440ce7db90dc806f4,0x2386f26fc10000,11645663
0x4b11ba063cecee4c0e3c4fbc139098a3cd5f13cda2dd78dd10a4f1fc290a7467,0x248fff2dded1734e797833ca6c5958bb1adee1a2,0x62ee6aaf2afac4f0a3213e9f929fc054f6c6befa,0x0,11645663
0x749e37cdf91444033a9d70605f42d69bbc6d809d4dd2dc533b0c3637e7496ea4,0xd6b246c1719e0aff290f2237e1e63e35aac93720,0x803bc3291b79c118eb6a8431a42b9946bbc4ee36,0x470de4df820000,11645663
0x16638488e65e93ec0936ca8dcac105799be2fc2eb49eb5a6f751b43a71934d76,0x54846a638d883ecb2d4874f3265251e9cc744690,0xdb9b1e94b5b69df7e401ddbede43491141047db3,0x0,11645663
0x4486cca8e98acba9aff145e85c3c3de4a91dbd61a20f339bd1108ce127b6e0a7,0x47e5902a48c5fbaba166b118cd159f2f5a84707b,0xfa6419a3d3503a016df3a59f690734862ca2a78d,0x0,11645663
0xe1f058850288be9a5fc69c2993ea59294796d09cf78745bc519edb96593abcb7,0xe6ad325573eb0b6f8edc7ee5c54d3d6179bbf687,0xf4f194dc199d79305ef03c796a1a449dfa57e951,0x0,11645663
0x9ad6898e45ea473eebdc453e4ff7db1ceca5c1b057a86f06c9c3cb8632563976,0x600ac89841d3ab2c777c48a5aee8283ecd28d378,0x9b5cd13b8efbb58dc25a05cf411d8056058adfff,0x0,11645663
0x42b547d5673bc75eadeef0548b0f0ce12d24916f575e3caac1c0388df4ac7e01,0x97c6cab302f76e7b39eacac6cf91213fb66c24c0,0x10c15c29fb208047df6247514c0416c217e6f6e2,0x0,11645663
0xd4b53f6810806b7c450aa2de6df6c1f22b635a421d814c2e7668e744577a4e95,0xba7af4ff71f138f7f55dca2edf78fddd6cf2a066,0x99bb09726b22bdefdf1cfa87074c0fa8ed49edf8,0x0,11645663
0xde2444aac10bfbe1e0fd30445ee062f1e332bf98872eccdf6c7afc9a8b365333,0x03eeb73365beededb0b643ffe67d11309b1c08d5,0x98e8a7e81450ecd00aedd2d6ab5cf66a4c38481e,0x11c37937e08000,11645663
0x7f33662c1d75983e643012d8c64606a4f260a8c2b662ed2b86cda3cd70cc9066,0x7c46a2b182938960133d702c37452d9900770dc0,0x60e8f2b6f4ae6cb53b034ca892e520b32ec129cf,0x12309ce54000,11645663
0xeb3641a764c9ec0be292922b76b36d4e1bde04263b4910c3f8581805d37e6016,0x57d4606a7f93bbccbb9dfef0db4c5090b742fc59,0x87a3effb84cbe1e4cab6ab430139ec41d156d55a,0x0,11645663
0x5413b836b49f28c98351a7d1fd17056951b61172a9873e8450f24fa765c508f2,0x37b7de0cac75f28281fc19aa037f0af6a9712223,0x004ada819d8bbf3653ba236d3832e517fdc3878e,0x0,11645663
0x0fb8ffda666066f75f73eb47d3646cc11db4b377e18683d435de4f8bb6ecc56d,0x941604790863b692f6f79474c5264d0fbdef89fc,0x00e71cbcf7e567977524993751ebdd088dc39ab7,0x0,11645663
0x576e00e549bc2943cd0fdfae3fc292b407f2078dc91b4cc871ac1120e0cf2223,0xa6958804af8e7631cfb7d995b5d70dce23cd3f09,0x60e8f2b6f4ae6cb53b034ca892e520b32ec129cf,0x0,11645663
0x822da3a97f6ac4117fb6ac0c1e1438ff94699ea43a832165fae4ea41a31e7ecb,0xe09057a0fff335fa802def5e358da734668d6bd2,0x390e24e8324e56f13a8d48eb938b6f9de24cd205,0x0,11645663
0x48bbe36fb78024e03e223170a62497ed1b39b2f0abb821def4c894a624ab9c5d,0x8ef0887b59156a0a8926fa39bae833098890ce82,0x8395d7d447d7d7e88264ce76b871ac1750e24348,0x0,11645663
0x57f989970cbe2a339f1540a7c370f3580881725ae1b201b05f4d496ba03df964,0xfed52570dd90731d8456a3997c2a7655da8e622e,0x87a3effb84cbe1e4cab6ab430139ec41d156d55a,0x11c37937e08000,11645663
0xdbb140570bc26a047233c50c31519056cf3ca0713d4db12db174a69604fc48fa,0x0abc565535190af4ae41da663f14546765da44e6,0x87a3effb84cbe1e4cab6ab430139ec41d156d55a,0x11c37937e08000,11645663
0x56c23b127b2c94bd1c13539d30345a3b1ac793e64436ea335c7bb7edfae6f293,0x232e274676e865e341b02348a2173e8856891b0a,0x394b67129cabf0de80e9719189808f7c8c13c68c,0x11c37937e08000,11645663
0x427f5894d4c8159852ff71f2b499ba0694e29acb7489366de6e34063f0a66c1e,0xc9eb57e80ba07c9730604433b8cb8adb78ee441b,0x60e8f2b6f4ae6cb53b034ca892e520b32ec129cf,0x0,11645663
0x2ec533ceb8e1a8073b85cd8bd84b24996580515d52b241025769211c9c499715,0x19e8e5ba2d493c862637bb161e058dcb7c89416b,0x87a3effb84cbe1e4cab6ab430139ec41d156d55a,0x0,11645663
0x3d4bbff08c4700db0d68eb483844fc5bc50dd7937b52efc5708402612e56caf8,0x3713791579c941534ad5a1e525957d04f25c85af,0xf430240a61e0a5bd7a3637d616e0dab5632fbe89,0x0,11645663
0xb28282c584617ea3c8974d79ff3c3de60ea87d2e75aa29ec097de76157ed02b1,0x25fa19d784bfc8374638418c73af462fe9889217,0x60e8f2b6f4ae6cb53b034ca892e520b32ec129cf,0x12309ce54000,11645663
0x74b594d0bb96a515ca224eb7c0d2d04bd9dfbc5f9fc1cb9f6878499ee785241f,0xcf2bbbc28b83afd8df5fac1a53a645c41dead7b5,0x87a3effb84cbe1e4cab6ab430139ec41d156d55a,0x0,11645663
0xfe69ff44d3d96741a8d08e47f1d6c4f103cf97c15a25f420a33bdd3b6069512e,0xb7f42d435120fd569a05231d0154e9bf90401976,0x87a3effb84cbe1e4cab6ab430139ec41d156d55a,0x1001d1bf800,11645663
0xe76e8c0f23a885852917c4c1b0179bb9d389456bc36644813f0f4f7e6e445201,0xa7e3f3c24415e2c42e5810ad4509461545e05b7b,0x87a3effb84cbe1e4cab6ab430139ec41d156d55a,0x0,11645663
0xb36da5033e6aed63c6a0e8fb7b060571baf5ecd1c4c19db0c04f25da50decf9f,0x03eeb73365beededb0b643ffe67d11309b1c08d5,0xe30a3560a21bc7fc47cb40615a8fb434d2337c13,0x11c37937e08000,11645663
0x65691a3a695ea53aa3bf16c8283b514d35c5f23cdebf402727ca41eec277ea79,0x014df4420cfb922da3d19d4f5fce8f8622abbf44,0x87a3effb84cbe1e4cab6ab430139ec41d156d55a,0x11c37937e08000,11645663
0x47739338801e390852f05073dd9346cd6043d3967e55aa2e6e6c8723dc6126b5,0xaf23088b8284ecc0739855fd8ef3e83116c56666,0xc65cefa4e64e86259532156071c9fac4d1172435,0x2386f26fc10000,11645663
0xeb773714f63317feb39b6f95b74e56f24fbb3c3be3d8e21148b71e20f0cd5cf7,0x232e274676e865e341b02348a2173e8856891b0a,0x2cae92c6c1399bdcd7ccf30c0a0e72558984efd9,0x11c37937e08000,11645663
0x670b9a27d9be13944e8ec2bfe96a19a6e029fc210d1349c79d29971b8a740109,0x1dbad8d6cd2e3c19ea6a70255c134e0c7943d8e9,0x60e8f2b6f4ae6cb53b034ca892e520b32ec129cf,0x0,11645663
0x3ac33a0e2a16f8275e4a52072622e8dfbe38b1efd5e4d62d446b1b4f7c77a71b,0x08ee956195a68a6088f704137dcc371091380c30,0x87a3effb84cbe1e4cab6ab430139ec41d156d55a,0x0,11645663
0xe94041d017eef5f629acab9b9942dcd59a073e47ae60d4b1ee77d1846fbdac09,0x216e9b3a5428543c31e659eb8fea3b4bf770bdfd,0xa3e36262f6899e27bb4b1802e8298e843e74cbc7,0x0,11645663
0x640052c1363122b16a38e37c80bb30781b4242dbd7575c6013d0f51e5f00f96b,0x578521e658a20483a6b1daa6a163c05fb45e20be,0x0c88262f03b183dd183c2fc7a78578dbce1e664c,0x83e0717e1000,11645663
0x13ae36bac9f733b2280aa2f417b33dd721fef4cd8d9fa3a78284c964ba2dd7b6,0x6a830c36e863e260d408a86083d2276b0902118b,0x290df9be25eafcc26d6c5e6c2ea8034113ccfee0,0x0,11645663
0xf7485f5c20faec41d593348fd93d9cf7e92005a0c6c20dbfe97640d9abd6f298,0x2c9914b0d1a9dee10871d08fa06d0a4c503fe468,0x0c88262f03b183dd183c2fc7a78578dbce1e664c,0xed6f5993a1000,11645663
0x7c8a6e0ebf7f291755f40f1940e4250993a91ce8908fcb07893cf9abe3a01d51,0xbfcbd2bd02a00df67aae231821377926cbd4c1e3,0x0c88262f03b183dd183c2fc7a78578dbce1e664c,0xaccdd281e000,11645663
0xcda0f36e2f20c28d7182860a2a733ec10fe850a70c3a7600a5ef3c40f84d0854,0x7664d827db8d4cfcb22236151e519778df1bc889,0x05b78daf98024a3b896fd8558efdca6dadc076c4,0x0,11645663
0xa10d34d2dcd0607d41c71e2e535c082ad320db07c0c4421b223fbcb27ea555f8,0xe1fac6e457ef21f5eddad1f986c767dd488275fc,0xca11bde05977b3631167028862be2a173976ca11,0x0,11645663
0x0eb4faaee0787722d97ffd99be1da1ec4aa33053268775e3834f4d69949767a3,0xaf026e42f5f8a0dde581bc214091219b8f4a5e6b,0x5ff137d4b0fdcd49dca30c7cf57e578a026d2789,0x0,11645663
0x7a7a0f4a626f11cae82287cfac2f61dff22072d86500af5390a3521e531282c3,0xe4c9b43a08c054ef2b0a319aed3d7d4cf879ef49,0x5ff137d4b0fdcd49dca30c7cf57e578a026d2789,0x0,11645663
0xf84d7b337ede2901d18ae831800d0266e3e3c6cf912affcf5306aaf697581058,0x7c4db55dbc569915e821433aa3d0fad1649f009c,0x7e8b0dd71be6c1216fd7334e7e5eae8aa2e7276b,0x0,11645663
0x6edb203439f18d1aa7d258c3d4d1076513040cf85ea3ff89293b7aa069ffd854,0x538d2cc17e5b2ace05777318b0314c8ab7f57de8,0x8cf7c7afa3457343cd8c3950498a0eec6dd0e2fd,0x0,11645663
0x9f412206274b0d7428503b8712acd412ba124230783eee416e7b616266504020,0x63791870fad27fede4e8c07a249d26971e533599,0x34114c6dee8c0660555d01d013b454f0a1dc4c82,0x0,11645663
0x00249a11364fd3da6ebdb066d48dfc2a0b2dcbd802cbbf2cdfda099e21b602ab,0x43370460d26b10de805d4cdfe4d331adb7219ffe,0x5ff137d4b0fdcd49dca30c7cf57e578a026d2789,0x0,11645663
0x762889d70c46ce6fc193e0554d3fee19d1c7979cb225642fe63f6862820e4083,0x43370398500dae4ba10669646a1fd1577407f637,0x5ff137d4b0fdcd49dca30c7cf57e578a026d2789,0x0,11645663
0xdc9bbc132e61255eab59dbe63af304fbebd017ad2d525d1b0f8c7da6883e9c28,0x35b8ca0ebe85cc9a91650982e5749245f05667d6,0x2bd57c3ca216f0d38b18bcfd14595f12dfb13c35,0x63a581e4a9000,11645663
0x91d7b53466331aab7398e15a7d6ee0d9607e9064a0cf7f1f1d77e50f20fd9058,0x9a43d797bfc66cf66b8bac7314f3a9535514c340,0x87a3effb84cbe1e4cab6ab430139ec41d156d55a,0x11c37937e08000,11645663
0x6286e9b100bdfffb4b490a52752c37d18445ffda7392a1e9a435896ad1c67045,0x4184b72ffaf5ee3a449dea98dfc4921cb53a7a84,0xea30c4b8b44078bbf8a6ef5b9f1ec1626c7848d9,0x0,11645663
0x626bfb3d8710760ec88548ac84f782c9cd2773db95b78d06a7e150ffdd2848d0,0x47cdbc36bdd460a0935214a0f1b0a98f032b6fc8,0x87a3effb84cbe1e4cab6ab430139ec41d156d55a,0x0,11645663
0x5e2ce931472034a0cc534abe9ffba545313385e301359c1bff3800420fcb41be,0xee1b1620fd6f1077ee5874c151b79b0d475eed1e,0x87a3effb84cbe1e4cab6ab430139ec41d156d55a,0x0,11645663
0x8b9ecb2b983006630ff356a351e6144550c8fab7e4a182977dbbc3c2730289cd,0xf255d863bafb5694846688292f1ed481fadf2ba6,0x73b668d8374ddb42c9e2f46fd5b754ac215495bc,0x0,11645663
0x69f85321544d13fc08e6ff24a1a7ec43bf6080e87940aaf7d7e27a39eef35de9,0xc9d75be112ecfeaed4a99e675989c396853d9ee9,0x73b668d8374ddb42c9e2f46fd5b754ac215495bc,0x0,11645663
0xc45152e8cce171df63fde32e9d9c49faded9751588ee6161d1e8e129c6078932,0xf24f7462b6a789010b878bbd07f31d431d178f87,0x87a3effb84cbe1e4cab6ab430139ec41d156d55a,0x11c37937e08000,11645663
0xfa0ef2daf0665343e53471723f4b639012abf1e0c5f126a4bd33445874d890a3,0xc02d72087b5702b7a27d4110629b10f36b0723bd,0x87a3effb84cbe1e4cab6ab430139ec41d156d55a,0x0,11645663
0xebc3d71f18b4d406070a7fe024a98a09813a399376d7efb7b0d737ab6f1ea436,0x3e9e524565f9b5faf164a514f1c86c9450b156f7,0x87a3effb84cbe1e4cab6ab430139ec41d156d55a,0x11c37937e08000,11645663
0x6e8f782e2d0bb207eb70de8c3ce21b43b4a06c17cb374976c9ca79562a966d2f,0xca8f3aeffd4c184aed9cd44f0e1ea2ee5345da6b,0x87a3effb84cbe1e4cab6ab430139ec41d156d55a,0x0,11645663
0x2c1dace190126ac9cfa10c88986d038b4ff9443e71e008c9e331b7fd29c458e2,0x46317c1b4168a94c8e3cf1c9f2b7ff55d4e65791,0x73b668d8374ddb42c9e2f46fd5b754ac215495bc,0x0,11645663
0xb5be29393aba2b42aa674eada55cce4d35a64a98e39b7371c508b86c55b07a32,0x7a923674037a66299c35e38f1f8ccc6ab7cd6953,0x87a3effb84cbe1e4cab6ab430139ec41d156d55a,0x0,11645663
0xbf8f1bb4fb185881a2d9c569d4e607e30d805a5bf29c4f2fdc11d8b689660e81,0x52041fad2f969870005dece0e1e91e09242dcfa4,0xea30c4b8b44078bbf8a6ef5b9f1ec1626c7848d9,0x0,11645663
0x2d5969b80826f8e99ec6ae91507f36da0da686a0f75783bf0ee256d1d8863644,0x54c54a2359abb8438143ae8b3c5ddd5c18efa995,0x87a3effb84cbe1e4cab6ab430139ec41d156d55a,0x0,11645663
0x073948870240e26c68ebeaab3e969a52d70f7ca76f740f4c9611fbab0a5324ce,0xe99e8592259493bf23f5e99b7d0e434d68eef77e,0x73b668d8374ddb42c9e2f46fd5b754ac215495bc,0x0,11645663
0x14beeb70b0c788357b411e8a430e64995ec4a600a7ee6915500f2c0235bf3668,0xd0f62816a03eac92026f25285dc043471c4a7e06,0x73b668d8374ddb42c9e2f46fd5b754ac215495bc,0x0,11645663
0x9c4f47b64ae431e93f99f24a050e420d859a9e19603a3461bd308a2de16bb0d1,0x930e55af89a6cf0443363bc1e369cb9727acba83,0x87a3effb84cbe1e4cab6ab430139ec41d156d55a,0x0,11645663
0xe816b9395855796c8802bbd2ccf912f14ddf7bef8dbfb5b0bd002d7a0a8e7c2d,0x00b4051e9776cef3c140627241fdbc98d97792d2,0xea30c4b8b44078bbf8a6ef5b9f1ec1626c7848d9,0x0,11645663
0x91112577c6cc511c81c74738748e3600bc3d0c3d5d7d4d4f7488b707c0d7dc71,0x6f1cdf54de1ea128dfd68bab0f05ccebba8f5af1,0x87a3effb84cbe1e4cab6ab430139ec41d156d55a,0x11c37937e08000,11645663
0xcdf0d8b32a830e5e71d46140194ef4cdd865d682506091777dcab2012187ef45,0x5eaf800465edd258bfa3432b98d35845a4c31bd9,0x87a3effb84cbe1e4cab6ab430139ec41d156d55a,0x0,11645663
0x49419cc1153ab97e804fec5c935134fdc6ff1130ffcfe9a938e06a0ef85176fb,0x22cf0cc54077d0adeb1802ce36305dd561766fac,0x87a3effb84cbe1e4cab6ab430139ec41d156d55a,0x0,11645663
0x858db79c95cfdcac91ef8e6ec76210b70e0589e99531be2ee22794f5c3df0a1a,0x790bcb43358e01142fdaf6f097976d216676add7,0x7438ea86a89b7d53af5264fb3abae1172b046663,0x0,11645663
0xac764e0d0e903cf40ed05838f83f601219dd0cc3aba07abc8979889c43827047,0x2f8e1176ae8ce0538fbdcf4efd788664908b0125,0x2bd57c3ca216f0d38b18bcfd14595f12dfb13c35,0x4fba28,11645663
0x160ced504fe33618cd6eee00544de8e738207d0b6381fbbd513c0f97cab96ba3,0x6663674ac201faaf5435d7a9a49592941549975c,0x87a3effb84cbe1e4cab6ab430139ec41d156d55a,0x0,11645663
0xfdb786e0730fa9d09a386843f5bf46f5252d0ad03dfd33fdb570ef5fb1284bae,0x0d5c090bbb966f26dd574644eba01a3cc8682c5b,0x87a3effb84cbe1e4cab6ab430139ec41d156d55a,0x0,11645663
0xdfb89dae5d39e4cea1c107d2bb9f3e9098266668b4b6184dadf9bac492ac29ed,0xa4611302a790d96444abde9f225d7fb28a7889c3,0xaf93c5b321757ca9f37992525c4889bceef76726,0x0,11645663
0xb89e078f2ede2525d5dff78ed50b3d599985503e080cc77267c914a891814e81,0x08f50f9fba7fe86de37b5ce26ddbfe2a5329b2a9,0x87a3effb84cbe1e4cab6ab430139ec41d156d55a,0x11c37937e08000,11645663
0xdfaa009d09d5d08c5ee2072ba020b8878b53182eb62a9cdc4be62d61ffb96b46,0x48956477e59e1050cdd0ca6de73f11ceba0aa8cb,0xa1f78bed1a79b9aec972e373e0e7f63d8cace4a8,0x9184e72a000,11645663
0x4520426a2ec82417f9876028f029d6ce4a8f6b7214cfc80445a91a149f9afa00,0x2af11f693f94c85b1e4572fbc97a32b84c963780,0x87a3effb84cbe1e4cab6ab430139ec41d156d55a,0x11c37937e08000,11645663
0xd5cce2748a7f6e5fe9b1be3d95fd572401ed982bc92d976cb4c9d9ae430b733f,0x7609079082fcf197695e45f294104ec9a0745456,0x73b668d8374ddb42c9e2f46fd5b754ac215495bc,0x0,11645663
0xabf43b92d29ef846b6ab13d89afc7976eff663977f45ab8f0609b1627d8c7980,0x0ac9e90703134cb02d817d15ce736fe990427f10,0x2bd57c3ca216f0d38b18bcfd14595f12dfb13c35,0x174876e800,11645663
0x2e2da454bfdb4149c7c7e4eb32fe59e6e31715f0e07d13e9b1e2ccc4b021bd10,0xe9af5b7e1a60a55033593ed0961202c001fc46a1,0xaf93c5b321757ca9f37992525c4889bceef76726,0x0,11645663
0x1c443fe2a516d906500d3ae1fa0959be0e3ea223d0263fb9e036ff718f4e5478,0x4dcd04039b557a767411e55add557f5a3d7ee277,0xa1f78bed1a79b9aec972e373e0e7f63d8cace4a8,0x107c0e2fc2000,11645663
0xfb313888f55ea7051dbdab858764d33cef627ca9bce88eee945e4cb2d6ba84d9,0x6e726aaec2e2e9d062908a250c01a8d8f3d3bd12,0xa83d98bcbf103faa6311e110314cfa68e4752adc,0x0,11645663
0xc1211f7358ac46ff55f8abe4e1a72b3d31b2681eb92a65b2e692870f1c0978dd,0x38f11b2cbfe0ca225dfd6cf3dcbed4e3be05b018,0xa1f78bed1a79b9aec972e373e0e7f63d8cace4a8,0x886c98b76000,11645663
0x4faa3144c5a00ca8dfa0c8694bc1b4a5d95484e4170d41b5d9b30fdf3338e6b5,0x46fc07178ac6f02f41a706344fb7712f397cae48,0x73b668d8374ddb42c9e2f46fd5b754ac215495bc,0x0,11645663
0xa6c0c8d4a5ced47340da6d996c18446fc46a561aea41694fc8dc199d4e5250f5,0x19e0d961b5a4114eb5f67632373d2be9fa174b3e,0x87a3effb84cbe1e4cab6ab430139ec41d156d55a,0x0,11645663
0x53d9d57369915008de8ce573723b4434b43491916fb75f40dcdf568e50a704ea,0x4914bf09cfb77279082dea4077c21167973cfba3,0xea30c4b8b44078bbf8a6ef5b9f1ec1626c7848d9,0x0,11645663
0xe9238defc73979096bf8b87eed15fea3ea0b9508fd4baf30f1656e05e21d90e7,0x39fecda149365b88f4e02fce63c42f0dfe3c3a5d,0xa1f78bed1a79b9aec972e373e0e7f63d8cace4a8,0x8e1bc9bf04000,11645663
0xb28f1e91cf298d3f067cce58366e663092b2604ffb5843ddb47f5f17a3628c62,0x8b47a4e5c8b461081aec6fe6d8bfd8d4a2c72768,0xea30c4b8b44078bbf8a6ef5b9f1ec1626c7848d9,0x0,11645663
0xc31214192542742ffd8a2f6dee4a282c1844233f484522e90b7709d14fd3cf87,0x2ae92a7e8694cdde097d388de3976a19610f6cb8,0x87a3effb84cbe1e4cab6ab430139ec41d156d55a,0x11c37937e08000,11645663
0x6708470248d1b6b7d5db29966b1d629555ec69828d4852cc5161ff1b656b9c20,0x7109db45e2d3459c654800c0bfe88f81055da2af,0x87a3effb84cbe1e4cab6ab430139ec41d156d55a,0x0,11645663
0x90e50c88ea9f26e9cf5fe3d93d31ffbb1e53435230020e311ec3f2871bfa21c5,0xe3ac48ea2cdeb21594bd0ab483dd28a450a1ff4e,0xea30c4b8b44078bbf8a6ef5b9f1ec1626c7848d9,0x0,11645663
0xa344885dea01156afcece14581b6961f210002568639a8a4c7147c5b0673dce7,0xb6d1bd89c19192606ed95169b05c4c5c81ff8d56,0xea30c4b8b44078bbf8a6ef5b9f1ec1626c7848d9,0x0,11645663
0x2824e1803f36285c2ddb4445a5fd957dce77a739cbf7e5851ba867eed62e6546,0xe78e9838b7788da1914baf926a8ac031fb61cb01,0x87a3effb84cbe1e4cab6ab430139ec41d156d55a,0x0,11645663
0xf052d00be019f3f7a612f54a6d639b1acfb20bb4fb51c5fa6ca02e95ba68a282,0xf4c5fdf13e2207ad21d375bb6b3d6272fa85e4b9,0xea30c4b8b44078bbf8a6ef5b9f1ec1626c7848d9,0x0,11645663
0x3e97db70077f08629caf653e16f863a1799b9de87828193ecbaabcf6f0f508a1,0xa0bcc64d1382473affeaf1fd0acb283be3c637e6,0x557abbdf9180fe864e38dd88e0af8cb454556886,0x0,11645663
0xef203594fca06a1614efd361110deaac40a40075389af676efecf4b63638e3f5,0xc903169c4b7c479e68aeb301fb74eb042887a7f4,0x66a844f8f451e861e95121fc4573f79cfe541048,0x0,11645663
0x14a43e47061559d26cf2ef949775888d0daac955e285a79ef262391aa72ea341,0xba000521f2f8507de29557f736d93f23f39a830d,0x66a844f8f451e861e95121fc4573f79cfe541048,0x0,11645663
0x0e102367272df9fdb3a725479da9300c2995913c8cf851b69bb3002a6c38a05b,0x7595012257c9dcc73f42dd3c31036fdc1244a82f,0x87a3effb84cbe1e4cab6ab430139ec41d156d55a,0x0,11645663
0x2094f3d0d4b22a6259f87dccb6316578cec534cd4ed59ad3707d13c0026e1c2a,0x965ae0818440f00c64b992d470e8967d20e298f9,0x87a3effb84cbe1e4cab6ab430139ec41d156d55a,0x11c37937e08000,11645663
0x1ffeed479ef7d28b6d4fd83a1ee678bdf78bc26841b8bb29c889b4f6cfcb81bb,0x2fa002eb1812920ee14b05581965114d957c1136,0x87a3effb84cbe1e4cab6ab430139ec41d156d55a,0x0,11645663
0x8b2417a89e48db5dc89e83a85177f45009eb7e2b00b446c3c927b4b78409c5bf,0xa333ccaccd1b12f9059a9077b7f22df4f9074f2e,0xea30c4b8b44078bbf8a6ef5b9f1ec1626c7848d9,0x0,11645663
0xc527f6d8779e614964f0b2aaea1ec815d17acb9d1ccb172349b38b3fe100b474,0x07038d17811342ee1e857c59377d44a19c0d4758,0xea30c4b8b44078bbf8a6ef5b9f1ec1626c7848d9,0x0,11645663
0xf289cf61e80944643004d98b68c4179c4c0c88655b3ae846101c2aa4e9c766a8,0x7a296101bdd0e695abdd5510d7e7d95128f8cc68,0xea30c4b8b44078bbf8a6ef5b9f1ec1626c7848d9,0x0,11645663
0xdad32312ea451a324847d0dbc23bfcf0ab5e677c93fec5d51cf4a3f6c0c6b558,0xccf30e110a751933c14192d36b1402e16022ef99,0x10279e6333f9d0ee103f4715b8aaea75be61464c,0x0,11645663
0xdd4f57f0412a977960eb54ae67948d75e6369469e7d86fb6dc63b2c104950746,0xb7320a7abae91bde9db249fd09af886d8a350322,0x87a3effb84cbe1e4cab6ab430139ec41d156d55a,0x0,11645663
0xd851ea0255b04bf591d41256c6ca3c74b4fb2ba17796ba0beda05ee8594be11b,0x7c442619ef057465fefda07a12970bae1e282229,0xea30c4b8b44078bbf8a6ef5b9f1ec1626c7848d9,0x0,11645663
0x1276eb703dce954a7dc366b4988cddf9f95bf327a333a5233e7d544235ef601f,0x3eb7de9cf877602a0151858d870d16703726068e,0x87a3effb84cbe1e4cab6ab430139ec41d156d55a,0x0,11645663
0x0430d1c9bf94d5e215e9257167e51e0a8ea6d3b7021d6cd08fbcb39cdfbf173d,0x514e085cfdfc8fefd8cfd011daf5f8c5e5e27d58,0x73b668d8374ddb42c9e2f46fd5b754ac215495bc,0x0,11645663
0xaca83a6500694b2185355e7cfd37aab17ef875f9d42ce2947dc1d601b1ec758c,0xb2248390842d3c4acf1d8a893954afc0eac586e5,0x6c97864ce4bef387de0b3310a44230f7e3f1be0d,0x0,11645663
0x38666880e035192766a43e3e9632a51439ddcb3638ae13c30102514561ec211c,0x3f69febe1623d743cb2cb028817533742d53f099,0xe0d9c93540e18a49f26513e309d9020e8060ca1e,0x6851acc17800,11645664
0x17561eada12dd045939ee69663d218521a1adc5f799e336cd3ce4f5ef38dd724,0xd77db750b317d2ed02d8dcb6280fc2833a71e462,0x18eb5daceb55e69de7154ae5e9067bc1c6f2f42b,0x0,11645664
0xea6891583753281e507717e8341e180774224f57efc473fdae276700ee280191,0x1caaaa58002a7e8b4c6f427ac2c943767b4d6cd7,0x00ef2e3b7754f2a65f1e897a27a3306d9b52f544,0x0,11645664
0x15ca2912c18dd4b56671a526ed69b635491e74a291ffcf4126b3ae83aee9641b,0xf031249dcfa91b0234fbafea77ffd85ed032cb70,0x10c15c29fb208047df6247514c0416c217e6f6e2,0x0,11645664
0xb99e9c9cd9f0dbce1bda522baacf8a9ca91f6a73e0c7bda3a55790d26aa0ebfc,0x47e5902a48c5fbaba166b118cd159f2f5a84707b,0xfa6419a3d3503a016df3a59f690734862ca2a78d,0x0,11645664
0x313dbe2a4e5cd59d5198f0bb8c1c3b874f5563b05234155ee6e0d1c5dbb3a43d,0x54846a638d883ecb2d4874f3265251e9cc744690,0xdb9b1e94b5b69df7e401ddbede43491141047db3,0x0,11645664
0x37a6bc388cb0069ecaa0abc29873e1f0edde15d4d3d54830782cd319b15e6be1,0xbbdd4c20d756cecc08ac40027cf7711d8fc07653,0xfa6419a3d3503a016df3a59f690734862ca2a78d,0x0,11645664
0xe7ab1a8eeec94ffb49d171946ee231f54f99c802e9082c876bb2bd5cf859b68e,0x82a9fc50daf3dacffeddeb7fa0d9298a98bb3a4a,0x1c7d4b196cb0c7b01d743fbc6116a902379c7238,0x0,11645664
0xecf70618d2c056f6e1fae2fe7b94b2d0ab32b0fc9f7e3e5358e563de2cc02fec,0xe0da008b003f6a4944869485830460ed6a9d1d6c,0x60e8f2b6f4ae6cb53b034ca892e520b32ec129cf,0x12309ce54000,11645664
0x545da5dd51ea3261db37e8c37c04eabf27371944bda82a2813ae474ed32e102e,0xc025969b21c3b090224cfadeec294a6dd3534b58,0x60e8f2b6f4ae6cb53b034ca892e520b32ec129cf,0x12309ce54000,11645664
0xac18c1df458adeaab269bae0c8a5029af83cdfaf8894b6b1a8ca625cf22f2498,0xaabfe96dc6baffd1b76a300339d031b7e69a1ba4,0x60e8f2b6f4ae6cb53b034ca892e520b32ec129cf,0x0,11645664
0x568d633c6ddf58624bcf2eb94e8363e91812432c36afee6a9f9c24a300e2991e,0x15d00b68aaf67658696374682811880ba64ee429,0x60e8f2b6f4ae6cb53b034ca892e520b32ec129cf,0x0,11645664
0x1e72ed70a886a9a6d3ac7447e348a5a873413d0b255521fa220ba66ae7afa015,0x7647a0fb7283fc26b8ff5fe17efdc0a3cd6e8b1c,0x60e8f2b6f4ae6cb53b034ca892e520b32ec129cf,0x0,11645664
0xefed9ecd39b2ea6b95ab3f8d772c31c16dbb3783592325781e37ec50d9e08c07,0x1cddc02c1e406396f46cc57742092aba1adb562c,0x87a3effb84cbe1e4cab6ab430139ec41d156d55a,0x11c37937e08000,11645664
0x92fe6a7bbb5788bae12694a9f8c1cddbb966d9289f9dfdfb75ca9f67dda6e7fd,0x2d7251cc1ed5702ceebe7925b6e11a6e51a2b7bf,0x87a3effb84cbe1e4cab6ab430139ec41d156d55a,0x11c37937e08000,11645664
0x3d5ae1d1f2980e86e3a640756f49b517945f9acd9168982cb4a0d777e230430b,0x77a2671385954380692c8183bba4f45cf6f4d3c7,0x60e8f2b6f4ae6cb53b034ca892e520b32ec129cf,0x12309ce54000,11645664
0x17af58ae1d5f5c9e9e3cd3c7851a9765bfe493499dbf4808fc45cefa7c142ce4,0x232e274676e865e341b02348a2173e8856891b0a,0xe5c7ffa312dee3759da5133eda77ac55863b1cf3,0x11c37937e08000,11645664
0x4903047f72a9a094cd8a46b9f959578b757540ca88fc668845545f924f4fe5c4,0x0e205e48f07eacd0cd9ed10717fccaa771382e52,0xf1753668df8afa78c70827cd01006e55c5a4d132,0x0,11645664
0x071343b562c303ba3036d4a4dbbc39ce3307f42cbf8723dce134088d058ce118,0xb7f42d435120fd569a05231d0154e9bf90401976,0x87a3effb84cbe1e4cab6ab430139ec41d156d55a,0x0,11645664
0x0901512aed3dbe4fbea8d6384472786168c11017362f817e51e50095365b73bc,0x27b18309ef6582f8e8c41c414c938e2b4df8efed,0xa270d400b0e81c3c0aacdc273a8691e1247b9cf0,0x0,11645664
0x0cd25fcf85e5f17c6a571a548f86797b3eca82d978b92274ee5f4883170016b5,0x474c8a57e784155af1d4a86f8b038c13831e361f,0x60e8f2b6f4ae6cb53b034ca892e520b32ec129cf,0x0,11645664
0xa32e4a33de27c4c59da156d91b4eb70f3c4a31988a80f3a26e165a16a89fb10e,0x49277ee36a024120ee218127354c4a3591dc90a9,0x05f9613adb30026ffd634f38e5c4dfd30a197fa1,0x11c37937e080000,11645664
0x59da35ce5917aa6405c01749ae479a449aa0c3303c62fa00d3b9b44732b6cfe5,0x57d4606a7f93bbccbb9dfef0db4c5090b742fc59,0x87a3effb84cbe1e4cab6ab430139ec41d156d55a,0x0,11645664
0x3da08a0512448dccd03922f9b5b9c633e39b84be76877948eb57660036c51b67,0x03eeb73365beededb0b643ffe67d11309b1c08d5,0x16d4388e8a1de047717aa04b4250836dbf3add76,0x11c37937e08000,11645664
0x502994effddcf1fcef1e2f9ed03260486563dba33d3d19f4a55d0ec551f23f7e,0x2db33031ca50f2db86388702b9300a2ca45ccad1,0x60e8f2b6f4ae6cb53b034ca892e520b32ec129cf,0x12309ce54000,11645664
0x237413a88e0f0b6b6008ecf15d5b6f705a7c768ac52dbbae58ecff53f4a0830f,0xfed52570dd90731d8456a3997c2a7655da8e622e,0x87a3effb84cbe1e4cab6ab430139ec41d156d55a,0x0,11645664
0x6ad6d0e1dffde8f7966a1e99351d1be8dba07a60f881d7deaa77719f65e64889,0x0abc565535190af4ae41da663f14546765da44e6,0x87a3effb84cbe1e4cab6ab430139ec41d156d55a,0x0,11645664
0x579ef9e8d1eedbde35be2a50a99412a2aae30c7ac3df65e3c8f2173bde8caa59,0x2176d71045e118212022c105cf7bc5547d0fc575,0x3672bc7d7124ab9edb8bb2cedcf339b9f0fba26d,0x0,11645664
0xb11d523b0f4e86e4dbe6440a0472d8a9ec7eebbbb1d16d88ef2c79023aa884b2,0xe30a3560a21bc7fc47cb40615a8fb434d2337c13,0x87a3effb84cbe1e4cab6ab430139ec41d156d55a,0x11c37937e08000,11645664
0x34c30fd21291a728cbd800c1171c70a61619313386aec1b18c2f9b9c783ded9c,0x92cef0700e202a2b773439d93e2953b2482fd183,0x87a3effb84cbe1e4cab6ab430139ec41d156d55a,0xe8d4a51000,11645664
0x53cbbae173388dff0087f5520882b8899f9f97747e1b19dffd5fc91f4a89eb53,0x014df4420cfb922da3d19d4f5fce8f8622abbf44,0x87a3effb84cbe1e4cab6ab430139ec41d156d55a,0x0,11645664
0x080450ae3086c30e8edf2a3a996315813ea1bccd80452d2c83aeb8670145c078,0x216e9b3a5428543c31e659eb8fea3b4bf770bdfd,0xa3e36262f6899e27bb4b1802e8298e843e74cbc7,0x0,11645664
0x934337bbfb50b47af64716c3f9d1fa298ac860b1e3b90dd8036b58653ff68456,0xc64b93f33c73fa2c72c48a47056ba4c2535ace8b,0x0c88262f03b183dd183c2fc7a78578dbce1e664c,0x7e6b759fb000,11645664
0x9230995ff65095c62187a9b25e9d23160352e4147b991353aca90672ae5513c7,0x7664d827db8d4cfcb22236151e519778df1bc889,0x0c88262f03b183dd183c2fc7a78578dbce1e664c,0x19fddcfd2d4000,11645664
0xd61b56e043a28c52de475de08effdf40a02422faf6098b5e5127c91671144a7a,0xbfcbd2bd02a00df67aae231821377926cbd4c1e3,0x0c88262f03b183dd183c2fc7a78578dbce1e664c,0xadb6a726f000,11645664
0x40de2965936742bb42784edd24242a60e74d145f094fa83f5bbb43a956c7f9e9,0x578521e658a20483a6b1daa6a163c05fb45e20be,0x0c88262f03b183dd183c2fc7a78578dbce1e664c,0x5f7f37b39000,11645664
0x2ac77c51d80f71a32b8d4503f094349339f70e699a70902884fafcef3eb242a4,0xec3568a3d5ecc0755d0e6c5f187aa24876d427c3,0x2bd57c3ca216f0d38b18bcfd14595f12dfb13c35,0xa2fee4dd4443,11645664
0xe1f2d50aec726be31d683c19405688c2b559d497d99062bffbf318c8a1affe5f,0x88192266af9f775ce0e23c21f35680af752747fd,0x5ff137d4b0fdcd49dca30c7cf57e578a026d2789,0x0,11645664
0x33b63b85182a74eae900b8869f498d52eb009eba4b7d266a63078b5baf1fcc19,0xaf026e42f5f8a0dde581bc214091219b8f4a5e6b,0x5ff137d4b0fdcd49dca30c7cf57e578a026d2789,0x0,11645664
0x177a4247e2a92a2d19ee9309df8eecb57078f77c6e36d5e3c2601e85eff1fd5d,0xd87873fa7b1a62c947ca7b3c2ae31ad356268cd6,0x590c95c6bfbc5b95964701cc90ef6bc33a9e3427,0x0,11645664
0x6272bc579132fb5fd7faf3ae3b3b9c6621c04281d8c64b5d0b3cd40badd91546,0xb77a7a4583e9dd6eaf2f1a845a3915ebdff2e395,0x590c95c6bfbc5b95964701cc90ef6bc33a9e3427,0x0,11645664
0xb916cb9d55d81378906df63919b8ecaefcf109c6f2f70e2cc01244aa23060985,0x9fbab94921d3832bbb2fd3b93a06f17be2d1845d,0x590c95c6bfbc5b95964701cc90ef6bc33a9e3427,0x0,11645664
0xb5899dc1c1d3e245518ba57b413eb7d5f7f7e5ab829a1b3182956bd8cb009a4d,0xe87b33128c93cbca0398fe4e5b577ed861a59f79,0x590c95c6bfbc5b95964701cc90ef6bc33a9e3427,0x0,11645664
0x5d210e299ff3548c50e66a76dd34ed128c09c9a72b8b76b44846d0b7734340fa,0x5157592a233a7a8dc95b7eb916850681aaf1f098,0x590c95c6bfbc5b95964701cc90ef6bc33a9e3427,0x0,11645664
0x4ce0368b452f766df880ee45f602e3c30ddd8121131e8db178f89385e050cb3f,0xe6cb61bda0681f1642ae345edcf6b30819de8181,0x590c95c6bfbc5b95964701cc90ef6bc33a9e3427,0x0,11645664
0x8e43e6db8e317e7a9ae624700cb5185105882fecb630b8c7bdd6b6899b87e88b,0x6f2b0686c7b5a831fae9073e3c403530a4e64bc3,0x590c95c6bfbc5b95964701cc90ef6bc33a9e3427,0x0,11645664
0xbfc43d3b8ecd8645bf31c94305bf6b397c765ca887e50514e915115d6f7936c0,0xfd9265bb88101dc214df471b6251969be01910b1,0x590c95c6bfbc5b95964701cc90ef6bc33a9e3427,0x0,11645664
0xf08645daecd43d9d7088e8c1cada7de4760e4f2ad5feeab92023c740d5469741,0x6c8c026d0f966defc937b9d536fe07f5915d14ad,0x590c95c6bfbc5b95964701cc90ef6bc33a9e3427,0x0,11645664
0x78f21121795399e03aca034204d783295ef7e085bf3775be58f81d5fe08cbd70,0x0169098f7ef457d386c78218d67c9f00d0394982,0x590c95c6bfbc5b95964701cc90ef6bc33a9e3427,0x0,11645664
0xa882e7e02b11ce3807c530d1bfe1e9256174c0fe742d8a89260137b29f36a1cc,0x07e64b127c70bc7d366367cb719b9ddbc55c20c8,0x590c95c6bfbc5b95964701cc90ef6bc33a9e3427,0x0,11645664
0x0cb4be99b797c81da94c8b8dfe2de4be202b17b147ae64a20841780053fff38c,0x14a730f64980003df6f82f70c6083cf31e25b5e7,0x590c95c6bfbc5b95964701cc90ef6bc33a9e3427,0x0,11645664
0x2b5fa8656738fbe4f79d79681bd9fe81be989f145b347075a8d65ca04bfba343,0xfff1ec5995c5e5c3fed9d34edcb4156f3a973cb0,0x590c95c6bfbc5b95964701cc90ef6bc33a9e3427,0x0,11645664
0x1adc238309949c25f0ce792574bf2895f1c9b77813c3e47e8fc5f22f1c9bcb37,0x8ca045450dec3cea547a8a00b7abea7efa4b7720,0x590c95c6bfbc5b95964701cc90ef6bc33a9e3427,0x0,11645664
0xd46c776c790e861ea3fbc3950558a6d359e8c5e196f55447519b39b8f2f252b1,0xb6d85ba2388324ac0587b2fd7021014a729a8038,0x590c95c6bfbc5b95964701cc90ef6bc33a9e3427,0x0,11645664
0x34bd72a3fae8297f177e5219e1bea7c3acd80d19add502e99a3cc606adeff495,0xfb208fa8f5a8b08f630bf6b0d14d7943cf84aa03,0x590c95c6bfbc5b95964701cc90ef6bc33a9e3427,0x0,11645664
0xfb72a93a27651a82548cad16a75b6b1cca7d128785cee5ab33e47ea0277aa979,0xadce9d903b8d71e47483ed6be7f50c264127b7ce,0x590c95c6bfbc5b95964701cc90ef6bc33a9e3427,0x0,11645664
0x36dd6a429f3771f1256d12601c05213602f840b63dfcfb01b24401c23e4a19cb,0x23ff3013f0d7788fda1326e842e36b4686a7e370,0x590c95c6bfbc5b95964701cc90ef6bc33a9e3427,0x0,11645664
0x6ff853d8bdd86537df9a8c593218f96bc17c2973fb12443f24c61ab4e78a8140,0x4eb310da5bb44e287ebec2dfbbe5c75a283504a6,0x590c95c6bfbc5b95964701cc90ef6bc33a9e3427,0x0,11645664
0x4808772cb4ddc996b8de3ae40f26af112faaa5ab0d4ec86c00ff387e03a256f5,0xae69584d37056b4d43157011ad6d25ead5304455,0x590c95c6bfbc5b95964701cc90ef6bc33a9e3427,0x0,11645664
0x46f30ac6fc5f2bbdb501d3088c5c7086c2d0d46fc1796bdbdac0a0c00a3a94fa,0x8d85189e79a5e4d26e1ff5579a9c378366116773,0x590c95c6bfbc5b95964701cc90ef6bc33a9e3427,0x0,11645664
0x2bfb84d8d6d68fdaf7b4c94ebfd0089b4e03af99f8e5053d1009e935463c3b2c,0x9ba1102d546e7437c7279217f4b1a19ac78fce2d,0x590c95c6bfbc5b95964701cc90ef6bc33a9e3427,0x0,11645664
0x1a9f2fae1e9acabd674bd4ce6817d3743393003c240a52ccb92d7da2837b96fe,0x7c4db55dbc569915e821433aa3d0fad1649f009c,0x7e8b0dd71be6c1216fd7334e7e5eae8aa2e7276b,0x0,11645664
0x054d0a141e7c4194e022a83141d33d4a58db1246d294cef784ddab13f6aea58a,0x4c388f15b5fffae57dafaa96096a1ed88a2a4741,0xf1abf82533ec3efdb9811fdd0851022ebaebd83b,0x0,11645664
0x4921a23440130ed2835d253514855b3f6d5a80268824e9e36580576518260abe,0x220b657354e1b48b06136f2cd06d8ae861267683,0xec2370086dbbff42232750652fe8f87e86404264,0x0,11645664
0x59568b6d387eabe89968aab46bb60d94fecbd696f13edae52b926b0408474393,0x433702948d7be4201a2bcee6c349ad807c547a5d,0x0000000071727de22e5e9d8baf0edac6f37da032,0x0,11645664
0xfda0f2974b2574445115cebb4a09b392ace4c33732a220576530a3a29794550b,0xc3af235c41376a8c07d9db5c0d06ec5cc1c52a3e,0x48aa8e4dcfce8629a27303c331553fe7ede4faa4,0x16345785d8a0000,11645664
0x1a00302e60c9c42bed50239e6f7992b8e042c5ca651eb9e55d38e49007d75ad5,0x7665056121acb834abf5c3c76a634dc1cbad8592,0x2b2304cc410115594296f01adf00134db085555c,0x16345785d8a0000,11645664
0x3dad04adda70ceb63f13b1ed248af087d49b3052aec4207c7329578537c57f87,0xa6833e47ecde4abe93cede5824a03595097cd592,0x2bd57c3ca216f0d38b18bcfd14595f12dfb13c35,0x8125f38ee000,11645664
0xd387950c00c014e061ca80d3db06c3b483acca7e25f8e3ae813f510c1b6adeac,0x205f417d35aae79eef7681c9dc9db5876d0db264,0x83458e8bf8206131fe5c05127007fa164c0948a2,0x1,11645664
0x445b5f5b6f5a68d9b5b330bec941656093871a0a3b629c15277a9d15177ca315,0xdf854a41900b9010e3bd12b31581c380f2d291b4,0xd4d3eb667d9fe3567896686b1241b4f7e40458e6,0x16345785d8a0000,11645664
0x395a515dcc3404a8285dadd114f2551e4eddb0ca7831a3df4ad182b87804a0e7,0xabc09c68bcffb16311180891682780f58cbf7530,0x87a3effb84cbe1e4cab6ab430139ec41d156d55a,0x0,11645664
0x82178e82d89e3d5a6dab0f9f7f7058668122f89852a70ce2207d2f932c1fc8da,0x525e5c12f6e347c3ef06a2706fbf2a51859e480e,0x87a3effb84cbe1e4cab6ab430139ec41d156d55a,0x0,11645664
0xd8a381770d9cc8900287dc5daba9d8cde55ac0a6825a08afeb84db50951e6ba3,0xdc2133e78a34ecd7a8f97e8f2bdfd315bb586568,0x87a3effb84cbe1e4cab6ab430139ec41d156d55a,0x0,11645664
0x5a607bdd5d2cc7648b046cc67437d1d5245515e54d3b19a2c0cb32cfb3985ebe,0x2745fe9c708ebbe5b2a64ccf5b7392f8671c246e,0xea30c4b8b44078bbf8a6ef5b9f1ec1626c7848d9,0x0,11645664
0xfe87aed332495acd043696f20e4256b212282d5f1fc6f6af45959a2eca214136,0xd7e07232a8ab2a7c3c5439006b9068032cc1fe41,0x2bd57c3ca216f0d38b18bcfd14595f12dfb13c35,0x38d7ea4c68000,11645664
0x33367f39c53dbcefc17ff7e203fa8c2ee5ae595b4be4320229166407f6117a4c,0x3ee24b102887685d1a4a468d7673d978887c91b1,0x87a3effb84cbe1e4cab6ab430139ec41d156d55a,0x0,11645664
0x75485503744dd6d0d97ee457f8f0df8ef09d74cb2f105b33302e572a94302dfe,0x6d61c178a34c9fd96b732f7c841dd0865581cc56,0x87a3effb84cbe1e4cab6ab430139ec41d156d55a,0x0,11645664
0x4fb6154953dd9d56a209bfcf9ff67153e220a9c2377542263b952cabd2b294a9,0x426f44475679acab175dea0b36cf7b32386724da,0x87a3effb84cbe1e4cab6ab430139ec41d156d55a,0x0,11645664
0x7480d21c78176372020c5987175d912310ae25c761b5cefcfa1052779ee13463,0x073bc99f75798c8a81d51f248faaff922deabdc5,0xea30c4b8b44078bbf8a6ef5b9f1ec1626c7848d9,0x0,11645664
0x7be37668a992e567334dd9cb9cee8d98e91e24b92d5828d9b38b1b7ae670142f,0x7971aec8614611f7f88c7f1b6b2e1770c31fc399,0x87a3effb84cbe1e4cab6ab430139ec41d156d55a,0x0,11645664
0x9d329ed1b05970fd8b2efedaba7500c0e587d601ceefe80ade88dfe2e860bffe,0xcf983ade6d2f55b68e2185732c3a40f02e1251a0,0xea30c4b8b44078bbf8a6ef5b9f1ec1626c7848d9,0x0,11645664
0xcd9921b94ff3b8c9d141f4727b2ed67c97a99b875ee416a25144f81dc278645f,0xd75343f0463453a7d574d35effa473307cc1b29c,0x00289c189bee4e70334629f04cd5ed602b6600eb,0x0,11645665
0x92e7e3da4989697f55ff396f217fbf613562b87575edf7687f577d15fac1336b,0xa4570b450feab35b6c4b362dbe0e522f64e362c3,0x00289c189bee4e70334629f04cd5ed602b6600eb,0x0,11645665
0x62c8bcee6bbb3c78132e82d3b113133e31f561250c1bbea952292b0d779b0938,0x6cc9397c3b38739dacbfaa68ead5f5d77ba5f455,0x9042fc7d9aa553742d524b80d8ba4fcf53ce627f,0x1617eb90b26c0000,11645665
0x7e055b39a67e5e0758be19a3b4d2ad64ae8eab338ae50d13167eeaeb04e66169,0x219b980057ec58a8c5bfd8336934c587c94c2544,0xdb9b1e94b5b69df7e401ddbede43491141047db3,0x0,11645665
0x5a8504c50d2cb50bed265e2b6d5affd319908d12a58a3f89a4d0245ed786c062,0xd9a858b0a67c195872eb0d8a276963292df134a8,0xdb9b1e94b5b69df7e401ddbede43491141047db3,0x0,11645665
0x3b0c60ed726cd2972ed167df53e7aca4b20a135da4a3075d1c747531b81ab068,0x47e5902a48c5fbaba166b118cd159f2f5a84707b,0xfa6419a3d3503a016df3a59f690734862ca2a78d,0x0,11645665
0x1cc6784614478fba7a1b846f458a0566a934d2504211e8605d724a1628e80a69,0xc565308a70e4e24f4da3d6945982586614b5cae4,0x87a3effb84cbe1e4cab6ab430139ec41d156d55a,0x5af3107a4000,11645665
0x7e42fbd200db212b39e70dc6055350251d46e709392bee3a8b94ecf4809e2457,0x941604790863b692f6f79474c5264d0fbdef89fc,0x00e71cbcf7e567977524993751ebdd088dc39ab7,0x0,11645665
0x181cd128858525f5185adb2a5738993eda0b43f9f3e3aabfb5fd0bdb731f4e79,0xdd5a09d9636777b899678a4d4ec4f9cb784a5e06,0x87a3effb84cbe1e4cab6ab430139ec41d156d55a,0x38d7ea4c68000,11645665
0x5c7bf7aeddaad3b2729233b2e257491df582b222d593d09dc3e993c4b51de32e,0xb67d5b72c4ea232de0342bb51570c26287a2a651,0x024b90d5d543ab312604ff347086941d9c1513ca,0x0,11645665
0xf8922340a5dcf676b770aee9a5d86309a31da34b0b566722d1d60bcfb9ef70bb,0x1dcd8b37da531ea73b31da5f2f091721b3e0b38f,0x87a3effb84cbe1e4cab6ab430139ec41d156d55a,0x11c37937e08000,11645665
0x9e9ac78c925178aa18d30ab1032a5915ffaf981c9161e4631ce5ad2615eccce3,0xa7c5053d809cf8cde9b9af62a66fbedb5334ca15,0x87a3effb84cbe1e4cab6ab430139ec41d156d55a,0x11c37937e08000,11645665
0x0f52e77e2680726f2fadb4ff99aa1d69c98194d3a656291f62649eeaa2db00be,0x31d153d9fda885faf6c7942020bb47fa42cda57d,0x87a3effb84cbe1e4cab6ab430139ec41d156d55a,0x11c37937e08000,11645665
0x58a2727aeef71926e7e97ee8dd9c341ce6b12d1507150bb51413067a6f61d754,0x03eeb73365beededb0b643ffe67d11309b1c08d5,0xf14ef94b62902b3b9804f8e9dfeea433d3179ee9,0x11c37937e08000,11645665
0xc11bede18931c0dadd309b145f99bf19fdae27f495d64884a3ded0b550238f39,0x92cef0700e202a2b773439d93e2953b2482fd183,0x87a3effb84cbe1e4cab6ab430139ec41d156d55a,0x0,11645665
0xc0423edf7b46821399734ce7481adabf10a196b5d7c3a0ee02f2fc441aa07b48,0x99891b03ff51714ae92f904ff71bd0172e9a568a,0x7ec7ea386ceba21f305af83d11337ecb8ecd857e,0x0,11645665
0x6c986a3904ce8bf7b6b2d73e602b9356e6478d874ed129e1def4f957e29886b0,0x232e274676e865e341b02348a2173e8856891b0a,0xf7c0f74c5e0089a7977c13e170e4629473b906ad,0x11c37937e08000,11645665
0xb1e45ad010521551c42cb7d274c3044a4436c1d3a102d3ed0f57d7ea91eace43,0x280db72ffacb24a712308adcacaefcf8218254fe,0xf15434e76bd53c9c60bfbbbcf37793b7fbd07f3d,0x11c37937e08000,11645665
0xdc0a668bf2a577b5edde50af84b73c4407e37c799fcef069520be6c6ce7b60cd,0x16d4388e8a1de047717aa04b4250836dbf3add76,0x87a3effb84cbe1e4cab6ab430139ec41d156d55a,0x11c37937e08000,11645665
0x485d20b0a3b763e35d38968ab1427456058355931e7a35471cb89c996b947699,0xe30a3560a21bc7fc47cb40615a8fb434d2337c13,0x87a3effb84cbe1e4cab6ab430139ec41d156d55a,0x0,11645665
0x7e43b820701cf7a829cd5bf4f5fa45104d1f2c4c6ef436ed80a346990bdbba1a,0x1c755d0d4cea7ce32822fa647b5c4973cbf4a88f,0x87a3effb84cbe1e4cab6ab430139ec41d156d55a,0xe8d4a51000,11645665
0x505b1155f1ce52b91fce002da7fb38df027167430b95cbf74e8d113989b80851,0xa3088e27e8022272f84ec8bd830d3bbcf9b52958,0x60e8f2b6f4ae6cb53b034ca892e520b32ec129cf,0x0,11645665
0xacc62d71e7a15d4948c3ca5fe062003e125be12785adba596e798787fc2351be,0x37df5e57fdb8cd9fdecbdd9f6cc1d2fc0bd25791,0x60e8f2b6f4ae6cb53b034ca892e520b32ec129cf,0x12309ce54000,11645665
0xdb4a430d716555b16093dcc9e17eee9c4ec669555729329a9f264d1dbd53be6c,0x9186a66c6ebf3fef7c3d1fd7eadf560f6a14ca26,0x7a25d06af869d0a94f6effaffa0a830eebf1ecfb,0x0,11645665
0x1db9d83eb756c188ea086008b02ea8b2b0d43da60918c4fb8d4c669ea28bc1d5,0x0a85e2bdb7412aa593e921a5f195bce4ab904912,0x87a3effb84cbe1e4cab6ab430139ec41d156d55a,0xe8d4a51000,11645665
0x2866d381ab4135e56d934da40ad1f6713ec3e287b11582fabe64c8f2116ead87,0x2d7251cc1ed5702ceebe7925b6e11a6e51a2b7bf,0x87a3effb84cbe1e4cab6ab430139ec41d156d55a,0x0,11645665
0x4c57f579e6a0afd88c4762160c47d6735257be27f0f778c38f2e94a6d62b70af,0xcb352f6b71ac830527189f34ce35281889ecc796,0xfe3aac36407d4013e6eb3a61fc0e85b960fcfff3,0x0,11645665
0xf147467d8a33dafb23b9956111411e365166d0abf8f69ba94c52ba4646abdda4,0x119578beb37db2fdc564d3163e92e8c150c5cfe1,0x60e8f2b6f4ae6cb53b034ca892e520b32ec129cf,0x12309ce54000,11645665
0x0449637e44a444101ee705fe5ba1fc461f417088c2cc8ecaf75475ae00ebec8f,0x8f23bb38f531600e5d8fddaaec41f13fab46e98c,0xff00000000000000000000000000000011155420,0x0,11645665
0xed281b34b785471406eb4a94db82a826789a74f6e0ec325464970e3c7bd9640e,0xba7af4ff71f138f7f55dca2edf78fddd6cf2a066,0x99bb09726b22bdefdf1cfa87074c0fa8ed49edf8,0x0,11645665
0x55aee5483ce1966a5185c2a89e94c691b43a0b640c664bd5829b3b0c24c414db,0x3713791579c941534ad5a1e525957d04f25c85af,0xdb9b1e94b5b69df7e401ddbede43491141047db3,0x0,11645665
0x37599d6d19fa77e4a29cca68d3e484978aebe346d511fcb7d5dab3edac7d37f0,0x216e9b3a5428543c31e659eb8fea3b4bf770bdfd,0xfa6419a3d3503a016df3a59f690734862ca2a78d,0x0,11645665
0x9d890f7555cd7aac9e53316967e4ea1b04b41ebc0838b5a98afafd0a9b925dc8,0x34222e9e32f35e36a542522bf182f11b983145ff,0x8f6eb7870334b1fd8006fd52413f01689f4e57e9,0x0,11645665
0x07ba2a4a78649d8344a69f501ae7758672aaaa7e32fd8dbf9a6973227b8e431d,0xbfcbd2bd02a00df67aae231821377926cbd4c1e3,0x0c88262f03b183dd183c2fc7a78578dbce1e664c,0x6d23ad5f8000,11645665
0xeb1350134fbf7479211846ec34c5595d02470f68ad49d19e5ee56abaad625b42,0x578521e658a20483a6b1daa6a163c05fb45e20be,0x0c88262f03b183dd183c2fc7a78578dbce1e664c,0x69805acb4000,11645665
0xa118105bd8565c188d03e1045bfda39362785e7d86a9e93365f95e756492e0eb,0x050432aafb58f7fc36803da8b6cba6a1c1bd622f,0x0c88262f03b183dd183c2fc7a78578dbce1e664c,0x7e6b759fb000,11645665
0x340dfe877f2d10cef628229a88e5882e5ca1e21c3619066385ba6ea3098fe9f3,0xc64b93f33c73fa2c72c48a47056ba4c2535ace8b,0x0c88262f03b183dd183c2fc7a78578dbce1e664c,0x943f65193000,11645665
0xf40e7d41c9a798a844795cf7b66906633dd344c2d5e16b7770fb7198f802c778,0x16cb31b415c9d8e55f7683bf9eba804598430681,0xaa533bd9a11162a7afe9f8e46130db31aabd4489,0x0,11645665
0x8c5818951854bd239e8ccc079aee1994d644d4706f805ed51a66090aa7fdcfb9,0x7c4db55dbc569915e821433aa3d0fad1649f009c,0x7e8b0dd71be6c1216fd7334e7e5eae8aa2e7276b,0x0,11645665
0x100db4c69a4592c6a185f357328e29365ea393aff07a33863ceeedbd308af9ec,0xf1ea327091a80a806bfa409090fc94c5eac81bdf,0x36be85dc92498b19dff9d50f0b95619079ca738a,0x0,11645665
0xd558b44dbd279af8f50402f23844c0e88ab9d52822b7ea40cc9d94faed73f439,0x43370402cbeba6ab53fbc8a52894537024a39269,0x5ff137d4b0fdcd49dca30c7cf57e578a026d2789,0x0,11645665
0x8efbe8879744dfb4adcc2eeded2389872516207447566b3b2376996d9452e8b6,0x4337015333e7c8a3c5af4acd2c4aa4befb0d663c,0x5ff137d4b0fdcd49dca30c7cf57e578a026d2789,0x0,11645665
0x6c4e0b2d52f74b77844a403b2d26ffcaad619f25a6e50718e7e8c34efb7512ac,0x576c28e6101e66508a1c0a777aae52b3e6019b5e,0x2bd57c3ca216f0d38b18bcfd14595f12dfb13c35,0x50a92aeefb000,11645665
0xb8364f4c2ddc75f05c244cfee76aa97570a80e3500cafc1ab98dcb26da5a168c,0xe73370d883299a4e30b2bd971fea8c5b12f3443e,0x2bd57c3ca216f0d38b18bcfd14595f12dfb13c35,0xb0e58f68a8000,11645665
0x13c7188aa10e088ac9a8b93ef94bbb82a97dbfdb220658439272bf24eb535647,0x998b15b9c9f3ac9a497441463ab4a4678735335e,0x2bd57c3ca216f0d38b18bcfd14595f12dfb13c35,0xfc36d90de5000,11645665
0xebf2a6eaabfc737b98415d041ad8bef657c4b9088fa060d2c2196fb156dfb0ad,0xed6d9d707d6b9cd1755dd2cd09f4ca99c0245ea5,0x2bd57c3ca216f0d38b18bcfd14595f12dfb13c35,0x7856678fd5000,11645665
0x69099327ef1c16953b602131746ae5aef8fb6ad02c573728495f9ca30b27d8f0,0x8af5270d43b76bf0f53faa3040447c4c8917cc9b,0x2bd57c3ca216f0d38b18bcfd14595f12dfb13c35,0x8fd0587482000,11645665
0x9e80c37370bcb02bdca59ee72d63b38a2e015bd41d68a5219f362eff0e03476d,0x13b0082d68ee83282934fe87b86f28bfe5d8cd89,0x2bd57c3ca216f0d38b18bcfd14595f12dfb13c35,0xd669d3017c000,11645665
0x6ce489cd8dc0ce458b142ce67bd1a6868cdcd8cd0a00b9e3af44ce1c3933ffa7,0x52f1984cd3e46e1214db222d3ff63712e7aceedd,0x1f81077b550f137746e52fc2e01c71dd475f80b4,0xb1a2bc2ec50000,11645665
0x85ddcd953a31bd4c9e64b3bdd088904688c309be354b6d689b1c94c0f3c3c13d,0x2475742e7f76162b063e098b383a3ca3ae569a71,0x1685c610007a33a25ff6e5fb00aa8e570328b505,0x0,11645665
0x9ab1c2ca9e55e9a88d476ddb356ef3fe5526a3149db612db8bd1d476bd09a24c,0x0ae7d848b05831ab7e0442b99e56f687c9d705de,0xea30c4b8b44078bbf8a6ef5b9f1ec1626c7848d9,0x0,11645665
0xd1945068e7a352f6bf8937b8ff6715fd94504cc9ab4d298ee4d5e5602fad638a,0xd74072e204f075555c82203ca51783d7e87205fe,0xa8755ad1f023b258e3d37f16087d92d6e56a3122,0x0,11645665
0x3174157b3b31b1bd03b0849b7caac6cc163035c4bfb349b8210ec7f33085dd67,0x4c1547bc531aafa12a0ffc2f367ca50cdded3f19,0x87a3effb84cbe1e4cab6ab430139ec41d156d55a,0x0,11645665
0x25f2feab81d174b4786692754df3e7ea203c37528cb101153c9d43bd00d00647,0x99ad6e8ba1512427e2a1a166a4701c7d424070a7,0x1685c610007a33a25ff6e5fb00aa8e570328b505,0x0,11645665
0x543ced6b78a35e68887904db5c7650cbbfee3dd4b24bbd87f31df6900226c44f,0x7b62390c823a6a1fbccc3a3cd6fdcf194c4b40ac,0x8e91a2beccedacf8204be71cd23b37f2d47583fb,0x0,11645665
0x54f1aab06ee3e1848354d164208edc3e0f25ddae878ad8e73900d62b018409b6,0x790bcb43358e01142fdaf6f097976d216676add7,0xa1f78bed1a79b9aec972e373e0e7f63d8cace4a8,0x0,11645665
0xda3234b60fc1cc8cbb80ef9417e07075fb4ffd48c32ed9a83214c5d5c58b6003,0xfa646594bf2241061314d53e850a466815b3600a,0x738e96d813a47552499fe1c82e8dd415f7afb7c3,0x0,11645665
0xcf897b0a3ac5bd9606059ced52fd054ee768635e2162c371f425a004a7b03665,0x0ac9e90703134cb02d817d15ce736fe990427f10,0x2bd57c3ca216f0d38b18bcfd14595f12dfb13c35,0x174876e800,11645665
0xe912e303d2341e0f8c51d33445e9833548705412c8deaab8372c451851e1c89a,0x6f1cdf54de1ea128dfd68bab0f05ccebba8f5af1,0xea30c4b8b44078bbf8a6ef5b9f1ec1626c7848d9,0x0,11645665
0x0e97963deb82ae789c29a0c941988f9bb9d19132dfe31e2844c8ebbcec24137d,0xc4e8d3e0d4e52572a3cfd2573578651a5b0d44d4,0x87a3effb84cbe1e4cab6ab430139ec41d156d55a,0x0,11645665
0x9e0f695861d2715894a11d8de57238a18665f2ecdcb823f1bd3f485b1ed3e7b0,0xd34dcf42db574a9e51e89c5813e2e328a40c3bd4,0x87a3effb84cbe1e4cab6ab430139ec41d156d55a,0x11c37937e08000,11645665
0xec818d30fb6aa7ba7f579736a048f37d835b131cbde16d34f56438d7f79654ba,0xccf30e110a751933c14192d36b1402e16022ef99,0xa1f78bed1a79b9aec972e373e0e7f63d8cace4a8,0x0,11645665
0x6bfe3887985f5c315c038c48981b70d5f171ef9db86a8bd1e3d7a71256bbd107,0xca8f3aeffd4c184aed9cd44f0e1ea2ee5345da6b,0x87a3effb84cbe1e4cab6ab430139ec41d156d55a,0x0,11645665
0x28b29e7fa0edb1dc6f863ea7707a5b959e8afa87aaaf3abbc36485b7e7579ddb,0xad60734c6650c813271dbc2d7e4504ad11fadfa4,0x87a3effb84cbe1e4cab6ab430139ec41d156d55a,0x11c37937e08000,11645665
0x16c6fe3e580857b45209b385d937f6f3dfbe05de4cd6c256ea4c5c2800044dda,0x3c838dec10146e36638c3f2f3d791f583903a9ff,0x73b668d8374ddb42c9e2f46fd5b754ac215495bc,0x0,11645665
0x4d7582c991265d205c0c148a48043c6b55428cc33576a51ed10992a67ef94dcd,0x05722a7bb3077d84ac9bb028bfd10c66bd799294,0x87a3effb84cbe1e4cab6ab430139ec41d156d55a,0x11c37937e08000,11645665
0x0908727e741d0eab54dbc8620f4335893422a8f1da9402c40afd82bd19767836,0x02e15ba3104022f4b6741f883d0cc8c27f6ed203,0xf8344cfd5c43616a4366c34e3eee75af79a74482,0x0,11645665
0x25f5a17022ae75423b81213155743a0ad32508ad49e126229d913b2b5d89787e,0x38f11b2cbfe0ca225dfd6cf3dcbed4e3be05b018,0xa1f78bed1a79b9aec972e373e0e7f63d8cace4a8,0x107c0e2fc2000,11645665
0x6c6ed774729833cbd046dd5fec59a4ee3c4fa283d7d479ffbc3dfb473d9eed2a,0x4dcd04039b557a767411e55add557f5a3d7ee277,0xa1f78bed1a79b9aec972e373e0e7f63d8cace4a8,0x9184e72a0000,11645665
0x4706314c5f02861f535296e82e3508c8c27161f2b31979ffb94c88714e653c4f,0x965ae0818440f00c64b992d470e8967d20e298f9,0x87a3effb84cbe1e4cab6ab430139ec41d156d55a,0x0,11645665
0xd4f361b73ea238b2010d3b049606ff91da7c1a32f80294f5aa2e9a5f70aa5523,0xc02d72087b5702b7a27d4110629b10f36b0723bd,0x87a3effb84cbe1e4cab6ab430139ec41d156d55a,0x0,11645665
0x8b807abd7ea97b0c1f24e133d5410e2dff5f68ea5340a849deb3e0b8ad09a85f,0x7b34feb65440722af57a8efb724b136f78404660,0x87a3effb84cbe1e4cab6ab430139ec41d156d55a,0x11c37937e08000,11645665
0x7487def098c6b81364bc9dca4accdd8292face70d6988023372611356a99441a,0x5525757ee5aa22ad0a8a7b647a1739757d7dd038,0xd3830c58accd3e6eeec8cd5688be5b1d04a4dc83,0x0,11645665
0xc8f60696f69155e31b1b5cc510ad47ecd0e53aae101b350ba318cdc1610a398c,0x0d5c090bbb966f26dd574644eba01a3cc8682c5b,0x87a3effb84cbe1e4cab6ab430139ec41d156d55a,0x0,11645665
0x01533e30d994ed4e78312526c1a3a014436ea48f689459a544d5858a4a352ca1,0x8bd55152c3b67a6922df521006332bd1fc649f6b,0xe1487a31f96b4bb0013972bedc0e39f2fab7c500,0x0,11645665
0x8ffcff6076b48a8c6853d0b2551b4da316db340c378852a3480f3aa55f659e30,0xec157be926daf48dca50a5719bd68e6d8bc66847,0x1685c610007a33a25ff6e5fb00aa8e570328b505,0x0,11645665
0xc1753eaebd6323b5fcc3e7b6d161d486490ef186d62a5ce5af8659b13a465386,0x8bd55152c3b67a6922df521006332bd1fc649f6b,0xd3830c58accd3e6eeec8cd5688be5b1d04a4dc83,0x0,11645665
0x4ebb19199cad7b65f186e957af6e9dbd4bad7ee24a546d221066853f1c1a2b65,0x6663674ac201faaf5435d7a9a49592941549975c,0x87a3effb84cbe1e4cab6ab430139ec41d156d55a,0x0,11645665
0x9f9f109334774c8f5f5868b20af4736475c526ab5c060a60c31cfe734a8b90ce,0x5f2133c2d421becca329ba0a95ef437e67206ae3,0x87a3effb84cbe1e4cab6ab430139ec41d156d55a,0x11c37937e08000,11645665
0xb1f1d881f56881d3114f8b4b59c6bba7ca4554a96459710aa89156f4704b7ee9,0x125aadcc9897e92eb00b82a17757f0a821081ac6,0xd3830c58accd3e6eeec8cd5688be5b1d04a4dc83,0x0,11645665
0xe3b929fdcb044557c08ba419de317e84e674e4609070e4523be953262f2a82eb,0xd8783bda4d4ea7b1fe94d3bded671d87173c9d09,0x1685c610007a33a25ff6e5fb00aa8e570328b505,0x0,11645665
0x4f4293a6fab5f9c2cf7f1200ad56359e7fa0e94c75012b06a9383ec26b8d3ed0,0x39fecda149365b88f4e02fce63c42f0dfe3c3a5d,0xa1f78bed1a79b9aec972e373e0e7f63d8cace4a8,0xbefe6f672000,11645665
0xe9928492b2c92db1d5b3aa3f2d801e625c00c60ede8d795fc2b5807e3927ab14,0x8740b52340c86b1f47bff14e3875df5f84119543,0x08d2b0a37f869ff76bacb5bab3278e26ab7067b7,0x38d7ea4c68000,11645665
0xa3da1db7abfa15698e221ea8ab537422f3b98ca3bee45d487825f4ad1d0c82e0,0x08f50f9fba7fe86de37b5ce26ddbfe2a5329b2a9,0x87a3effb84cbe1e4cab6ab430139ec41d156d55a,0x0,11645665
0x97fa96875391c5fcb8343c7d1030da5cd5eaabf8fb7e6775e74610e3f6f828f6,0xee1b1620fd6f1077ee5874c151b79b0d475eed1e,0x87a3effb84cbe1e4cab6ab430139ec41d156d55a,0x11c37937e08000,11645665
0x81b0f7feac2283106458137ab0d64adc337eb361818a6a2ea1bfc819aaf0f1b3,0x7a923674037a66299c35e38f1f8ccc6ab7cd6953,0x87a3effb84cbe1e4cab6ab430139ec41d156d55a,0x0,11645665
0x2adb084d6f89e1952d04f8845d1e6a04b2a3cfc4611c0d256efdd01453695fd2,0xe86ad5013a0d4bdeb011f484f7a81692875aab40,0x87a3effb84cbe1e4cab6ab430139ec41d156d55a,0x11c37937e08000,11645665
0xf8f9a373d5f52a649b9ade2d063b0d8f72f2761dba8794677660bd0a954602f7,0xf24f7462b6a789010b878bbd07f31d431d178f87,0xea30c4b8b44078bbf8a6ef5b9f1ec1626c7848d9,0x0,11645665
0x7f114886ccbcb9c6845379103b3de1782724029ceb68afccf173fb2bb743f32b,0x6bf19eb54833a83c62f7a8cd8bf0de3b511026b3,0x87a3effb84cbe1e4cab6ab430139ec41d156d55a,0x11c37937e08000,11645665
0x3a40923d8c4c064d780e5825b1c8174b2350e7d17408647a58c239108bff25a1,0x340c921760124b301ceb504324085520c80e23b2,0x87a3effb84cbe1e4cab6ab430139ec41d156d55a,0x11c37937e08000,11645665
0xc66dcde7ef88f2913febaabdaef088b02c78f4c993c846ea98fd47ea4f6ed9d1,0x4d6f9728f6f03b6f7830468a854aeb9cd6cb867c,0x87a3effb84cbe1e4cab6ab430139ec41d156d55a,0x11c37937e08000,11645665
0xb0ff43dc5de0fa85451a90d212877cf474f127f2a6109e2f77acfd6a7c493598,0x9a43d797bfc66cf66b8bac7314f3a9535514c340,0xea30c4b8b44078bbf8a6ef5b9f1ec1626c7848d9,0x0,11645665
0x190602f1b76d61f00880925dd0d0afa2ac6ecb58d0e98f66bf551290e922811e,0x8a9a1c252c7d9f627c179343f28ec6382d6b003d,0x87a3effb84cbe1e4cab6ab430139ec41d156d55a,0x11c37937e08000,11645665
0x763d4a5a4611717200a92b26abf19e3480d46e9ef2d273e7feb0949784dc9ec0,0x930e55af89a6cf0443363bc1e369cb9727acba83,0x87a3effb84cbe1e4cab6ab430139ec41d156d55a,0x0,11645665
0x05891473745e830b0299de0e67e19f3eacf10d1b9a4c863c03eb63c9654ce9e2,0xe78e9838b7788da1914baf926a8ac031fb61cb01,0x87a3effb84cbe1e4cab6ab430139ec41d156d55a,0x0,11645665
0x938cc4fca09027560aabc7d2feb194a6435beef104d1f0da22c8e5fb683b0965,0x2af11f693f94c85b1e4572fbc97a32b84c963780,0xea30c4b8b44078bbf8a6ef5b9f1ec1626c7848d9,0x0,11645665
0xdcc62d2a82e7dd77c4efe02eb83a5467b91a9206ec30359bf44074348ab8c7d9,0x5eaf800465edd258bfa3432b98d35845a4c31bd9,0x87a3effb84cbe1e4cab6ab430139ec41d156d55a,0x0,11645665
0xcb91d6f7c141fdf7a2c6a74ed3d340c571299a0fbe7c91cf70147085a2a43f4a,0xda22c80eb66b3fa3055c9271c478e1a3eb54ccce,0x73b668d8374ddb42c9e2f46fd5b754ac215495bc,0x0,11645665
0x9cb14abaeceba4ac4ca3597ac8a250bf4b2b8518b2899acc8a56b922761d5507,0x7109db45e2d3459c654800c0bfe88f81055da2af,0x87a3effb84cbe1e4cab6ab430139ec41d156d55a,0x0,11645665
0xfd0ba133b7c80e649d60ac33cd656fd5c41b3c9aa9ce7a2d3433daa56881c806,0x7a450544cab038b0d510999a5bc71143fda2a246,0x87a3effb84cbe1e4cab6ab430139ec41d156d55a,0x0,11645665
0xc152d83073395bbf518f01a41f34fa55d1d9db912184f3f363f4292bd1a6eb3e,0x48956477e59e1050cdd0ca6de73f11ceba0aa8cb,0x7b79995e5f793a07bc00c21412e50ecae098e7f9,0x12309ce54000,11645665
0x2d31b4601e10c28f4c3abbb6ce3e04c3aff773335cde520131bd672c5d035bc5,0x727118de743654fff8cc2de7d09de605d4d977d6,0xad95827a575398307fd21a944b30e416ce9981f0,0x0,11645665
0x39f0b2d3b09c3cc43d1b8107a1449a03381613423cec90256675bf897690033c,0x1bb10c1ae0daed4ba51d202a131656f03d4a7457,0x87a3effb84cbe1e4cab6ab430139ec41d156d55a,0x11c37937e08000,11645665
0xbb7a17b5866bd10592ef6da2dcdb71107d4fd4aef119c8ad5527c069fb684e74,0x677d1dda46697c5d568a4f1cde93517cde3dd24f,0x87a3effb84cbe1e4cab6ab430139ec41d156d55a,0x0,11645665
0xd14d5f08b26dad604a84cb0ede4dedaab0d8640eebb7b6101cbb2c1269445b33,0x2f8e1176ae8ce0538fbdcf4efd788664908b0125,0x2bd57c3ca216f0d38b18bcfd14595f12dfb13c35,0x5425cc,11645665
0xa223ab15d62435a96683c3cc6318ddaed23d6bca9f6caf2acff68ee94cfe7757,0x7595012257c9dcc73f42dd3c31036fdc1244a82f,0x87a3effb84cbe1e4cab6ab430139ec41d156d55a,0x0,11645665
0x07ec30964d5babeab8286c37085831a3863b098470b4c7590b6151221dcf9178,0x1b549f76e8eb146370fad8dfb063d884591f1b50,0x87a3effb84cbe1e4cab6ab430139ec41d156d55a,0x0,11645665
0x57ca705ffba0e78c7ffa98160f1fff88763dc3a45b6a87a62a126af0c20a0cd2,0x3e9e524565f9b5faf164a514f1c86c9450b156f7,0xea30c4b8b44078bbf8a6ef5b9f1ec1626c7848d9,0x0,11645665
0x7a976820a4d778236b648d3df922d8d829253529ecabe43ca41bf6c1a29eadc2,0xeb5eae1ddb145cb3e4eae1748eea5f2d0db0a2b9,0xea30c4b8b44078bbf8a6ef5b9f1ec1626c7848d9,0x0,11645665
0xe52cc436898f8ee6820d6035975ce35b84bd2c7237303f08bb02c4ec053072bc,0x2ae92a7e8694cdde097d388de3976a19610f6cb8,0xea30c4b8b44078bbf8a6ef5b9f1ec1626c7848d9,0x0,11645665
0xbfb4c797d91024e633550755dacf1990f4ba6e052e18d39a20bdb7c74b0693fb,0x9126f3f68f1411aea2ddc3820db4ecb557157872,0x8f6eb7870334b1fd8006fd52413f01689f4e57e9,0x344bc31318000,11645665
0x13ad6ed57a115da58bda6a93f8263b7510deec8736e72ce39e5cce7f9f241b14,0x805a3703aa8b56842e433a15990d69ca950b8341,0x73b668d8374ddb42c9e2f46fd5b754ac215495bc,0x0,11645665
0x4a9eb5b3646e319d40505c92521331c9780b44aa4e786d219e0ffd284625803f,0x2fa002eb1812920ee14b05581965114d957c1136,0x87a3effb84cbe1e4cab6ab430139ec41d156d55a,0x0,11645665
0x1ea2a8ae74badd6ee6b1433102dedf47a7db437e6b6cfb76aa17fe8704a7a4d4,0x805a3703aa8b56842e433a15990d69ca950b8341,0x73b668d8374ddb42c9e2f46fd5b754ac215495bc,0x0,11645665
0x40299eeef6061a63ec04ca79d86eeb22f3d059ee8cbcbbe4a06194527f9df1e3,0x805a3703aa8b56842e433a15990d69ca950b8341,0x73b668d8374ddb42c9e2f46fd5b754ac215495bc,0x0,11645665
0x7e760cf21d5e964a745fabc1079d2c41fcc0ab45ada68ea029de6b8684a356b9,0x3c838dec10146e36638c3f2f3d791f583903a9ff,0x73b668d8374ddb42c9e2f46fd5b754ac215495bc,0x0,11645665
0xcfd4c233b9f95e9d1457d1cd01714eb634740286d5fd7df9d89a264d74aa94d1,0xd2745a747111fcf38afb61f8bfae5cf7d409a744,0x070d74ed93ef5be32cef8f6a20ca939dbbd5d844,0x0,11645665
0x4dc9b4a1666f64cee316c05c73f6f762828585806a7fbb9d6108aa4db8fef768,0xac79dfc99320614799ff66387ce7db21ecac4538,0xa83d98bcbf103faa6311e110314cfa68e4752adc,0x0,11645665
0x230a6a01006415f30980292a0856c4a89637ccff9c66bbc0e2291ba4d0f2aa0a,0xbc1cbd9a9d6d34c7fda9490e4c3c70e41cc43bd0,0x73b668d8374ddb42c9e2f46fd5b754ac215495bc,0x0,11645665
0xd531fe3a45a1da0db26f1cb73913659bcea962e04f7777058cae4577a01cf231,0x81eb61876767343e420c69ad9d00c2112da09898,0x1685c610007a33a25ff6e5fb00aa8e570328b505,0x0,11645665
0x2e9c41e26252db70f7c048d6d502529d4a01063f2ad876be80c684d786446ddc,0x52065f6a3ede9a8937a49ffd46bb16423977d0ab,0x1685c610007a33a25ff6e5fb00aa8e570328b505,0x0,11645665
0x168983bd302a7523ed35d73c344184407b3932f2c5250917a03abf328d61f41c,0x738cf5a8510bd6eb40703941483a7f28d321d398,0x87a3effb84cbe1e4cab6ab430139ec41d156d55a,0x11c37937e08000,11645665
0x53910d3fe3561b19414810785f22caad353c99b50240b692a5e21a87c573edbd,0x54c54a2359abb8438143ae8b3c5ddd5c18efa995,0x87a3effb84cbe1e4cab6ab430139ec41d156d55a,0x0,11645665
0x740c99106aa256e994b0e8a47eccea9ed90bf126b60ad50ee2f103d92997e831,0xdc2133e78a34ecd7a8f97e8f2bdfd315bb586568,0x87a3effb84cbe1e4cab6ab430139ec41d156d55a,0x11c37937e08000,11645665
0xc647fd938c4dac10a45c3221feac99e8b5c06d8e49ca1b7b2431f75c4f6a044f,0x22cf0cc54077d0adeb1802ce36305dd561766fac,0x87a3effb84cbe1e4cab6ab430139ec41d156d55a,0x0,11645665
0xf18d16654534a4a4682604cd8fc2abf5fe594874115514ca48f79a2d52e1cda1,0xb7320a7abae91bde9db249fd09af886d8a350322,0x87a3effb84cbe1e4cab6ab430139ec41d156d55a,0x0,11645665
0xd3b6d1dbb66a988e858408adb8bb4318103a6b367dcc64f3c6d23513d5a1bed9,0xb9b390cabcc2aa9a22cac4f39550e0fe0ecf25b7,0x71af1dcd5b53cb4b1560dd516b9dfef925d0b5fc,0xe92a02442be0,11645665
0x0775125a804c03b114ae2d6903698d2922271e7b3ebee0687028376899798f39,0xa7894b5e7aa92e3084c674d52fc6b7143042b9e8,0xa1f78bed1a79b9aec972e373e0e7f63d8cace4a8,0x1fa42d977c00,11645665
0xee04735d5163cf8dea02f25ee4485e352596957d4fdb6fb44a90088cea23e48f,0x2670ca86ba68e3b69ed4bdf83366f4cf70783be5,0xe787c35f6a875567409c4970ba7b41a0cb9d1b4d,0x0,11645665
0x1d65af5adc68aa32d59f5cb581b85141dff174509a4f656e0491952391449be1,0x39b938b514027284426ba447ca28f686fe906ec0,0x87a3effb84cbe1e4cab6ab430139ec41d156d55a,0x11c37937e08000,11645665
0x3b0820dc8ee031a16231403baee8aef9fd666af0e69d20f57a07dfeb2944830c,0x426f44475679acab175dea0b36cf7b32386724da,0x87a3effb84cbe1e4cab6ab430139ec41d156d55a,0x0,11645665
0xdbc3d7880fde4e0aee3f9861cb5df7afc053a22bb6c3ad4400ac20145d1b9991,0x79c8044f5828727538169f9c96bef51dc1ed81af,0x8e91a2beccedacf8204be71cd23b37f2d47583fb,0x0,11645665
0x7077b8ed662902c4e253f9977d99f488d8d8e784952ba19bd2cd0975ede76871,0x3ee24b102887685d1a4a468d7673d978887c91b1,0x87a3effb84cbe1e4cab6ab430139ec41d156d55a,0x0,11645665
0x3983c093f7c854e334f51156c7003e8019210125a3f6a0f01f84243c4aa95d07,0x7971aec8614611f7f88c7f1b6b2e1770c31fc399,0x87a3effb84cbe1e4cab6ab430139ec41d156d55a,0x0,11645665
0x25910cf613f46c952971560e60cd548d7807a6bbe3fcb42d3e0ed6e9e7d82c17,0x525e5c12f6e347c3ef06a2706fbf2a51859e480e,0x87a3effb84cbe1e4cab6ab430139ec41d156d55a,0x0,11645665
0x580714eaf2e518320e6afa593f01e847d4df9bfe9a31ac3a3c41d3ffdc6a0b5b,0xefe698ec27fc000be87f8e4e9aab7421787366c6,0x87a3effb84cbe1e4cab6ab430139ec41d156d55a,0x11c37937e08000,11645665
0x4b0fd105bf68ebed79a892be5798efeb4701fba2b59416552a009618811ff12b,0xef1c614b187ff2860031dd10fdf6fbb80ae6338f,0xe787c35f6a875567409c4970ba7b41a0cb9d1b4d,0x0,11645665
0x0794f806ce9d41037bdcdcf5196914af4d5ea77fba5e53fb68dd71e25ba62d2a,0xabc09c68bcffb16311180891682780f58cbf7530,0x87a3effb84cbe1e4cab6ab430139ec41d156d55a,0x0,11645665
0x4cc241e4dd6957c7cbf32241b5388749d9920bd70eac9ffa153ca7e685817a63,0x70bf9f8bf1e00ed86bb9cb40d4dd427a901a6a1f,0x66a844f8f451e861e95121fc4573f79cfe541048,0x0,11645665
0x7778d7b0fa0ce520060a9fd05e35e4110df51b2723a29e75cb51008110dbc232,0x8d1914de684e60af618920cdb0e9db157f520735,0x66a844f8f451e861e95121fc4573f79cfe541048,0x0,11645665
0x1be3e37022af632e7c7aac21e5368af4700c47e6d5490ef777d4eff5f0eec106,0x514e085cfdfc8fefd8cfd011daf5f8c5e5e27d58,0x73b668d8374ddb42c9e2f46fd5b754ac215495bc,0x0,11645665
0x53c841066e65bcf8cfa62c0beefb40cc9c701f39d6ddd183ba05d0a4e9a02a3d,0x70e3fb28e1794bb91d5bceb7d66b731d0c61af8e,0x1c7d4b196cb0c7b01d743fbc6116a902379c7238,0x0,11645666
0x25181faba79a8cde9c935a9d110861d4c34f4bd24abe6e9aacb97ee25f80ffed,0x3f69febe1623d743cb2cb028817533742d53f099,0x548493061fe7e2ab9367c1d2c8e64855f779b400,0x83c929072800,11645666
0x8bac377428803c14fd03f963bad45424db8232595bc6caa45575d303ee4082d8,0xd4c0b787aa2ff9eb751bb515c877ebbf2daddaae,0x1c7d4b196cb0c7b01d743fbc6116a902379c7238,0x0,11645666
0x27b0e46cf522f63df9cdd5c0d8b2cd45ea9a1cf423ededd73c74ed9a8132a835,0x809cb1378cb2775816dd14d1a3754a536b066889,0xd06e0000000000000000000000000000005fdaf3,0x0,11645666
0x2a8d89e459004ca33a2288734317b13c3817d766a7a6751bde977c7d4b6496b0,0xdca30b25f602ddd4135b64c1740f09937b58e1b1,0x803bc3291b79c118eb6a8431a42b9946bbc4ee36,0x470de4df820000,11645666
0xa47445194dc58de56107ff9305ed6700b92ccd58e3d6f66168fb8e5b0a7b58d2,0x790bcb43358e01142fdaf6f097976d216676add7,0x7288c0fa78d407d2f463910ceaf524ff34473d70,0x6a94d74f430000,11645666
0x3f5e10a1b7e4c394a5d2affbf2e6af70e0743a38490762a601c5921aac642800,0x69394d9fb0cf4edab537804d8eb1639b07471ec4,0xd09416d328dfaa07a422a1df233d1d968b80fbf8,0x0,11645666
0x49640ff9caffaf837181b5e2396a17a3cd42a0f679def607572e76da02b8a7d6,0x54846a638d883ecb2d4874f3265251e9cc744690,0x18d18a40614b6d8c6154309f517acf9829308842,0x0,11645666
0xb126465d057c58ef8238fde0eda79f8f89e73dadb2d23117986136d0353fea93,0x6ca5a0117bc1eefe721065d3e96a57c613f5805b,0xd7ecbc8bf36bad24b7a921dc399c7a6ccecd132f,0x0,11645666
0x67cc11e8f287cd19685a35d7b19ec5ea34e2bcba864bef063f657abd2659c9bd,0xd0edb048f7d9423d5a5a174dc7746e55c45235ea,0x3c1ce9d332ddf68202705689b4ee8e038e825eef,0x6a94d74f430000,11645666
0xcb12b08ffbf7f9a1ca39cb85e13ca00d2405832865ecfae4bd1cd73aefd302d6,0x667df8dc9a48aa15a64275a32e7c2588855b1f48,0x956962c34687a954e611a83619abaa37ce6bc78a,0x13e52b9abe0000,11645666
0xc5b409cc038eca6361b33b7b5b81de2732566b49296d5e71876dd424f321a9ca,0x47e5902a48c5fbaba166b118cd159f2f5a84707b,0xfa6419a3d3503a016df3a59f690734862ca2a78d,0x0,11645666
0xc8e75c2d93691d016a47145c2b7b972a72287a33f1461defdaf22ee83226ab54,0xba7af4ff71f138f7f55dca2edf78fddd6cf2a066,0x99bb09726b22bdefdf1cfa87074c0fa8ed49edf8,0x0,11645666
0x68cf78a06a8da968c798a77d4e85d1358ae02c6b004521171f0e0902c4692b28,0x1cddc02c1e406396f46cc57742092aba1adb562c,0x87a3effb84cbe1e4cab6ab430139ec41d156d55a,0x0,11645666
0x8e436283c39ce2b488a9ab0230a79a52ee16f05f19d84efb9a9e0b3da24b07c3,0xee1dcf2980834ee7e537d8fc15c392da76c09565,0x60e8f2b6f4ae6cb53b034ca892e520b32ec129cf,0x0,11645666
0x3db68bf206edf80856c93b95b48a116a76e107d5329573fb75908e43b9952d10,0x47d38a18871b92c6e0a3584274b2025f6a1d6a35,0x87a3effb84cbe1e4cab6ab430139ec41d156d55a,0x11c37937e08000,11645666
0xc9fb87b45d11dde6cf65a739eb636cdee2462d5c8ded657989a922c0ea5ca51e,0x25da8bfcd391841ddc5e7ee2c46dbfbd17a09503,0xbc48fed343e7db06318ba83814a7fa2dade7e505,0x0,11645666
0x9ccfb0a779b9204ea70c0bef8ef2204661d226e00f34e52b02ff27cd6b5d7a31,0x91ab9574e0ac0b604ee86f91059be8b3c525e331,0x87a3effb84cbe1e4cab6ab430139ec41d156d55a,0x11c37937e08000,11645666
0x9b6de3299c765358e33b180b0612a3d7d23c6618ed1f0e39b9ebe937a1cc33b5,0x285c40cd666937562b9bb0dc20b8cb5b03c17369,0x87a3effb84cbe1e4cab6ab430139ec41d156d55a,0x11c37937e08000,11645666
0x59ade70d10643343096497e4f698922f567539f07407388ef88053fbc2bb5e21,0xdd5a09d9636777b899678a4d4ec4f9cb784a5e06,0x87a3effb84cbe1e4cab6ab430139ec41d156d55a,0x0,11645666
0xb277ae03d85d61bc0681fe59c4327046e0118c308bcb708be9c90cba0abb412e,0x0a85e2bdb7412aa593e921a5f195bce4ab904912,0x87a3effb84cbe1e4cab6ab430139ec41d156d55a,0x0,11645666
0xb0b9c1694ef3934ae2e5a24a4a9d93e892efb1b06d9764ad40bda031c257b6a0,0xb0b98c159481c7afd3fab558ec9593ba6f64e2b8,0x87a3effb84cbe1e4cab6ab430139ec41d156d55a,0x1001d1bf800,11645666
0x475a9369195de1d7162c69ac11b87e5baa98389d951b32941d10a45f72f77bc2,0xc65cefa4e64e86259532156071c9fac4d1172435,0x87a3effb84cbe1e4cab6ab430139ec41d156d55a,0x5af3107a4000,11645666
0x11b7b8e0e5f382ef07b8dfc526deee132891b4821f594bafc2292502e0729250,0x1c755d0d4cea7ce32822fa647b5c4973cbf4a88f,0x87a3effb84cbe1e4cab6ab430139ec41d156d55a,0x0,11645666
0x0a7e87dba5de76a9852921d861fd851aa6078002f3208fffe37d5d276e16cf8c,0xc565308a70e4e24f4da3d6945982586614b5cae4,0x87a3effb84cbe1e4cab6ab430139ec41d156d55a,0x0,11645666
0x57ffcc162776793ef522cf510a4b1fc866d03595d66807ea0855c278a6cf1430,0xde0f58ba24c005df8503341f3231308d61bdb5f2,0x60e8f2b6f4ae6cb53b034ca892e520b32ec129cf,0x12309ce54000,11645666
0x8b02e6b377b33d3042719739f6ed0f3c8e22680426630b253157d2f0f41338a8,0xa7c5053d809cf8cde9b9af62a66fbedb5334ca15,0x87a3effb84cbe1e4cab6ab430139ec41d156d55a,0x0,11645666
0x572fedf461e962771cfb0d51a564b464708400aad072c9708692c7a2a9d6bd7c,0x31d153d9fda885faf6c7942020bb47fa42cda57d,0x87a3effb84cbe1e4cab6ab430139ec41d156d55a,0x0,11645666
0xf327a33fcacbea26cd533c5c71021f04076f7451e6a0bd602f4bbd6879e2559f,0x88792493271767149a1c3fa3882455a728a75f2e,0xa6e41ce98de8f906a804e7dfe029d252d3526d68,0x5af3107a4000,11645666
0xa6e283e76b1267158ff1fdf22df9b7773aa32a1ff09c11300661eeedf8df09c2,0x30eb92ccb8e8d7eb03595b30f4b0664fbe1063a7,0x3c3addb17e41a882f2d8e21642ca7a25e52f3def,0x0,11645666
0x7c01fbddad2fb539dbbf1b6e4d8598800572766d8d4ca2110eae52068366c42a,0x1dcd8b37da531ea73b31da5f2f091721b3e0b38f,0x87a3effb84cbe1e4cab6ab430139ec41d156d55a,0x0,11645666
0xadfa1ff8e7cceb29f188c33ba65793b77e1e8693d183062a7d2eaf0b62a1a661,0xc0af0b4a408097144faab796a7a2ebf58403323b,0x60e8f2b6f4ae6cb53b034ca892e520b32ec129cf,0x12309ce54000,11645666
0xead4c92b79afddb3093a1182eecc33687dd892ec89b6415930bc2d6e4a35741a,0x16d4388e8a1de047717aa04b4250836dbf3add76,0x87a3effb84cbe1e4cab6ab430139ec41d156d55a,0x0,11645666
0xc6f15cd42fadd3a313a08babf9e7b4c81f1711da66df25b836872b13e8e68e6f,0xf15434e76bd53c9c60bfbbbcf37793b7fbd07f3d,0x87a3effb84cbe1e4cab6ab430139ec41d156d55a,0x11c37937e08000,11645666
0xeb4c47951d4d323d863183ed31960e9956082170be4cbce67c9be50d6f699739,0x5d57a09ca272bcbdd313807d93c897b7fe14202f,0x60e8f2b6f4ae6cb53b034ca892e520b32ec129cf,0x12309ce54000,11645666
0xb37914ac09328a0aedc28d4ed029466e0926df1c503e062bf2128f900a55520b,0x03eeb73365beededb0b643ffe67d11309b1c08d5,0x6a36b159d8f58fc0235649302cc3846c3b381120,0x11c37937e08000,11645666
0xba224d5396127951e3453e4831203e715ff02578dd932c04aedd548cd9ce7749,0xe7aede01a2024c338dcbd58ad009b1a6b5f2f198,0x002a66594b355c2560e862e2de10b89a77fc6655,0x0,11645666
0x8002bc2a56dd565be0e0a5d757b1abf7cadeaee86d677b2a5288c03804e543a4,0x85e5551a01a3eebf34df650c0062cb80abd1661c,0xfdbc87b5ef6d8445d7c81a58f4dc00ae0a52e977,0x0,11645666
0x19bf8ca568d1202bc6ca2b609be612af635c1894ce9ca5f9b2744bdb469d913c,0x578521e658a20483a6b1daa6a163c05fb45e20be,0x0c88262f03b183dd183c2fc7a78578dbce1e664c,0x8b2716a69000,11645666
0x9b0cea6fa444c3d9261cd16891a8ac7d6ca530ae4307fd4e33c4649d604450df,0x050432aafb58f7fc36803da8b6cba6a1c1bd622f,0x0c88262f03b183dd183c2fc7a78578dbce1e664c,0x5f7f37b39000,11645666
0xffc34ca6c1f1fe34da4d08de4dd6b4b56f7e5f45a17cb22b358e723876c44e9d,0xbfcbd2bd02a00df67aae231821377926cbd4c1e3,0x0c88262f03b183dd183c2fc7a78578dbce1e664c,0xb07125162000,11645666
0x865f82404844bd718451b8b7d6cef8ece3817713402930acd9f0abea3c552f2c,0x82fd70465ae2c1b0bcd6f31394b6286400a50f87,0xaa533bd9a11162a7afe9f8e46130db31aabd4489,0x0,11645666
0x2c0d489c3d3dc022ca48db68c7d99dc8b92bb0262b4fc9d9818215243c6ec712,0x057135b30c5dba3c75bc7b9b47f211d0434a32ec,0x0c88262f03b183dd183c2fc7a78578dbce1e664c,0x952839be4000,11645666
0x61f1157c9795f6ad15b24db6f205bd70e645c059980f62768c3d83f6c2ae0506,0x9a4988450833c0c71f0070542422b4be62cd2a52,0xd7ecbc8bf36bad24b7a921dc399c7a6ccecd132f,0x0,11645666
0x6e20b94338eb14d37dccb0703e8d45ef04a372325465726f492c9b8b66442731,0xaf026e42f5f8a0dde581bc214091219b8f4a5e6b,0x5ff137d4b0fdcd49dca30c7cf57e578a026d2789,0x0,11645666
0x327806f4b189db418061cb462eacbf49affd8fab180f000dee6792a68f03b989,0x7076857764cfa88114e04c913139be5a5db2eb6b,0x282704687674a2adeebc572ae2947065a0c98607,0x0,11645666
0x5f9475667a5efe476001aab9c66cc52477e21c581ac9c2f62ac396c0f89e7d7c,0x6ae3171fd5ac6cf13b29b59451ec1b70e471ad53,0xd16ea5b4e88f433cc0d3b2e1224311e1419d627c,0x0,11645666
0xd573db8d1194df54f4a8a108563061bf6dd0d335841acadba818f12e85fe9ad6,0x7c4db55dbc569915e821433aa3d0fad1649f009c,0x7e8b0dd71be6c1216fd7334e7e5eae8aa2e7276b,0x0,11645666
0x03abd96038fef166c53a2251e818c483e439999fd6c2647733a26c055568d28c,0x5ddea5169f7f6d37b6fd4a22714f94d03ead0a63,0xbe67eb1d04a52a94adb2cf678468bc0c80eb48f1,0x0,11645666
0x39af01d2afebe38cd7a55ea3c0baf62f3a93806cdf1934ffc604e8e7084b839e,0xdb419d62d691b6032f65aee27c80c9bfb2fd4f91,0x803bc3291b79c118eb6a8431a42b9946bbc4ee36,0x38d7ea4c68000,11645666
0x193fe57b47b32842262e1ec5f4c2531b218ca1734baee465c84728af09ef026f,0x45bd8bc15ffc21315f8a1e3cdf67c73b487768e8,0xff00000000000000000000000000002511155931,0x0,11645666
0x0b246207d7e3296a3f51e37cfdb94a5b494cd5c7d977ab0b23f5656bde8f9c26,0x10984aa7ee3f6766210bbd615585929b355ffb0e,0x590c95c6bfbc5b95964701cc90ef6bc33a9e3427,0x0,11645666
0xf1dfbc2f59cfaebf23eb499c9e97a68439f2e5f19285362d031ac16f0629b308,0xb16ba898db5bc2ec261ef5218740c1b162a1c9fd,0x590c95c6bfbc5b95964701cc90ef6bc33a9e3427,0x0,11645666
0x8c361e90ce3c44895a67517db6354f7c77bb5c60093f0bf60aff9c131b839f13,0x57514d6c07956bf94311b9a2f98f08c6f59b705d,0x590c95c6bfbc5b95964701cc90ef6bc33a9e3427,0x0,11645666
0xec2e936cb876008b6253ba84b476b616ab36cbab67d1e4e01ca8cad14522dce2,0x753b1fca5588706492cd89c7d2c287db236be03d,0x590c95c6bfbc5b95964701cc90ef6bc33a9e3427,0x0,11645666
0x1f5ae47c96a00c7f5cebe60bc7103841654a71c5276763e59346b73fbb84b98a,0x0145e2297a047faf1e918b63dbd164966646a3af,0x590c95c6bfbc5b95964701cc90ef6bc33a9e3427,0x0,11645666
0x17959d353fb1a2d6728837d7fc91323f778f85f0cab10cb7ccec7d7d3827dc66,0xc517f2cf2858abee3d0e2a3f9fd87f26a4d5646d,0x590c95c6bfbc5b95964701cc90ef6bc33a9e3427,0x0,11645666
0xc43f1bb44e3b68baa8932f88311330cdeaa0ef0206c1ce9bdb37abcc1da2ed3e,0xe99a0b30e1b9d08398e7533d49cbb63edb7e7626,0x590c95c6bfbc5b95964701cc90ef6bc33a9e3427,0x0,11645666
0xadcebe11ce97cb88784e36a163be009f93134a0bc9c70652c83c4535c205e7be,0x9999fffe0fe59aad3b7b206841fa1821d186db7d,0x590c95c6bfbc5b95964701cc90ef6bc33a9e3427,0x0,11645666
0xf6442de58baafd476ac2e1fd61b45e6e04926e28ec725cfb48e2e63a5a0734a9,0xa360cb036822c059eb9f03c2d4f48a94e5fd9ed5,0x590c95c6bfbc5b95964701cc90ef6bc33a9e3427,0x0,11645666
0x53dae95fa06fbba8e4e6eaf7b5f8b614a0126006ea024fddfd5ac31ea49ebd62,0x5493cf24c78251ea171e57f5e4a96c4ce4fca6e4,0x590c95c6bfbc5b95964701cc90ef6bc33a9e3427,0x0,11645666
0x6daf0d5ce5bbe363545c2cd136f5a2ce6feda7fd4d177456f7fdbe13ab702c92,0xc4ace2d74d6847034c60590554779095c0b9c1e3,0x590c95c6bfbc5b95964701cc90ef6bc33a9e3427,0x0,11645666
0xf55ed1da5da2c7e79eaaada679c3ce79f8cbe9f3304a44af346e80bbde77a023,0xbe7e0c128eb16aaefe05d63a97f619618b37ec13,0x590c95c6bfbc5b95964701cc90ef6bc33a9e3427,0x0,11645666
0xa94975e96480138e616a38935fdf2e90cd7a605136ff9fdb286eb4a6380e3a89,0x0df7e3da0337befc8e604e532498f8bc3ece0b82,0x590c95c6bfbc5b95964701cc90ef6bc33a9e3427,0x0,11645666
0x8874a7744beba0579f69452b3dcbbe5a25b0b7f166ba3c59ee1d9d082390e068,0x7da0da917b7ba2b624b83ef485ecbdde6d97bbec,0x590c95c6bfbc5b95964701cc90ef6bc33a9e3427,0x0,11645666
0x2f4f4e86aa789edfc09f80144e48a3ba8e491787bbf8c381683c79f3b6ac2513,0x6e7dfc666514bdd1fc2903cd2e19e8c006077d8c,0x590c95c6bfbc5b95964701cc90ef6bc33a9e3427,0x0,11645666
0xffdb0627e326ed9aacecb50ef1c44a18754fb35db4dfdb41c948e3a543fc3333,0xc2fece2c0fd2592593f6018183721fb8c3460c19,0x590c95c6bfbc5b95964701cc90ef6bc33a9e3427,0x0,11645666
0xdc1444fb54de79fd99476ce47537bd382e32e1c5e70e67ada31820249147f2b3,0xb77a7a4583e9dd6eaf2f1a845a3915ebdff2e395,0x590c95c6bfbc5b95964701cc90ef6bc33a9e3427,0x0,11645666
0x6f44728610c687ef7947435957ec9bf9c1bcc24948444cf4ba46fc784bee0943,0x3f63ae7cb6ef734387aa8223cffa7d4e1a075847,0x590c95c6bfbc5b95964701cc90ef6bc33a9e3427,0x0,11645666
0x7b274a0fb9dffdd1731103397697135ec67175f1699944f1fa83e75ad0f950c0,0x020fcfa773401b090a8611329cf64acf4f1727ec,0x590c95c6bfbc5b95964701cc90ef6bc33a9e3427,0x0,11645666
0x33996cc36387de8bf727fce529da7bb7124b83dee028cfee86c74e2c0a9caec8,0x9fbab94921d3832bbb2fd3b93a06f17be2d1845d,0x590c95c6bfbc5b95964701cc90ef6bc33a9e3427,0x0,11645666
0x9439332a1bb6c259ef0a0cc5df1c2dc240e82fd4393bc248017c026f59abf269,0xd87873fa7b1a62c947ca7b3c2ae31ad356268cd6,0x590c95c6bfbc5b95964701cc90ef6bc33a9e3427,0x0,11645666
0xee4c25262eefecf572db483bea4f32049b4750baf61638cff2fc508ff1811742,0x5157592a233a7a8dc95b7eb916850681aaf1f098,0x590c95c6bfbc5b95964701cc90ef6bc33a9e3427,0x0,11645666
0xee7ad752a8aa77491082ba26b34aad63383aa55c8f602856d55f8493f425d934,0x3a018ecc3479326ecdfb9f54aa8cd75adda1d7a3,0x87a3effb84cbe1e4cab6ab430139ec41d156d55a,0x0,11645666
0xc45a2ad62f19310f9b298451d3c87e5d7a75fdf25ad2bfe254ec186610055321,0x37185a74514186c33c9286dabe8330a0265a3d71,0x2dd9273f8208b8393350508131270a6574a69784,0x0,11645667
0xa51df8ecc19a2873e79009cdbf977caa53a3249daae6049bc7fc83ef186589d1,0x6cc9397c3b38739dacbfaa68ead5f5d77ba5f455,0x1662c38c2c5da9eee79225724e9ee5c86df7a0d8,0x1a6c5de98458000,11645667
0x9fc20f5146b5000b75e6939cb6a1af5aa7247d3eca6a705318b8814db2f8e95a,0x6cc9397c3b38739dacbfaa68ead5f5d77ba5f455,0xf4679b820e7cd756eea3feda418d3303d63074d3,0x1a3385ff37f0000,11645667
0xb00928715877f37918b32f5485bc48c43b14122575485e2622ff7eac1b3309a6,0xd844ba11f64d23a7481e24474d2f184e350b9b3d,0x1c7d4b196cb0c7b01d743fbc6116a902379c7238,0x0,11645667
0x435f1562dfca1c1c4b7eef99afb2b6f5fb38a74f13e41de7659cd1cdc4db63d3,0xa4570b450feab35b6c4b362dbe0e522f64e362c3,0x00289c189bee4e70334629f04cd5ed602b6600eb,0x0,11645667
0x005eb71f572796d673fdb32dbd05a7445afa383c2c14419ce2ebd5982778bc6c,0xf031249dcfa91b0234fbafea77ffd85ed032cb70,0x2c41ed6294a15f5fbc731396fadb4723ee397f25,0x0,11645667
0xe00152179fcab2066a05e996eda5330af3a18ffcd24f4dae8d0032035d3a7e64,0x94335aebce698f1bec189a9defd0c632f0389c67,0x681bdd3c5c53892615038f9a4f834e0340406ba9,0x0,11645667
0xa195afde5040b41347b99b48032885675cacee70f4190a2e4dd54867473ab0cf,0x600ac89841d3ab2c777c48a5aee8283ecd28d378,0x9b5cd13b8efbb58dc25a05cf411d8056058adfff,0x0,11645667
0xfd21005853ca3b013539f2b0322261f925d6b5805955cd2148915fc50127efb4,0x248fff2dded1734e797833ca6c5958bb1adee1a2,0x2d3aef597807bae2ec3dfaff02ca8e410d8b3053,0x0,11645667
0x85a8ed24d7d3245cc44c46d3cfc5e70c3cf98324c0dafa48a10cb612480554d7,0x75ddb0a7161c717a0443967803c6516cf1e39ca6,0xdb9b1e94b5b69df7e401ddbede43491141047db3,0x0,11645667
0x67692785534fbded491a515a9bea88ee797bc9e8b340abc40250cc8ce4ab4fd0,0xb82194c3a8733bd16e5c62786ccbc592a874494c,,0x0,11645667
0x98c62911c8881738a1aacd748cdd58a92c72d87bee1fed53c21303aeaf04a9da,0x170914bb946abcbeac69850338573411b3886ab8,0xf5eae72cdec35512adf3290c3cada2bcc09d62dc,0x6a94d74f430000,11645667
0x36ccf0b2a6c835bebaacaaba91c6c383a79c513fe9b94e43f111d42c53880046,0x47e5902a48c5fbaba166b118cd159f2f5a84707b,0xfa6419a3d3503a016df3a59f690734862ca2a78d,0x0,11645667
0xaa63197363e66f9421ddd02330e9eb80a8a58cd2ed79b7476d4c6ee8a1dc0238,0x54846a638d883ecb2d4874f3265251e9cc744690,0xdb9b1e94b5b69df7e401ddbede43491141047db3,0x0,11645667
0x69747adb96cb177b71b14523216cc4c18d8dbc4b8d94db7585c1306cbfe7f073,0x43e845ddd8c7bc1f93a2b6a3bff425189c496005,0x956962c34687a954e611a83619abaa37ce6bc78a,0x775f05a074000,11645667
0xdbd52f924af7f0f17ce77dc6bfdbe23a6e4f24aab12d8215cb3ae7f464f0268c,0x0c1dab9dfc0dc8b522f7f4b3199c5b7357607a81,0xd015239d9e25ddf00c7f855660f25a9360904e15,0x0,11645667
0x0efd474e48eb78f1371355e697f3472d5ca5a8eef41fd9c777aa8ee8a22bb6f5,0x941604790863b692f6f79474c5264d0fbdef89fc,0x00e71cbcf7e567977524993751ebdd088dc39ab7,0x0,11645667
0xd9e95e4adea5b669691235ca8439d014d963228a55588aaa3c085d701a8b6365,0x48813bf46744a068f358e59183fa9f70cfb357c1,0xae36bb945247e905941bdf4cc721a5bb1c719651,0x0,11645667
0xafd222459892275b0bc2d83e7314fc107d36024e22adcd6f6fa6477c6e37c298,0x13a6596159e231ed08d073856839cb2ec05ddacd,0x4e5840976789b3be6b63665725524324916ecc37,0x0,11645667
0x15903125c5bf890df2789b9d2b02f326ccf50d7a15c5721597d8356b04bdf800,0x91ab9574e0ac0b604ee86f91059be8b3c525e331,0x87a3effb84cbe1e4cab6ab430139ec41d156d55a,0x0,11645667
0x2c7a1cfcb8c1c90a928fe50098f53ab1a816286d7cd6a6bc7d7e9c1479460b68,0xc65cefa4e64e86259532156071c9fac4d1172435,0x87a3effb84cbe1e4cab6ab430139ec41d156d55a,0x0,11645667
0xa931416537840ab97d0c0eec665cdbf11ec48a173a902371faf90884a4260891,0xf50d8bddef36381f19e902f6f6fc3265f80fdaa5,0xb8821e3efe9bd753385f6ce1b20c25652f0ff25d,0x0,11645667
0xac7f8a380d75c39bbd1c2073c342ed698fd4cebcfe9b2e2b0810f41c44bd9465,0xdfb9912eca762612b164001aa8adb531906060fc,0x60e8f2b6f4ae6cb53b034ca892e520b32ec129cf,0x12309ce54000,11645667
0xd6c65364a02fbb5b26e1c3648dfaf63fdcca132f9b69ff33724822b37a703841,0xb0b98c159481c7afd3fab558ec9593ba6f64e2b8,0x87a3effb84cbe1e4cab6ab430139ec41d156d55a,0x0,11645667
0xae47f8be2e4009dd11f275869479e0c2a50d7b760096ba33fcf15109ffd196e3,0xe274afd3929c93aa228b915cc27ec87ea1ae51cc,0x9ef04f511f123e96f5d057ad4db589e935816f86,0x0,11645667
0x606d8970a9881a4ac99307d6b1a4bfa64f081f8202260ca9a96b70d5506a4117,0xf423590e027154aecd6a269918ce91118dee7e6d,0x87a3effb84cbe1e4cab6ab430139ec41d156d55a,0x11c37937e08000,11645667
0xc489fbc2d808c22a13bf3c270f915f47d5678f249be48fe4d2e38cd03cd0ab3e,0x713494bf48adc50515d4d09a34075345646b9c17,0x60e8f2b6f4ae6cb53b034ca892e520b32ec129cf,0x12309ce54000,11645667
0x84d017684b98969b1b3643e269b3d1590b7b77ec350995a0dbdbd6b9ba8a993f,0x746d195b17467fab44de7cac09a4905247540434,0x60e8f2b6f4ae6cb53b034ca892e520b32ec129cf,0x0,11645667
0xca1f35c724cce372d1cb35c163c3d11957170e6b668bc9ba51b9495ee602557a,0x03eeb73365beededb0b643ffe67d11309b1c08d5,0x98e8a7e81450ecd00aedd2d6ab5cf66a4c38481e,0x11c37937e08000,11645667
0x8e24cc7bcf7bb89887cfbdda45190ead24a52f6e7292675747bc7b5f9d478caf,0xe99da548e2fc4503230322fe7f25e5b7307633b6,0x87a3effb84cbe1e4cab6ab430139ec41d156d55a,0xe8d4a51000,11645667
0xaeb5f40273572ffb71c28d662fcdb3733bfa12516b928164b0742de4c8652c43,0xc565308a70e4e24f4da3d6945982586614b5cae4,0x87a3effb84cbe1e4cab6ab430139ec41d156d55a,0x0,11645667
0x5895b5bfd8aac9384bcea1d913090550559ed08d4a4f171fae4c0193cc1b4826,0x232e274676e865e341b02348a2173e8856891b0a,0x078e22ec2be846c15a38eff11f931dd0df0d4988,0x11c37937e08000,11645667
0x22805d8fff7ce816596a1b85d2952c4c102e82003387b6deb67d2302233ecaf6,0x47d38a18871b92c6e0a3584274b2025f6a1d6a35,0x87a3effb84cbe1e4cab6ab430139ec41d156d55a,0x0,11645667
0xa80fa45f09ac0fad8dd04e33c850926468a43910c50b8e0956f12460740d818d,0xaf23088b8284ecc0739855fd8ef3e83116c56666,0x656f369f933b7512aceb135b636921b50c30f441,0x2386f26fc10000,11645667
0x0cb64a52b653eb3b7284990752b5ec87183244c749cdf52c53ad2c548e7c9412,0x56986ed1c28dd2176d1ddeacebd1f6ac9b0a20de,0x87a3effb84cbe1e4cab6ab430139ec41d156d55a,0x11c37937e08000,11645667
0xe9fdb2188f30625cb2610f2465a79d4ae18be34e22d1022e646cfeb5369911c5,0xd1b1d945396cf7b69a72caeaa376218bef094fa2,0x60e8f2b6f4ae6cb53b034ca892e520b32ec129cf,0x12309ce54000,11645667
0xffbc45bf3fc23c87b5c069dbd1e31d66c30110137a7ed91b9b2d748526e6bd05,0xbf4f7f85acf0bda476aa86035541123285d9b715,0x60e8f2b6f4ae6cb53b034ca892e520b32ec129cf,0x12309ce54000,11645667
0xa1789373aafa75333db2b3c4d02dbbe30caaa73412bd83abf91025be82c51f24,0x7d6c41f022bec4d5a2765d7bfb9ddd7822550be9,0x90f95e49d410a1308ec78001b6466822117ba6fc,0x0,11645667
0xfc9fd6386170201c52322ff0f580d2f162cf33680fd3fdf5fc3f9bbab71a605a,0x285c40cd666937562b9bb0dc20b8cb5b03c17369,0x87a3effb84cbe1e4cab6ab430139ec41d156d55a,0x0,11645667
0xbd44509329501f99c9c8afdc44054bae2e961e56b55fe4fcc6e06300a9ef1491,0x46dee90e70e49fb3efd83ca9b3249fb490631b89,0x00aed28667cc89d32e8b758f95e0b521afdcb876,0x0,11645667
0xbf2ae46a64bc7bd01a94a318e6ef2c6c0e1e5bac1168c64502c729a7200327c5,0x030e1c87dd7d423bacc5742f0d9a7cf91ffdd86f,0x00aac9fb26cd11d3a34b8709c096aaf20a391158,0x0,11645667
0x8a791b4fdd345f02a9800e8a59aaa5d813bb532cc02aa469b43b1fda97dcf79e,0x420b492aaae15cd447067c4359bdff4fd0a75ff0,0x00a6f95717111bda93450644625cb3aa9abb315c,0x0,11645667
0xa5683d56f457561d0f892214fb644e8bba57c3cc655f1693e9f5da561e79f3f8,0xba7af4ff71f138f7f55dca2edf78fddd6cf2a066,0x99bb09726b22bdefdf1cfa87074c0fa8ed49edf8,0x0,11645667
0x3d4f5107ace4f8664e72555dd3f602ede04c974361205fb7e44130fff6212fd5,0x216e9b3a5428543c31e659eb8fea3b4bf770bdfd,0xfa6419a3d3503a016df3a59f690734862ca2a78d,0x0,11645667
0x1a57dcab300604aa3fd812604dceb4b8a3e8ebd93a2c4cbba0eac926f1aba6fa,0x057135b30c5dba3c75bc7b9b47f211d0434a32ec,0x0c88262f03b183dd183c2fc7a78578dbce1e664c,0x6150e0fdb000,11645667
0xa60cd5700e490776cca8f63c91f260e29303ad43e0700f83c87649c445ea4899,0x050432aafb58f7fc36803da8b6cba6a1c1bd622f,0x0c88262f03b183dd183c2fc7a78578dbce1e664c,0x60680c58a000,11645667
0xa74e06b96be05759856d69fc84d3dcf489ab4ac1901f8f27c1a27223d5f948af,0x578521e658a20483a6b1daa6a163c05fb45e20be,0x0c88262f03b183dd183c2fc7a78578dbce1e664c,0xaf8850711000,11645667
0x62ea5d57c19cd1b71b1898e06078b454640690080eebf18632d8a8913f208237,0xc64b93f33c73fa2c72c48a47056ba4c2535ace8b,0x0c88262f03b183dd183c2fc7a78578dbce1e664c,0x1729e7cbef8000,11645667
0x69bd308aa96086e31ba6004babc61bdf1ff59e3dd8de1bfa53fabf32e9b8550f,0xbfcbd2bd02a00df67aae231821377926cbd4c1e3,0xd8a5222924dae3d3c6b08adb95d929845f1f5dd7,0x0,11645667
0xce48e8af8f362cb05b3c45d1beeb32de2460927904955861b171a4f56024c59d,0xd971515fc4e705853c72fbbb87b9df243a4a9268,0xaa533bd9a11162a7afe9f8e46130db31aabd4489,0x0,11645667
0xb88f038cedf52e7f8eaae1c7d7e4fedb84c13eaf0d281bcd6c93bbcc74641c71,0x7c4db55dbc569915e821433aa3d0fad1649f009c,0x7e8b0dd71be6c1216fd7334e7e5eae8aa2e7276b,0x0,11645667
0x1ad25f1a5aba66e90a33573191a3d913034a44f09c4274bd59f174d6f4ede720,0x757816a5a4bfcb5ecccdff6a449696ed685b79c5,0x4e1d2c2ab1c4f0ae3104599dd8e0bbbdf08698d5,0x0,11645667
0xbd4088e3228f7c863d4364c69ed9fd809107747e931fe8e484523beb40c76218,0xe4765a5d7335dad51b3058d0b8edee540d149a21,0x69c6b28fdc74618817fa380de29a653060e14009,0x1,11645667
0x40e327671f87ad214fc247c2eb9573e7c0b32972dc5c7364993050eaab381439,0x2da0fc66c0b36bb1c187a6f2601cb872ad123f8c,0x8cf7c7afa3457343cd8c3950498a0eec6dd0e2fd,0x0,11645667
0xe7556040ff79ea34e04a4e829b35f09c1d0c8b00f8927fc595b4614a96f9ba07,0xdc9d3015a4a391607a835b87a292bcf030af24e2,0x9e841c03218e36a785c1c50f2f74fac5d54656da,0x0,11645667
0x28009c8aee7fa828708cc015f237dac7db8d108f0b64af22c3d779bd77012583,0x636330f2de385f88b30e957119d66e03258439d0,0x2bd57c3ca216f0d38b18bcfd14595f12dfb13c35,0xb47a54b297000,11645667
0x68a0f78c684de8070668bf399b1e6fbcb0f57f106ee8d478e89cc64f6f4bb7a4,0xa6833e47ecde4abe93cede5824a03595097cd592,0x2bd57c3ca216f0d38b18bcfd14595f12dfb13c35,0xce748e5d3000,11645667
0x1b22a27d4f726e417bde0217f04e99ed75c36ae27dd62e28341bfae7a9a168dc,0xd6cc7121cb82e46482b1777ff9556990dc680603,0x8cf7c7afa3457343cd8c3950498a0eec6dd0e2fd,0x0,11645667
0x59bfcb8a1cd5a721f70a4ad35f190fb87d7dc95633a5061777b8453fcdf0b2d0,0x998b15b9c9f3ac9a497441463ab4a4678735335e,0x2bd57c3ca216f0d38b18bcfd14595f12dfb13c35,0x7a62460339000,11645667
0x362e11604efceb0a77010f18c750d5ca4ba787bb171cc0438ac031f3c9055ad1,0xc28a2af7965adefc19e7644a7dbb80b4e39dd64f,0x73b668d8374ddb42c9e2f46fd5b754ac215495bc,0x0,11645667
0x7c955679040aa30ec2cba66dafaba7ebb96554c120e0341539a7d3391836a7cc,0x3627fa847804c523a2866eb49a54e40110001956,0xe787c35f6a875567409c4970ba7b41a0cb9d1b4d,0x0,11645667
0x5d25fb8ad8fbfa09161e0be793dd55595c14a40ffaf133172ddc68e609cb1016,0x3c838dec10146e36638c3f2f3d791f583903a9ff,0x73b668d8374ddb42c9e2f46fd5b754ac215495bc,0x0,11645667
0xe9972fcf5f624b63640c9e0eb2bc01d1b9a700d187f22a13199878e680bba3f3,0xa837b86e60fa22e99fded10fb535e2270dff9d38,0x236d1c3ff32bd0ca26b72af287e895627c0478ce,0x0,11645667
0x1948dd09b8ec31c86a65fd055f14fc8d9e1610ad1f63f24c86a7bbce02cbd01e,0x48956477e59e1050cdd0ca6de73f11ceba0aa8cb,0x93310a56147b1ea7486ab84f8d850fd0a216429b,0x0,11645667
0xc90839d8eeb621da00e5d9c57b4a5f8067212cc7d326b9c6d04d9364d9721156,0x8bd55152c3b67a6922df521006332bd1fc649f6b,0xe1487a31f96b4bb0013972bedc0e39f2fab7c500,0x0,11645667
0x2ee050a5deae8ea729b90295a2280de825f7929eb3aa32a90b88a5c0870f9552,0x8bd55152c3b67a6922df521006332bd1fc649f6b,0xd3830c58accd3e6eeec8cd5688be5b1d04a4dc83,0x0,11645667
0xd1f79224a54dfa2824c067048829048fb405d23632594d0960d79cb2ac2052b5,0x6eb914c2e17e74821752163478e19bfa70fd0c16,0x87a3effb84cbe1e4cab6ab430139ec41d156d55a,0x11c37937e08000,11645667
0x1a709c5d87844b132cf904af2df9e59409c9a19fc33bf2fe43c68a35fadecb81,0x46565eedb0bb948ae787dd105cce300f736da28e,0x00000000005ad9ce1f5035fd62ca96cef16adaaf,0x0,11645667
0xef6b70abd5eeae5303859670aa6ced16ddb47085462654854acf901fa6e5a1c0,0x92f5c7f79a7db24e87e94b8f3098e85513a04eb4,0xa1f78bed1a79b9aec972e373e0e7f63d8cace4a8,0xcbba106e000,11645667
0x0ffa05c875aed46e2781ee7906a99ae6f4f8314741ac6ca920fd3640300b85ef,0xccf30e110a751933c14192d36b1402e16022ef99,0xa1f78bed1a79b9aec972e373e0e7f63d8cace4a8,0x5543df729c000,11645667
0x0961855cd685e694cfaa584d7bb6528c1bd5749934439235371de20434c79f67,0xac802af530da16ad9a9029c388a7ab18b4135661,0xe787c35f6a875567409c4970ba7b41a0cb9d1b4d,0x0,11645667
0x5cd7119abbbac8a077d353b1e8df0f7b53ed070703c44950446d0329592f0aba,0x1b549f76e8eb146370fad8dfb063d884591f1b50,0x87a3effb84cbe1e4cab6ab430139ec41d156d55a,0x0,11645667
0x83e0affe344a5962c47769612aa1b3d0146caaf146296df2ea33309e299da847,0x965ae0818440f00c64b992d470e8967d20e298f9,0x87a3effb84cbe1e4cab6ab430139ec41d156d55a,0x0,11645667
0x8a03b0e95a1c9adef8a0bb8e70e86ed70c182ee08e0cf8ee8196a256fa7e1370,0x4dcd04039b557a767411e55add557f5a3d7ee277,0xa1f78bed1a79b9aec972e373e0e7f63d8cace4a8,0x9184e72a0000,11645667
0x612848c9738e02907f6bb56134c7b800ea231dcc2e9a948278f1c87c9e5f60fd,0x38f11b2cbfe0ca225dfd6cf3dcbed4e3be05b018,0xa1f78bed1a79b9aec972e373e0e7f63d8cace4a8,0x9a9d359ca000,11645667
0x301e01e84ce854abb588198efcb14bb4f9b410b6122063317a1e410de8f3427f,0xefe698ec27fc000be87f8e4e9aab7421787366c6,0xea30c4b8b44078bbf8a6ef5b9f1ec1626c7848d9,0x0,11645667
0x2e1964407fbd8577431ca92cb212f69716ed3ae6a04543b3bd568a144858817f,0x0ac9e90703134cb02d817d15ce736fe990427f10,0x2bd57c3ca216f0d38b18bcfd14595f12dfb13c35,0x174876e800,11645667
0xafc42ecac0c5da0ab5f6760802b2b93d0a85460ba73c4ea9b4b05a684fb41213,0xd5fab7e57c273ffa3e3c22167579d4feb1901e1e,0x87a3effb84cbe1e4cab6ab430139ec41d156d55a,0x11c37937e08000,11645667
0x008b358ad87b186ad38f710b0a72b95876d8070364eca3a9154dbec055377b6c,0xabc09c68bcffb16311180891682780f58cbf7530,0x87a3effb84cbe1e4cab6ab430139ec41d156d55a,0x0,11645667
0xfc49052daf903d4f9dc75d977265fcb93f41d629c7e4c2f2145c99d1e1aef1ff,0xdc2133e78a34ecd7a8f97e8f2bdfd315bb586568,0x87a3effb84cbe1e4cab6ab430139ec41d156d55a,0x0,11645667
0xa6215189cbac27e6a4ebab7cf57e58d53491e27c0ff6ffde743296d4dc029e3e,0xf31dbb51d67910ceca5f0a30a459127e0adee30d,0x87a3effb84cbe1e4cab6ab430139ec41d156d55a,0x11c37937e08000,11645667
0xd99f26f181c001ed286518486f069b42070863bdd3f1301a507d1b2fa53ffc2e,0x22cf0cc54077d0adeb1802ce36305dd561766fac,0x87a3effb84cbe1e4cab6ab430139ec41d156d55a,0x11c37937e08000,11645667
0x7e4942c4a7def9f1fabc1fa5ec23b3d597ec3ff266f6c96c57dba4e44bec6ba2,0xb0cf0a781b80b59125e74cb05867b396fd572276,0x87a3effb84cbe1e4cab6ab430139ec41d156d55a,0x11c37937e08000,11645667
0xc5ff6d0308853745005b79c9d71ad3c38c428a21f9ea8629209bd4f64264bab9,0xca8f3aeffd4c184aed9cd44f0e1ea2ee5345da6b,0x87a3effb84cbe1e4cab6ab430139ec41d156d55a,0x0,11645667
0xe2227fbceaaf9d883e58d78c231ebdaa22f481f07e398b87f22ed90a6f77344c,0x6663674ac201faaf5435d7a9a49592941549975c,0x87a3effb84cbe1e4cab6ab430139ec41d156d55a,0x11c37937e08000,11645667
0x592f9378226f0bb551538b333f5de871df708140e4ca8209d93e720cc538d44d,0x08f50f9fba7fe86de37b5ce26ddbfe2a5329b2a9,0x87a3effb84cbe1e4cab6ab430139ec41d156d55a,0x0,11645667
0x5aebc9c20183ff677826377cc5da27e2c3736679a32924e2c184e3eb7933cfdb,0xd324bac30a3917a6b55ca3f2d02436a2e609db74,0x87a3effb84cbe1e4cab6ab430139ec41d156d55a,0x11c37937e08000,11645667
0xa46ddf4df86fe70cb266bf7ad2b65b44e97ac09924995f2adb19f88ae719de92,0xe24f4a2e0a2e3b9842864e7c9407aabd00772459,0xa1f78bed1a79b9aec972e373e0e7f63d8cace4a8,0x9184e72a000,11645667
0xfc853d7e123284a83c5c631ac261713777d834c551155596c74ac9578e71709d,0xd34dcf42db574a9e51e89c5813e2e328a40c3bd4,0xea30c4b8b44078bbf8a6ef5b9f1ec1626c7848d9,0x0,11645667
0x72e2241afd3cc50da380ccb917dc2f399aa04e1e6e2d0813f7b64844a3a4087f,0xb7320a7abae91bde9db249fd09af886d8a350322,0x87a3effb84cbe1e4cab6ab430139ec41d156d55a,0x11c37937e08000,11645667
0xec8431324893c18c7e5f63a3112f81538d3066ce3c3f96b8215cf8e3d50da8f9,0x6bf19eb54833a83c62f7a8cd8bf0de3b511026b3,0xea30c4b8b44078bbf8a6ef5b9f1ec1626c7848d9,0x0,11645667
0xd2d90a86b9c4be47d1b5a9d42b4ec7080c2e2e161f624ce5c502fcca44cb4fcc,0x0d5c090bbb966f26dd574644eba01a3cc8682c5b,0x87a3effb84cbe1e4cab6ab430139ec41d156d55a,0x0,11645667
0xb03a9c635b9f66e91ec0482aca6452a2da78f27668dce05ee52cdb6feb240ca9,0xee1b1620fd6f1077ee5874c151b79b0d475eed1e,0x87a3effb84cbe1e4cab6ab430139ec41d156d55a,0x0,11645667
0xb227928429422f0efdfe265aa92f20ead4dbd2b76260facef0416f5aad4981e0,0xde9e6ce938a15fad5a71fa20f98f83b7015f3d9e,0x87a3effb84cbe1e4cab6ab430139ec41d156d55a,0x11c37937e08000,11645667
0x05bb8423ff9fce8c388ab239dc3ab4eebd9020726c83301888180b99dd79e4cf,0x525e5c12f6e347c3ef06a2706fbf2a51859e480e,0x87a3effb84cbe1e4cab6ab430139ec41d156d55a,0x11c37937e08000,11645667
0x87c13d5c18bcf43acaa27408171ccefcd2a235765d8260dbd606d3387dfa738a,0x930e55af89a6cf0443363bc1e369cb9727acba83,0x87a3effb84cbe1e4cab6ab430139ec41d156d55a,0x0,11645667
0x9792bfe007d6b6b6416ddcd28e7d6edbe54e1dc838aa1f8a02844000b84c1224,0xe86ad5013a0d4bdeb011f484f7a81692875aab40,0xea30c4b8b44078bbf8a6ef5b9f1ec1626c7848d9,0x0,11645667
0xd0725eb2e198a3c55110116e19777b1d477004298968df2c976363ac8f735627,0x4c1547bc531aafa12a0ffc2f367ca50cdded3f19,0x87a3effb84cbe1e4cab6ab430139ec41d156d55a,0x0,11645667
0x6229716949f3a298ce22432dbae4791cb7c4747e3b8ff52ae21dbb81d5e09632,0xc4e8d3e0d4e52572a3cfd2573578651a5b0d44d4,0x87a3effb84cbe1e4cab6ab430139ec41d156d55a,0x0,11645667
0x2da2e25905830e30233c2858e217c4b473751581bb776290c4da0ca7878964d1,0x7a923674037a66299c35e38f1f8ccc6ab7cd6953,0x87a3effb84cbe1e4cab6ab430139ec41d156d55a,0x0,11645667
0x8a81aa46abc1011f5c07dbd03afb507e38de16fcae2c27e9ffb3c6f81536cdb4,0x39b938b514027284426ba447ca28f686fe906ec0,0xea30c4b8b44078bbf8a6ef5b9f1ec1626c7848d9,0x0,11645667
0x4c797ba821c84a59392cf7cfe7f12b7b9fc500caa116f02327b1eb4c67bc8dd9,0x5eaf800465edd258bfa3432b98d35845a4c31bd9,0x87a3effb84cbe1e4cab6ab430139ec41d156d55a,0x0,11645667
0xf5f8e464cb152430d3dd522872f31a0f14fe8d622a1e7dbd5c0830e3b0ad57ff,0x490f8192725255c2c3de0cbce66312335ca019ad,0x41e88b8f0a06d8851acedec66b9012b109cac2c0,0x0,11645667
0x212db0504b22eed26ee7e383170eb9fe5d4bab15f10f688c729a574de2967889,0x5f2133c2d421becca329ba0a95ef437e67206ae3,0xea30c4b8b44078bbf8a6ef5b9f1ec1626c7848d9,0x0,11645667
0x79222aacfb115f6a941f4f7435dee162a2eb9812ae6372e5a85c31fd101a5e12,0xf49b537b2604ce01ffbbaed0132ac298c3d28d5a,0x87a3effb84cbe1e4cab6ab430139ec41d156d55a,0x11c37937e08000,11645667
0x25253af14ba988c57b27cb1e119bc89503db94f86715d57911fb0fde28a6f9d4,0x39dcc0ac2cd69084570d7f89f586bfb4dc957ed2,0x73b668d8374ddb42c9e2f46fd5b754ac215495bc,0x0,11645667
0xabbebd3395557f2b6c55fb2f1a0ef44c96e685b4a673de25a5f8958a5a2d7457,0xe78e9838b7788da1914baf926a8ac031fb61cb01,0x87a3effb84cbe1e4cab6ab430139ec41d156d55a,0x0,11645667
0xa1226ee134e6bb7ea79ece36bb54b313c8d906986c118127f962219f16e8c16e,0x91a54dd6985531506dadf2f8dcc4c0ef50abbd58,0xe787c35f6a875567409c4970ba7b41a0cb9d1b4d,0x0,11645667
0x82436527b6b964099548f3a0d1e0f558f72baf4a2535a26d8b468555793ae2c2,0xa17fe582957563c195221bc93ad1e4650cbbd821,0x87a3effb84cbe1e4cab6ab430139ec41d156d55a,0x11c37937e08000,11645667
0x6576ee4f3d0f4504d97a8135fe2e5601f4fcb1dc590c2797d7f3cc4fd4101acb,0x7971aec8614611f7f88c7f1b6b2e1770c31fc399,0x87a3effb84cbe1e4cab6ab430139ec41d156d55a,0x0,11645667
0xd7561f7b914b4f55c66aed683bfa9137a51abcb4aa5b7a123dd02fe27b048894,0x426f44475679acab175dea0b36cf7b32386724da,0x87a3effb84cbe1e4cab6ab430139ec41d156d55a,0x0,11645667
0x635ff6dc9950d056850b0f00478382a60d33a7251d8f93fbf253126e8d74b100,0xc02d72087b5702b7a27d4110629b10f36b0723bd,0x87a3effb84cbe1e4cab6ab430139ec41d156d55a,0x0,11645667
0x9ea48f3b339def90fd890494c45b008845d6f17034465ecde2aa158fa7f95f20,0x7a450544cab038b0d510999a5bc71143fda2a246,0x87a3effb84cbe1e4cab6ab430139ec41d156d55a,0x0,11645667
0x5106855d1ec18c8cec4cfdd1e4646511899c335f01dc5817496eea2776d168e1,0x677d1dda46697c5d568a4f1cde93517cde3dd24f,0x87a3effb84cbe1e4cab6ab430139ec41d156d55a,0x0,11645667
0x83b61597f7dfd1f8385f88b86e72146cfaafdc9cc5a1536261d81f3922afc2da,0x7b34feb65440722af57a8efb724b136f78404660,0xea30c4b8b44078bbf8a6ef5b9f1ec1626c7848d9,0x0,11645667
0xf778c71eb52ecc8116188b10bbb5e73f5f85c2f4a7585398dfe668516ea9ec92,0x05722a7bb3077d84ac9bb028bfd10c66bd799294,0xea30c4b8b44078bbf8a6ef5b9f1ec1626c7848d9,0x0,11645667
0xf618e816696038b5929e1aed88fe3e1f72e9e1bfc5a98557b27415908347f2d0,0x4d6f9728f6f03b6f7830468a854aeb9cd6cb867c,0xea30c4b8b44078bbf8a6ef5b9f1ec1626c7848d9,0x0,11645667
0x384790e36b755fa8d360120757a590f2199f4baea3c00ecc2cc1c1f3bcf75950,0x738cf5a8510bd6eb40703941483a7f28d321d398,0xea30c4b8b44078bbf8a6ef5b9f1ec1626c7848d9,0x0,11645667
0x4bff1b54b82080846b54d2a1e402c6db03b3e6fa705523dea6442b6ffc1e0917,0x8a9a1c252c7d9f627c179343f28ec6382d6b003d,0xea30c4b8b44078bbf8a6ef5b9f1ec1626c7848d9,0x0,11645667
0xe173a9621df3d4cdc12b6c93efdeeed9c633c25cebdcfcb88c9a7767529bad30,0x3f1a83d9f0896b3d022c69c094b4b9d430287274,0x87a3effb84cbe1e4cab6ab430139ec41d156d55a,0x0,11645667
0xc73e4180dc856698132f225853d4d920105dfe97708458c55c72bedb7beb93ba,0x3ee24b102887685d1a4a468d7673d978887c91b1,0x87a3effb84cbe1e4cab6ab430139ec41d156d55a,0x0,11645667
0x1cfefa6ad293f20363bc7bdf0a23cdc0fdd3a9fe51a7d1340cad52957d55ff88,0x1bb10c1ae0daed4ba51d202a131656f03d4a7457,0xea30c4b8b44078bbf8a6ef5b9f1ec1626c7848d9,0x0,11645667
0x6e427e4c028b646d5d63e88d09dd9e265f567bb993f829a510b78274438ed542,0x790bcb43358e01142fdaf6f097976d216676add7,0x7b79995e5f793a07bc00c21412e50ecae098e7f9,0x9184e72a000,11645667
0xe37007c066631339ef6274f2ccf381dd1befc3f8afbf37af422eef8507adfc29,0x7f3c05e7639d139d5c6a62982a1b4c90366b551b,0x87a3effb84cbe1e4cab6ab430139ec41d156d55a,0x0,11645667
0xb9c29d8cb28607488fbcbb776f6de33e84755949c9c1dfb446e31d36e8a58fc1,0x7df9e7904e5f419baf29c31c2df1f2c8eed0214e,0x537f6a3606cb000ae568005bebaf8bd1ea2de3b6,0x0,11645667
0x570052cdb051b1a9683e8236da6f747b5d6c98aec3c7afa61cbd25ddf9f8dc4a,0x1ff07880982708b139c8efb87f4f43d15f312127,0x23561b7209c0fca401b4f6dabede9d3685de5020,0x0,11645667
0xafdbbb3f817bdf40b9b5ccce145c0f55af7d6b68e9ff1cc60669e9fe6e45b978,0x01c1b0a5aea01db7288e2615748d78f434b7d5b8,0x87a3effb84cbe1e4cab6ab430139ec41d156d55a,0x0,11645667
0xd30e9b58140e95565e768dd40790854e53db3895293fa0815b857d12828f1f94,0xc0ab267b1be249fa5c04e1f9e3b497d38da0ea1b,0x87a3effb84cbe1e4cab6ab430139ec41d156d55a,0x0,11645667
0x8e8515a409a3147f0797b4afde4b2d8e98a53e614f0bca26cbf629f37d9fd9d3,0x9e7a4ea46db7876e8d7b9e8df9eefd894b8e5db9,0x133e695512bf7b11ad5f7c2739971e99ea5b0965,0x0,11645667
0x209750bba4966c76984cc4a72bc19ee300f1b18b6b0643adaa28c62d375ea5c9,0xb13944620ae764f5dff7b731f542c960cca96b32,0x73b668d8374ddb42c9e2f46fd5b754ac215495bc,0x0,11645667
0x142bf96d14bee153493ff829ed6798753a0336bb70baa0a5306f56929e570906,0x340c921760124b301ceb504324085520c80e23b2,0xea30c4b8b44078bbf8a6ef5b9f1ec1626c7848d9,0x0,11645667
0xff4cdc140a74919a54faf121d274e6e234769374966507e6279b10783c7f47b4,0xad60734c6650c813271dbc2d7e4504ad11fadfa4,0xea30c4b8b44078bbf8a6ef5b9f1ec1626c7848d9,0x0,11645667
0xc6afb8236fb7b14bf899a9bdd25fd8a18dd12479bcde5d3ef7fe60beafcf3a47,0x39fecda149365b88f4e02fce63c42f0dfe3c3a5d,0xa1f78bed1a79b9aec972e373e0e7f63d8cace4a8,0x1a25e1898c000,11645667
0xe294a2b5ce573b503aedc458fbb7adacc6905916332ed9cedbfd604c008ab205,0xddec602e43e428552f157e3e17f185811bc44631,0xa83d98bcbf103faa6311e110314cfa68e4752adc,0x0,11645667
0x4fd3ed26433875400d0691bcf822e1fc8b190fca31ae336e5c4c11806b122d9a,0x2f8e1176ae8ce0538fbdcf4efd788664908b0125,0x2bd57c3ca216f0d38b18bcfd14595f12dfb13c35,0x20ea29a8,11645667
0x3d9ec6f0a45bef6559b715fb7604af30b540ff2e35e72434d150942c526e7a8e,0x3a018ecc3479326ecdfb9f54aa8cd75adda1d7a3,0x87a3effb84cbe1e4cab6ab430139ec41d156d55a,0x0,11645667
0xe713a1e667ee4c7409e666939d03549fdc82e6b4935f8ba0830bb81508f297da,0xc9d75be112ecfeaed4a99e675989c396853d9ee9,0x73b668d8374ddb42c9e2f46fd5b754ac215495bc,0x0,11645667
0xa4504c02cdeaffbf5ec98c919ac469677738e5430394e01fc02051b74068d362,0xf255d863bafb5694846688292f1ed481fadf2ba6,0x73b668d8374ddb42c9e2f46fd5b754ac215495bc,0x0,11645667
0xb0afbbcec6f5d7235113bfd11b3215954291d67861130ccf7f594c9bc994e44c,0xccf2b0fdc1642e2876a4050327ad0b431d4e9b69,0x73b668d8374ddb42c9e2f46fd5b754ac215495bc,0x0,11645667
0xc1dabb0a36098336fd1bf505c29f5f4d05e05167dfda8fa934bb6c03718ffd41,0x3b4fc970684a1fd994329c6a15ffcfc1633b8dfc,0x66a844f8f451e861e95121fc4573f79cfe541048,0x0,11645667
0xf4c98ff9fc513955628d887553467085fbdcf04e169abcfc89d08c23740eb87f,0x670c6144d02ca65d0a53ddd57dbb99ae1ef4619c,0x66a844f8f451e861e95121fc4573f79cfe541048,0x0,11645667
0xd2afde61b2a5bed34b0188488d10b77d6bfa3387e11696f8669d66301228f1b5,0x8f899fc8e71d444813bcc0671f02ed780073baf8,0xe787c35f6a875567409c4970ba7b41a0cb9d1b4d,0x0,11645667
0xa7cf891beb1f7a6ab6210a2d759a15e8b462397ec75d4b1ab68300c9f5cd9a16,0xef1c614b187ff2860031dd10fdf6fbb80ae6338f,0xe787c35f6a875567409c4970ba7b41a0cb9d1b4d,0x0,11645667
0x3b65d63119895ef097f9941a0322b7aa34faf387c86f219341006fa1e163e414,0x22a6b8beb881aff5c2ef8fc147a7caff70ded9e0,0x73b668d8374ddb42c9e2f46fd5b754ac215495bc,0x0,11645667
0x347681afc83e5508f1147e94dc2ef054c15a391d980491cdde5e55cf68dc5c8c,0x514e085cfdfc8fefd8cfd011daf5f8c5e5e27d58,0x73b668d8374ddb42c9e2f46fd5b754ac215495bc,0x0,11645667
0xee86834831253b3d1f28072473fe61352d23db87e3d4b37d746dda8b56b17ead,0x514e085cfdfc8fefd8cfd011daf5f8c5e5e27d58,0x73b668d8374ddb42c9e2f46fd5b754ac215495bc,0x0,11645667
0x8d73de81f3304cd4d6f2eec1c957db076b0b45d1bc72849baa945ba5d3095502,0xa0a3fa72c6d6dc0682fa8d4480a09fc1c6ba0887,0x73b668d8374ddb42c9e2f46fd5b754ac215495bc,0x0,11645667
0x93b4f4f522d7e0be4a9b688d53bfd5da314e500e2e1d9b1fc0756d06381262d0,0xf116201747b57e929db0785bd31adfdc7d829723,0x333c2bc95b913190275fc0f26a7c171a0175c5c9,0x0,11645668
0xa39db0326a0b83888516cddb0f024f4617a98320c82e39f54d25f94e158f53c3,0xd844ba11f64d23a7481e24474d2f184e350b9b3d,0x1c7d4b196cb0c7b01d743fbc6116a902379c7238,0x0,11645668
0x3a9bd6ed19882e62c4968de400dc66d01a40990532fa60226dc2400c416a66c5,0xd77db750b317d2ed02d8dcb6280fc2833a71e462,0x18eb5daceb55e69de7154ae5e9067bc1c6f2f42b,0x0,11645668
0x9d7c77ac92e74cfd1423dbcd2414bd041d3f12adef16fefd43e1f8162bd95872,0x6cc9397c3b38739dacbfaa68ead5f5d77ba5f455,0x2093e4bc4757ddb4b0ea301ea132befb78cf25e0,0x226e485ae7be8000,11645668
0x8fd612f1982cf7a548b932915d509b776a5a7eab8b3d5f9948c7557fc09dcc42,0x3f69febe1623d743cb2cb028817533742d53f099,0x194ba9f3cc55403526f56ead2e02716345c6cd85,0x989cfb64b000,11645668
0xf409b6e3eefe6dd44561576be71c5bdab9769338d54b921e8dfc59750e01483b,0x6cc9397c3b38739dacbfaa68ead5f5d77ba5f455,0xdb9ee87e47be3bad74a9c25cf4a299d580761f0f,0xa16d2a5efb58000,11645668
0x5cfe9383f8c61dd7a522f8e7805436bc3b454454322c6d5a07d5533bc9858df2,0xeda17e0a0b1635bc91ed5830a56f3c340aa0f5f9,0xf430240a61e0a5bd7a3637d616e0dab5632fbe89,0x0,11645668
0xa49d5a0b8120666b22b63fe91e59dd2bd5cd1d1056b0b7bbd524bd126a848df8,0x0a77a62f54c5ef124115151f89063dd0ab6e6f55,0x8740b52340c86b1f47bff14e3875df5f84119543,0x71afd498d0000,11645668
0xbd0826c4c3b6f7ed3de8cf0011181704238d4a1313d35592f4759ef7d2184f31,0x6ca5a0117bc1eefe721065d3e96a57c613f5805b,0xfa6419a3d3503a016df3a59f690734862ca2a78d,0x0,11645668
0x993aef517e0ce505cf4a5fd5f77c8bb6d0f5ba3d689ed9be45226259cfbbb2f6,0x38e0c0a677de88d52e0d0e62ef21d91a73f4c490,0x803bc3291b79c118eb6a8431a42b9946bbc4ee36,0x470de4df820000,11645668
0x5c0d17733f2cedecc8b6dce97e28c0630f8e43f4eb43c509e80b91e904cc0bb5,0x979708d69fb74036be0b8fe4afa8b09f479b4bdb,0x18d18a40614b6d8c6154309f517acf9829308842,0x0,11645668
0x95f1141545250b3d515e55b7d0a9e90e71580c62b7006518617882a5da78b7f2,0x94335aebce698f1bec189a9defd0c632f0389c67,0x681bdd3c5c53892615038f9a4f834e0340406ba9,0x0,11645668
0x9b97d2d96f6750e1d3a7eb2ba49fa417b3ce488ff0b48a3613a120ac3a810623,0xf15434e76bd53c9c60bfbbbcf37793b7fbd07f3d,0x87a3effb84cbe1e4cab6ab430139ec41d156d55a,0x0,11645668
0xfc8e9d5d6301ea448aacd9bd356cd60e344864b229445d4c66f9a1cf15f003e1,0x03eeb73365beededb0b643ffe67d11309b1c08d5,0xa67f7318b025a49eb9e1a7abfb6466e00b8b595d,0x11c37937e08000,11645668
0x7256aed4a880523a96d71031594a586173e8ab8a4d995c599f888f0320916c87,0x886262196b9266a4e62431295386fe74d5c48230,0x60e8f2b6f4ae6cb53b034ca892e520b32ec129cf,0x0,11645668
0xd616a1644557cc9d653c5b7504d054d7816fd7ea9f4f2f9138d03dfcd60bfc30,0x22b73d8e383fa2f84a04fe50d156e847ca52572b,0x87a3effb84cbe1e4cab6ab430139ec41d156d55a,0x11c37937e08000,11645668
0xf760ed0e38e505b6462cacafcc9435d6d78caa149ddcf6b0283b864634b73c98,0x62f948cd938b00a7d4e92bc281d51979366c89f3,0x7e38a259c353e72eed3f5136c6e6534eb15c7199,0x0,11645668
0xb7ffe7de9ebfc170ecc93de0029812e1b459b9135e5c0c4febffef960e166933,0x62f948cd938b00a7d4e92bc281d51979366c89f3,0x7e38a259c353e72eed3f5136c6e6534eb15c7199,0x0,11645668
0xb658550721996094208487f3ae40b1ecb66feb172a3cafff4fefa11c64692fca,0x232e274676e865e341b02348a2173e8856891b0a,0x9a22c21a259ed941879f93799bb58af88a40f1cb,0x11c37937e08000,11645668
0x42cd8c97e07daac0c8c623066380c1576b2d06f1ea3cc72143d5cccb3cf2e9d7,0x4b9d72f1d54a993f6ba1c6b684018d771e31fe90,0x87a3effb84cbe1e4cab6ab430139ec41d156d55a,0x11c37937e08000,11645668
0x5490cf4179df9b3ba50cc7c00d93b98232f9d03084e553386890f8935097cc61,0xcffa3b999cce6af367121e86aed80dd65e1d1b99,0x00af0579fc54101d75a72eb8ffce6239547e42ba,0x0,11645668
0x1c217842ffa95c7e77f69319c6703cb25c0deb120a6714f921c34355b77f9405,0xc65cefa4e64e86259532156071c9fac4d1172435,0x87a3effb84cbe1e4cab6ab430139ec41d156d55a,0x0,11645668
0x7169ceca714b328e09a4bc286c9e3e7bae8f65392288865760633c5a0a0c5f34,0xe99da548e2fc4503230322fe7f25e5b7307633b6,0x87a3effb84cbe1e4cab6ab430139ec41d156d55a,0x0,11645668
0x95a607d3618155f9bf90b53d0f902dc5f6aba4b6e7b328f1f993c4df0b213370,0xc565308a70e4e24f4da3d6945982586614b5cae4,0x87a3effb84cbe1e4cab6ab430139ec41d156d55a,0x0,11645668
0xaa17d4047b4d0431ac18138200ce097f194158bc9ccd1c39e98f8579ffa52967,0x99891b03ff51714ae92f904ff71bd0172e9a568a,0x7ec7ea386ceba21f305af83d11337ecb8ecd857e,0x0,11645668
0xa1afdd3f78dbcb5f927de26db2112d9bc81462a8fd5172ff407bdc8ffe46d31a,0xfed6d16b7160aef0ff75503dbc7fe85fdb355ad6,0x60e8f2b6f4ae6cb53b034ca892e520b32ec129cf,0x12309ce54000,11645668
0xf76c310ec84541a7ed57d3e55c646fe9a1188a27732ba9bbb564b69dca709a8d,0x91ab9574e0ac0b604ee86f91059be8b3c525e331,0x87a3effb84cbe1e4cab6ab430139ec41d156d55a,0x0,11645668
0xd196102785f3e4e6b63b204940091015c37e3312f3e8e4822b13d91f1653d4f0,0xd7f4427dc26d1870d3cc216d59f92083a0c3552e,0xe999b19ea08f68f5ee3286540b4a9a7dd61eacfe,0x0,11645668
0x2ce8ea64e5319264f867f7f6f88fbeee510d04b45863a623d37625285650cf18,0x394b67129cabf0de80e9719189808f7c8c13c68c,0x87a3effb84cbe1e4cab6ab430139ec41d156d55a,0x11c37937e08000,11645668
0x31dbf9d5dc42bcdb2de00931166ed28b1685794fb541774d63c7b81bb7e53112,0x078e22ec2be846c15a38eff11f931dd0df0d4988,0x87a3effb84cbe1e4cab6ab430139ec41d156d55a,0x11c37937e08000,11645668
0x302bf38af81eda96b0315017c22fb2724a7f34ebf163253570074d2ebf97e69a,0x4c2652a252053718a4feba56457ba41b7783cb80,0xaa9ff5d4a37d4a3b55f6c0a8d4b7feda0a649914,0x11c37937e080000,11645668
0xb5942fe5e9a9f3d853567041ed9a34544429a76492da7661a5880b8eded6f5b6,0x98e8a7e81450ecd00aedd2d6ab5cf66a4c38481e,0x87a3effb84cbe1e4cab6ab430139ec41d156d55a,0x11c37937e08000,11645668
0x3d6cf12da108991086b3d8d9f146dcf20bdd1b52a182f7d36420ea7f5d903397,0x340241fa94065166375c74855767991ccb1b7549,0x60e8f2b6f4ae6cb53b034ca892e520b32ec129cf,0x0,11645668
0xaddb77af10eea0e00e60652905e17f6e942e62aaba2d47d8367cb972e58f2a25,0x03eeb73365beededb0b643ffe67d11309b1c08d5,0xf1c3ad1add39d8609407caf6430e37fe8d243227,0x11c37937e08000,11645668
0xccd48cbf923d3c8188f44df649ef0f020782d4875476881caf05a9994680f57c,0xf423590e027154aecd6a269918ce91118dee7e6d,0x87a3effb84cbe1e4cab6ab430139ec41d156d55a,0x0,11645668
0x1c3be5e429484cc0eb2730c997a90cd092ba48d97ebc162edd0d9a94cf35557c,0x77ce44380539571fec9258d8ad4b1aab72abf130,0x001accda24a5f95188ef4048895a92f1cc4ac990,0x0,11645668
0x1b7c39428a57fbfd3659881016166138e79a9dce3091cff331433365438d76a9,0x46dee90e70e49fb3efd83ca9b3249fb490631b89,0x00aed28667cc89d32e8b758f95e0b521afdcb876,0x0,11645668
0xdfa606905ab19becc9de80fc3cafef8471a4b95203e45dd776acb9a094bc92b1,0x050432aafb58f7fc36803da8b6cba6a1c1bd622f,0x0c88262f03b183dd183c2fc7a78578dbce1e664c,0xa5872d596000,11645668
0x7b9f12bf2141d19aabbb292c0325013c40d30d16ccef8893da5ab419bc3e0c21,0xbfcbd2bd02a00df67aae231821377926cbd4c1e3,0x0c88262f03b183dd183c2fc7a78578dbce1e664c,0x190bf009aaa000,11645668
0xeecd55c7094c8451f979400fe1e7f3ea7ec6d91ed6f3c28407b09b988ad82357,0x578521e658a20483a6b1daa6a163c05fb45e20be,0xae1150b6b6147da6ebc0acb638febc234398cd1e,0x0,11645668
0xaac58abecb6048d150dc98705984e2a79c6faa23e6594fb434b728b2b376e866,0x057135b30c5dba3c75bc7b9b47f211d0434a32ec,0x0c88262f03b183dd183c2fc7a78578dbce1e664c,0x9184e72a0000,11645668
0xeb022418fb1f18a1d0506b266716046f9e9c77746c440c5e1ec0e51df6a445cb,0xaf026e42f5f8a0dde581bc214091219b8f4a5e6b,0x5ff137d4b0fdcd49dca30c7cf57e578a026d2789,0x0,11645668
0x57d1ebe9d96134d3f97d66261a593dd7b948686068c278a50c52d82c32c5d06e,0x7c4db55dbc569915e821433aa3d0fad1649f009c,0x7e8b0dd71be6c1216fd7334e7e5eae8aa2e7276b,0x0,11645668
0x744ff49ce297829e52c982e16cd586f4704c50f8e5093c849dfd0604ffc384b4,0x6039ae67332b87375f5b69f98a7464cb856a177b,0xdc5f8e399dbd8a9f5f87aec4c23beb12431b386d,0x0,11645668
0x3c7bc50d8c09b883e98d97e2ec72f5faca2be06bf7982ceed2cdc818b2ecefc5,0xba887c8e396f24e0817be13839850de454ac7e45,0xca11bde05977b3631167028862be2a173976ca11,0x0,11645668
0x849fade6d4d6260a707c8104bfb3fbe5d52e82bed91a6dfa326231b49e35392e,0x4a5b83211181e45362c7c87aa60fc86148f520c5,0x803bc3291b79c118eb6a8431a42b9946bbc4ee36,0x38d7ea4c68000,11645668
0xf4f8e6396bebc4e329dca5c5d34ea275109f53625328cd1c581a7b867e30f156,0x1762a42ed4859cdce4a23438c747b8b06bc6aea7,0x2bd57c3ca216f0d38b18bcfd14595f12dfb13c35,0x470de4df82000,11645668
0x179bacb468361166695a229969ac678223a2830b55cff0865183635c74c2ad14,0xc3af235c41376a8c07d9db5c0d06ec5cc1c52a3e,0x900193717c58c93c3f90e0ec9e7cb6412fe63e58,0x16345785d8a0000,11645668
0x2a274f5eba60deb0416c070adcdabd2a7e70ac4135128401678357efffc01f53,0x159ca92b12f67e5676d82c238f4906692618a555,0x964822303c7f8dce1febf0f7217fa8de8de856be,0xb1a2bc2ec50000,11645668
0xbc1b29aa55346a4355d3d994dd34c03f93d34a8ba1396f58628b95a1492a6aef,0x9484449f2be7cd6e01ef55bc5438c733e0759e0f,0x1a1ca8d7e668a850e9edb85ea7e20011c7903509,0xb1a2bc2ec50000,11645668
0x0f1ceb9e4a01e4820ad1eb34d0d25d2da8d76b48fe0b98d1694ce1a29dba1b74,0x795f28a85d8258f1d50ae784c21d3f77c945179a,0xe787c35f6a875567409c4970ba7b41a0cb9d1b4d,0x0,11645668
0x24c60a14085678472050d537cab41ea1c0cbb7f3b7520ac134f637fb7daa58ce,0x3d3fdc0c6a8fce37e48f45ca571fb8dcd07e42fa,0x73b668d8374ddb42c9e2f46fd5b754ac215495bc,0x0,11645668
0xfaae7fbdf97f020755822b759bf2980cd7c1536df622f0d3e68103150124b519,0xd0f62816a03eac92026f25285dc043471c4a7e06,0x73b668d8374ddb42c9e2f46fd5b754ac215495bc,0x0,11645668
0x2c14eb129e3a9d803cdbc321613b05788ae050e27c018e707dd3cf7c34816117,0x9a39f9a7fa81f03f87ca9300bcdece519f2338f5,0x85b7d15e473a955e26db686937cb311d651a56d5,0x0,11645668
0x726fb1282f5ecddf7cd080599785f0f22764a9862780240d1507ab5fb9fa726a,0x6eb914c2e17e74821752163478e19bfa70fd0c16,0xea30c4b8b44078bbf8a6ef5b9f1ec1626c7848d9,0x0,11645668
0x24211ea0aa72bf60b631792b5e9d2e1999b2a44e165aa383de083cf1975ccad6,0x790bcb43358e01142fdaf6f097976d216676add7,0x93310a56147b1ea7486ab84f8d850fd0a216429b,0x0,11645668
0xd6e27d335e0bc77fb7fe5132a16137be5abca5d96e83293275942bf0eb8823a1,0x5525757ee5aa22ad0a8a7b647a1739757d7dd038,0xd3830c58accd3e6eeec8cd5688be5b1d04a4dc83,0x0,11645668
0x568f8b1cc967fc900cfc85c5f923ad0e2359bd959cc7c876be86f585234c0a42,0x125aadcc9897e92eb00b82a17757f0a821081ac6,0xd3830c58accd3e6eeec8cd5688be5b1d04a4dc83,0x0,11645668
0x956b39c6d4b9da29adf6423b01a225f8a73d1c8fb442425bb6098b95fa8f198e,0x5be342c828677cb89ce1196131bbdf089cf245bf,0x00410161055d1efc9f2f49383e412722328ddeda,0x0,11645668
0x82707ff0a8c7bd52fab1567d0f21cc7deebd7d3a1ad5b64c5e0627e5d47adb55,0xe24f4a2e0a2e3b9842864e7c9407aabd00772459,0xa1f78bed1a79b9aec972e373e0e7f63d8cace4a8,0x105ef39b2000,11645668
0x8a05a458f45d9dd4bb35aa30d04ad501fc4ec597569c658b029eacc67f622b64,0x0ac9e90703134cb02d817d15ce736fe990427f10,0x2bd57c3ca216f0d38b18bcfd14595f12dfb13c35,0x174876e800,11645668
0x25f57c4c8459774e7fab36cc6022b2f58cd2457ad82d7cd529eeb72775eac7a2,0x92f5c7f79a7db24e87e94b8f3098e85513a04eb4,0xa1f78bed1a79b9aec972e373e0e7f63d8cace4a8,0xae9f7bcc000,11645668
0xc293eb9c8a80ac376e2c81317afb10e09c3f78a0bafc262a5b89f2bf3bf29be0,0x75a039a5fe077e77974c5a1f2d3f76ef7c7cb7fe,0x87a3effb84cbe1e4cab6ab430139ec41d156d55a,0x11c37937e08000,11645668
0x6028166faf8c6b90f57581da53fcb73829a5957af88284b6a92a57e05f1152d1,0x08f50f9fba7fe86de37b5ce26ddbfe2a5329b2a9,0x87a3effb84cbe1e4cab6ab430139ec41d156d55a,0x0,11645668
0x5822cb343f6ec99927a038dab80cbd93f81df2c37569dd00b8d0d84577009cfc,0x3f1a83d9f0896b3d022c69c094b4b9d430287274,0x87a3effb84cbe1e4cab6ab430139ec41d156d55a,0x0,11645668
0xc1d2895391911f73f0989d5e8f5ea8e016e569ce149c23272867f9ce4d0e0d35,0x7a923674037a66299c35e38f1f8ccc6ab7cd6953,0x87a3effb84cbe1e4cab6ab430139ec41d156d55a,0x11c37937e08000,11645668
0x5b826892e203cac1324f6c3c32e29f130bafdea71b7fd3621b8cc940296003e2,0x3a018ecc3479326ecdfb9f54aa8cd75adda1d7a3,0x87a3effb84cbe1e4cab6ab430139ec41d156d55a,0x0,11645668
0x4e2f9297528fc38c66cead37367e9cb017050ec04d67c458eacf6a000d3873f7,0xccf30e110a751933c14192d36b1402e16022ef99,0xa1f78bed1a79b9aec972e373e0e7f63d8cace4a8,0x12c221cc6a000,11645668
0x3042fe5096af85f77b750ef94358e7168fa885bd0e720fbab947ba61a5c1cdda,0x3c838dec10146e36638c3f2f3d791f583903a9ff,0x73b668d8374ddb42c9e2f46fd5b754ac215495bc,0x0,11645668
0x9dbf71debf44a5420fa6f3f7b1a87a313df4f4efdc44768457185b010ac4f016,0x805a3703aa8b56842e433a15990d69ca950b8341,0x73b668d8374ddb42c9e2f46fd5b754ac215495bc,0x0,11645668
0x926b94ce35d60718bf46ff5088dded7480d0911e229782cd89613786d1aaf2fb,0x4dcd04039b557a767411e55add557f5a3d7ee277,0xa1f78bed1a79b9aec972e373e0e7f63d8cace4a8,0xfea894898000,11645668
0xd1acab045942713558f2ad2fa68f4385576851f3085a69b77d12f9d914393943,0x805a3703aa8b56842e433a15990d69ca950b8341,0x73b668d8374ddb42c9e2f46fd5b754ac215495bc,0x0,11645668
0x63e2ad4293b4f8522208b9cadfd0285f6cf6e34fdd2e341a094dedf00404cc70,0x38f11b2cbfe0ca225dfd6cf3dcbed4e3be05b018,0xa1f78bed1a79b9aec972e373e0e7f63d8cace4a8,0x12c221cc6a000,11645668
0xf04f7443853f450c3de0eac9e7e91885874bb02574a3ab867d5288da99ff195d,0x5c78d4e04b1022afce141cb153e33d9632863941,0x87a3effb84cbe1e4cab6ab430139ec41d156d55a,0x11c37937e08000,11645668
0x6b166ce43b94edbf6e92848108594c329418ef6ce141f524cacd980361d584b5,0x5525757ee5aa22ad0a8a7b647a1739757d7dd038,0xd3830c58accd3e6eeec8cd5688be5b1d04a4dc83,0x0,11645668
0x8283d769a617483b1a404963cf852d00a96cd9ec79b1744d59cdaf653d950655,0x1b549f76e8eb146370fad8dfb063d884591f1b50,0x87a3effb84cbe1e4cab6ab430139ec41d156d55a,0x0,11645668
0xcfa16491fd5a8d8c98a05aac942fc8ba8143c31147dfb2f413b7b4a2ca08c467,0xf09a9948fc89f2e65940fd97947264dd527cc372,0x87a3effb84cbe1e4cab6ab430139ec41d156d55a,0x11c37937e08000,11645668
0x53d52813f99933cd235ed30caea6edc237cab6b9e2d37f865384695e0ddd9f06,0x2b2a906531ad90c4ff3a3a68cdcf0152dd579aca,0x87a3effb84cbe1e4cab6ab430139ec41d156d55a,0x11c37937e08000,11645668
0xcc35a1ed955393bd83594a2fda0e152238218327462b21cd61f7e506f13faf20,0x0d5c090bbb966f26dd574644eba01a3cc8682c5b,0x87a3effb84cbe1e4cab6ab430139ec41d156d55a,0x11c37937e08000,11645668
0x79d316fc5fe5060fc5b19775fd0ccf8192e44732bed0d508ea9a9830a25c1c00,0xd5fab7e57c273ffa3e3c22167579d4feb1901e1e,0xea30c4b8b44078bbf8a6ef5b9f1ec1626c7848d9,0x0,11645668
0xbd83f7eee10afcc81332cce0d24b0758e807a653b7d9fdae5fc1a90772a4a64f,0xc59d9b7f1a2c34d72c128d28b1b104818fd4854c,0x87a3effb84cbe1e4cab6ab430139ec41d156d55a,0x11c37937e08000,11645668
0x1a6c53b39158bb5d7b892ad616ca2bd94fa8ba6f12c44460d3180c17fd2c88c4,0xb7320a7abae91bde9db249fd09af886d8a350322,0x87a3effb84cbe1e4cab6ab430139ec41d156d55a,0x0,11645668
0x6c441e2a4a2dae17488806082e718e7b92e51cd6839fc7e54162c500a6b231cb,0xd95b3293951a1b3c5b71df7beac8c518351f6712,0x87a3effb84cbe1e4cab6ab430139ec41d156d55a,0x11c37937e08000,11645668
0x14df1f48e032c530dde4c1875de5ed661e2803e23565c15a381a9326180a83f8,0xc4e8d3e0d4e52572a3cfd2573578651a5b0d44d4,0x87a3effb84cbe1e4cab6ab430139ec41d156d55a,0x0,11645668
0x16f192d9e8b421efcb375b1e102ab3844ad6afc5062f4bcb75b252accc2c1612,0x5eaf800465edd258bfa3432b98d35845a4c31bd9,0x87a3effb84cbe1e4cab6ab430139ec41d156d55a,0x11c37937e08000,11645668
0xbe93af95ee35bc780592d0445f1f7fbdd58d73e1489e001de5ae2ac3abbab89a,0x7a450544cab038b0d510999a5bc71143fda2a246,0x87a3effb84cbe1e4cab6ab430139ec41d156d55a,0x0,11645668
0xf80ccc1dd4ab45af558cf441fcea02740ebdf5e2f072cf3862eac1f36f53b4aa,0x7205ca5ee434775c801dc23090acaacc968cea23,0xe1487a31f96b4bb0013972bedc0e39f2fab7c500,0x0,11645668
0xe35e46ded08e2fb489eccc603d445b6c40e063708f395a010e94f3e9f41ac6d5,0x7205ca5ee434775c801dc23090acaacc968cea23,0xd3830c58accd3e6eeec8cd5688be5b1d04a4dc83,0x0,11645668
0x41c9d7e6c8e5cc75fc2b52da31a069591e557ef9ecc2798edb68af847f1233f9,0x3ee24b102887685d1a4a468d7673d978887c91b1,0x87a3effb84cbe1e4cab6ab430139ec41d156d55a,0x11c37937e08000,11645668
0x3d3cabacda6c0ecbbe10d2ba27590e49887e4deba88b8846a459d54b378e97ca,0xb8d5da2b5ec4357f59e0de8f8c8de2300af5b1f7,0x87a3effb84cbe1e4cab6ab430139ec41d156d55a,0x11c37937e08000,11645668
0xd1052bc666e748c287276605ef004b4b6ab50603cbfc8060cfe87e3181d9aafa,0xee1b1620fd6f1077ee5874c151b79b0d475eed1e,0x87a3effb84cbe1e4cab6ab430139ec41d156d55a,0x0,11645668
0xb5c296b5ee671579d1c0d541ee36449e13ce525656cdd87789e7ab3a30a5e297,0xb0cf0a781b80b59125e74cb05867b396fd572276,0xea30c4b8b44078bbf8a6ef5b9f1ec1626c7848d9,0x0,11645668
0xfd4e2c3804fd07421fbac7645ca34cce43226c0d0a2e455622f63b201711ccb2,0x677d1dda46697c5d568a4f1cde93517cde3dd24f,0x87a3effb84cbe1e4cab6ab430139ec41d156d55a,0x0,11645668
0x9e3c23688481cb28e1a5f0663e9b2cf5cc615b06db451b0e7f3091ea7ff003c6,0x965ae0818440f00c64b992d470e8967d20e298f9,0x87a3effb84cbe1e4cab6ab430139ec41d156d55a,0x0,11645668
0xaae6966e856fac5d6c969f2c9f9c34577ee1779146e660113c048e0ba9597fce,0x4580fe97d1d6f3ef0f6b39c0b279250bd7c39594,0x87a3effb84cbe1e4cab6ab430139ec41d156d55a,0x11c37937e08000,11645668
0xf22edc5c01f90dca015f8190238195abbed73340cefd46b173d7b73f4503903a,0x8b3cbae2ceff7930aa69be81b1f8977db1f53cf8,0x00e458ea5264b8e91f17ec5a5cd469dbfc447da9,0x0,11645668
0x2306cfde4e8c9b92cc761efd3a9e9786d18d9cc90a59c40e85a856c24bd78316,0x930e55af89a6cf0443363bc1e369cb9727acba83,0x87a3effb84cbe1e4cab6ab430139ec41d156d55a,0x11c37937e08000,11645668
0xbbfae057c8e57a0625ba9a89278a4e15b08394127d1221475434ed090ac1f333,0x91fd4f6b88dc700be3a8009cd59fcc3c59e5253a,0x87a3effb84cbe1e4cab6ab430139ec41d156d55a,0x11c37937e08000,11645668
0x3fd328c96183c1baa5514664e361fe065378c3765b11f3cd143fa49659ea3767,0x7f3c05e7639d139d5c6a62982a1b4c90366b551b,0x87a3effb84cbe1e4cab6ab430139ec41d156d55a,0x0,11645668
0x44fe5fc93e98247f3ee138df4ee411d2887111897a2786fdb0d967d9ba683507,0x6663674ac201faaf5435d7a9a49592941549975c,0x87a3effb84cbe1e4cab6ab430139ec41d156d55a,0x0,11645668
0x0d9de90d29329e3fa6952327a3a1a8458f9c19ce48b0315f2940e9f16baaef98,0x4c1547bc531aafa12a0ffc2f367ca50cdded3f19,0x87a3effb84cbe1e4cab6ab430139ec41d156d55a,0x0,11645668
0xe931916b23a87f7c067d03bcf208e12f329b233a41b0265663cca927137d50eb,0x315e5193633a962b3f369f9c3833d973d0588ccd,0xf32e24b7f739c7c17544cb972833ab551121a72b,0x0,11645668
0x6fa903fd12d98f27154f440cbf67265fb08f25431ef55fe2d932ef9bca7c1077,0xd09c544dcf5abea28a01931b71df49ff86173e4c,0xffeeddccbbaa0000000000000000000000000000,0x0,11645668
0x44ef757b3445a157d87dc3c2ac77897d5914123c46d9f3ba15bd7d7a855bd14b,0xea2893eefe2bd0eb5983f2cc655ccb6669483877,0x73b668d8374ddb42c9e2f46fd5b754ac215495bc,0x0,11645668
0x24f19dabc1e65b1fcd4201a1ec3d91f47fb452b820b493a5398fefa9ada90bd9,0xd75343f0463453a7d574d35effa473307cc1b29c,0x00289c189bee4e70334629f04cd5ed602b6600eb,0x0,11645669
0x27cde86bec53fc378814b01193846a12ae1ba3abaf5f4c1bc1a7a4159eaefc8d,0x23e4db0c41ea229608aa7a86a6f4ba2386f9a042,0x00289c189bee4e70334629f04cd5ed602b6600eb,0x0,11645669
0x8f320b86699b3b9518d4d2650698bff5a5968664f7a999d26d607cd48fc9b50a,0x6cc9397c3b38739dacbfaa68ead5f5d77ba5f455,0xe75c19cfd3b4c1041ec4f76439930e3fb7d0b595,0x213cbfcf8d0f8000,11645669
0xf64d4ef4506b9701c5c6ef2dc6d91e47730063f3f5314e1c47e63e3628ae2559,0xa4570b450feab35b6c4b362dbe0e522f64e362c3,0x00289c189bee4e70334629f04cd5ed602b6600eb,0x0,11645669
0xbfaf6365ed92471ba9ca110e0264a2e3b526464c5d6959c8f795a771ccaf7675,0xcdb50d4c8eea5e5c1f3aea87a3bd843a66fcddab,0x24911dcc96834d62ba5e5b0c24e38a2d5149c6e1,0x6a94d74f430000,11645669
0x61e6f21e15639b1ba14343b4343743c4cc518ade42fd9681c5d05a75933cfb66,0x47e5902a48c5fbaba166b118cd159f2f5a84707b,0xfa6419a3d3503a016df3a59f690734862ca2a78d,0x0,11645669
0xad52e1c2e071c5942cd38479484402dbe943473d65da7e44f52ba9706dfcbed7,0x993989dd3c0e8c9157f0cba561518aeed543298f,0x803bc3291b79c118eb6a8431a42b9946bbc4ee36,0x38d7ea4c68000,11645669
0xec42270294681dd31940bbf6a52a4a1d111b8a95a161b5b2fcee2aca0ab21327,0xe6ad325573eb0b6f8edc7ee5c54d3d6179bbf687,0xf4f194dc199d79305ef03c796a1a449dfa57e951,0x0,11645669
0x4bc6a58aca093391970657dcafd3d4d329998e2e60252d22ca1ea0207f2e788a,0xba7af4ff71f138f7f55dca2edf78fddd6cf2a066,0x99bb09726b22bdefdf1cfa87074c0fa8ed49edf8,0x0,11645669
0xdfe7fcbdeeb54b12330176f4f781b005260c61992e96eab9e48814124efa868c,0x82a9fc50daf3dacffeddeb7fa0d9298a98bb3a4a,0x1c7d4b196cb0c7b01d743fbc6116a902379c7238,0x0,11645669
0x93ee0014e408b4ae9416f86de71f9cb7c99c3b04502c12e5502ada8c9f4d5fb5,0x2ad9c76a514bfed825bf6012d72da2570255f5ee,0xd4d8b8e0877f64e656ec8651f87b94ed54914860,0x0,11645669
0x219682a3902208dd9b72ba5f513cf12bd59746a9eede683f61e52208bd1046f4,0xa876d81ae42c746b63ed6bc1d851b0bb8eab20f0,0x87a3effb84cbe1e4cab6ab430139ec41d156d55a,0xe8d4a51000,11645669
0x758d89e7abd13df4d7440aa98637421bc96214a272f405b5829000256b6f807b,0x56986ed1c28dd2176d1ddeacebd1f6ac9b0a20de,0x87a3effb84cbe1e4cab6ab430139ec41d156d55a,0x0,11645669
0xc7a6f1295ce48eb59f6a9edafb7a326ed3814b122d124d2d8af6b43cb8affa92,0xcb352f6b71ac830527189f34ce35281889ecc796,0xfe3aac36407d4013e6eb3a61fc0e85b960fcfff3,0x0,11645669
0x12ab32bf7a88b94716f325ab80f1b90fab491381a35ad808cab95b75a89f4e99,0x232e274676e865e341b02348a2173e8856891b0a,0xc357fe0ebc5c39e6bfad7f1b0cf880b51bb586b4,0x11c37937e08000,11645669
0x04755374ae1f8f49945947c1c547d131b03a8e63b95c9eabccca0909c86715be,0x152d0346aff2f6cf0bc981f2b73dfcb599506ae2,0x818a2de19836b3b3a5734266e21ad3738827b483,0x0,11645669
0xd3de169af64d79ba385a55c78a5af5e9f8e51fc3738f638f96e5d07e67ea770f,0x001c124488545022f32c963cafa2cef7fcb2796f,0x5627b89ec33cece4d22cf99d6c775490de31d18d,0x0,11645669
0xf77b7bf291daa5ee5d272cdf450862618225911c48b445fae36f8560cdfd0276,0x941604790863b692f6f79474c5264d0fbdef89fc,0x00e71cbcf7e567977524993751ebdd088dc39ab7,0x0,11645669
0xae865d3335f651a6fbf394bffc7f0af1754fb71d1ec5175ff16797a64b57be8b,0x2597fd6b00154bacd6c7eae4ad818a9bb4af55f2,0x3ccdc0cec4296793fcfc17c0b8f7a38215e5fcbb,0x0,11645669
0xbb2e46c518d0753e9f30e0a53aed696a7577447d50ce48fdc917b04d85bdddb3,0xbdf3e86d9e98e2984cd58fc30269b6184cb9c22f,0x87a3effb84cbe1e4cab6ab430139ec41d156d55a,0x11c37937e08000,11645669
0xee826dce3ec8aab0e6bfbea8454b32fa8afd6798b1a151ce0fe5e5b92a01845f,0xc65cefa4e64e86259532156071c9fac4d1172435,0x87a3effb84cbe1e4cab6ab430139ec41d156d55a,0x0,11645669
0x34d43e18077f828f4d528d2a76ac88575ae53a75fe03d40a078561a904521473,0xe61a3379031ffec06b0524fc97b38dcf78ce6396,0x1477fdaf63628107b16391df05474819e0e7b8d5,0x0,11645669
0x961d3c3b8b8c574d7d10b549237ed8089e4f4826b066a25aeaa9c33c16e842ba,0x232e274676e865e341b02348a2173e8856891b0a,0x693020957af707c1a9fa127bb44ac9d01fd6f862,0x11c37937e08000,11645669
0x5158c599f6325f467abdd8e9374f4f5a4d33604dba81dba5b0e3222512d065bc,0x91ab9574e0ac0b604ee86f91059be8b3c525e331,0x87a3effb84cbe1e4cab6ab430139ec41d156d55a,0x0,11645669
0xd8a5a74b3092c1f2af086bd8a4cc81e9eeabb1aeaebf4cf4e8cb29bb244a7352,0x394b67129cabf0de80e9719189808f7c8c13c68c,0x87a3effb84cbe1e4cab6ab430139ec41d156d55a,0x0,11645669
0x7648880efc231010a597597abcaf21619ae4883f1ac99aac6440375367524dc7,0x4b9d72f1d54a993f6ba1c6b684018d771e31fe90,0x87a3effb84cbe1e4cab6ab430139ec41d156d55a,0x0,11645669
0x22878ae3ef9f4c31f86951eac1f04f18c027cd04e588425d6f382a39bffdd292,0x078e22ec2be846c15a38eff11f931dd0df0d4988,0x87a3effb84cbe1e4cab6ab430139ec41d156d55a,0x0,11645669
0x0738e323f817ad9c002aa8859f24ac6767dee43f58999df39fd71cb76bbd448a,0x3fd3f629c2b6e7601de3b45b3daa8d85fe750bec,0x87a3effb84cbe1e4cab6ab430139ec41d156d55a,0xe8d4a51000,11645669
0x9d0fb30dc2c96850b501ba87bf5577dc7eff35cb82c4664d260e40f510c2f38f,0x03eeb73365beededb0b643ffe67d11309b1c08d5,0xf14ef94b62902b3b9804f8e9dfeea433d3179ee9,0x11c37937e08000,11645669
0xcaf44519755bfaf50713fbfc07d2b33df3e1d375d2e02d51a9d0f2905ba3ea16,0x2cae92c6c1399bdcd7ccf30c0a0e72558984efd9,0x87a3effb84cbe1e4cab6ab430139ec41d156d55a,0x11c37937e08000,11645669
0x45cc29c78f97d07137a647d57cede09c4cbee23626bebcc3683666d067650617,0x30eb92ccb8e8d7eb03595b30f4b0664fbe1063a7,0x3c3addb17e41a882f2d8e21642ca7a25e52f3def,0x0,11645669
0xa62ab2431049a2c64645d5b94356d9473ee197741ad6d960746df75f760ceb2a,0x98e8a7e81450ecd00aedd2d6ab5cf66a4c38481e,0x87a3effb84cbe1e4cab6ab430139ec41d156d55a,0x0,11645669
0xe5311ff7f45df5cb1780b360b9d341dcb863f7c4b7c4b92c60fe3d5e034278f2,0x7c46a2b182938960133d702c37452d9900770dc0,0x60e8f2b6f4ae6cb53b034ca892e520b32ec129cf,0x0,11645669
0xd0d9d184ccde5806df072d86ec7ad830568bc4f90eecb43e0d45843b1b4eb2f0,0x280db72ffacb24a712308adcacaefcf8218254fe,0x45e3a5c20d63d9c5951da48603b5d7fc8b5029b6,0x11c37937e08000,11645669
0x03c0e04048ae33fd8f0285278975ed7d6b8dcfccb1d522792c30cadc46b111ae,0x22b73d8e383fa2f84a04fe50d156e847ca52572b,0x87a3effb84cbe1e4cab6ab430139ec41d156d55a,0x0,11645669
0x32abda1987053e53fce4dd23320dd68276769b9abf93424a63bed7983c11bf5f,0x7a1ff4e9f382d3e779e71fdd0f406c43b3ac0b43,0x87a3effb84cbe1e4cab6ab430139ec41d156d55a,0x1001d1bf800,11645669
0xdb8dea4b1bae1388d6b24794ef2e8a5cd177a1abf9c2ad386afb8f718684b945,0x46dee90e70e49fb3efd83ca9b3249fb490631b89,0x00aed28667cc89d32e8b758f95e0b521afdcb876,0x0,11645669
0x2acbed030897fa7fe64048a64c214cc03cc6d10af9477d8f5c7d27276d3e502b,0x0c2ac914b2378e5afaecbab08a171c769d34947c,0x734dde12fd466c14a85de838788efe6f1993c84c,0x0,11645669
0xb0d0d6a8a00f5fe834664e98f1fda9aad401cb7ec95c516f630972dc718a8eb7,0x0632215e32658508fc985bb80f22ee71377f7aae,0xff00000000000000000000000000000000743111,0x0,11645669
0x08963ce6433a6c3d80ff00cb2af6f2e1c7a090f7ae380b7f0555338516a830ac,0xb78a7383b0a5a096465f9604bd32cda6745b8865,0x00518ae8fb891d33d9e5c28d1586d5c03f17628f,0x0,11645669
0xe358074bad3014fb5b22a186b6b29a48d68d38127a1f2ceefd4d4cb8d493ffdb,0x216e9b3a5428543c31e659eb8fea3b4bf770bdfd,0xfa6419a3d3503a016df3a59f690734862ca2a78d,0x0,11645669
0x7c5d267ebfa05f237866ba0484924361df451d6522cec5e3c5278334989b6a5b,0x578521e658a20483a6b1daa6a163c05fb45e20be,0x0c88262f03b183dd183c2fc7a78578dbce1e664c,0x195eb3a0575000,11645669
0x6e16b9f0a5ea2277098e3adce97d5f35ee628b737185255361ed3d72831141b0,0x050432aafb58f7fc36803da8b6cba6a1c1bd622f,0x0c88262f03b183dd183c2fc7a78578dbce1e664c,0xa2ccaf6a3000,11645669
0xabc2e43bdebf2880edf492819442b5c44154acb872bb52f6acbe77a07000960e,0x057135b30c5dba3c75bc7b9b47f211d0434a32ec,0x0c88262f03b183dd183c2fc7a78578dbce1e664c,0x16e125585a8000,11645669
0x4554fdf90f37e9e67014bb008d73d1c3edb4f7a86004702caec2415c9bc7b69b,0x3cf18167b5c3c118b2636cc77c1e5f9649e585c9,0xca11bde05977b3631167028862be2a173976ca11,0x0,11645669
0x7cf09ac9dda1b69e829b68dc8b3c50de4eb60ad78b302c8adf560f001770028c,0xaf026e42f5f8a0dde581bc214091219b8f4a5e6b,0x5ff137d4b0fdcd49dca30c7cf57e578a026d2789,0x0,11645669
0x2c5d95f6e0443edd002fbe9ea468e9c0f99b821c44bea12ea783b008b1f8884f,0xe32a96e9b408393e67546fe0ad6a998d8d20b3bb,0x983cfc9eaa1ed9a70a1be2b293a9cd64520b7a9d,0x0,11645669
0x884e17677815929541df970208b14160025e65494c187d70606764ffef10a57e,0x7c4db55dbc569915e821433aa3d0fad1649f009c,0x7e8b0dd71be6c1216fd7334e7e5eae8aa2e7276b,0x0,11645669
0xe3095bccff50a76cdedacbcbda137d25d3a7371fc85a1313675608190baccb6c,0xe80d3f16e4d44a5127e1bd6ad9ed4e17a96475f0,0x00076c1f80cdb1d670046465c5ccd04e9e78c1f0,0x0,11645669
0xd6db70cce4efa0a73cd7599baa833afa6c1ccbee79f5dc019f83a2b31cdbc01c,0x39dffe657a20601e986d9d27e3be389938fa772b,0x803bc3291b79c118eb6a8431a42b9946bbc4ee36,0x38d7ea4c68000,11645669
0x3db155bd62f21eb9961c8e55989da1931524b12a9742f16f3c8616f2d843ca57,0xa0323cc0186f6bb34c2f54a181b1f69c43d5d358,0x803bc3291b79c118eb6a8431a42b9946bbc4ee36,0x38d7ea4c68000,11645669
0xd0c6fdfedb60177ebc98c8057e8dca25ea7ef9c65661c12acd8e6a8641672ad1,0x63791870fad27fede4e8c07a249d26971e533599,0x12052bcd9cfe03ce6b6eb26c2036a68df02deea6,0x0,11645669
0x14256aec5d5599ebcdb308c848b597ed6167bba8f566706e1dbec529d7ebce88,0xe87b33128c93cbca0398fe4e5b577ed861a59f79,0x590c95c6bfbc5b95964701cc90ef6bc33a9e3427,0x0,11645669
0xe61d9e28c68381d6c025b943ed36ee410d6691d171f7141d8f3b94b30c5f694f,0xe6cb61bda0681f1642ae345edcf6b30819de8181,0x590c95c6bfbc5b95964701cc90ef6bc33a9e3427,0x0,11645669
0xbba2ec5d6e611d8ffecb0e8f1d391fb8756742e7876fd643a96d1f44a16fd6ad,0x6f2b0686c7b5a831fae9073e3c403530a4e64bc3,0x590c95c6bfbc5b95964701cc90ef6bc33a9e3427,0x0,11645669
0x26abbf6fd06666079d245dfefa7b4e5aa4a04ee330fb86db94fed60846405715,0x6c8c026d0f966defc937b9d536fe07f5915d14ad,0x590c95c6bfbc5b95964701cc90ef6bc33a9e3427,0x0,11645669
0x852a4678871036aecea4475dd5469edd20226201bac18d124472eadc39932b1c,0xfd9265bb88101dc214df471b6251969be01910b1,0x590c95c6bfbc5b95964701cc90ef6bc33a9e3427,0x0,11645669
0x0376f509d9ca92ffc3c2c972353f0d8d2aed1c36474e648231425b1e268369f4,0x0169098f7ef457d386c78218d67c9f00d0394982,0x590c95c6bfbc5b95964701cc90ef6bc33a9e3427,0x0,11645669
0xacfd0c6b39224e175c9028020be9d9518d9d823caa6ce6b30e77f3daabe7cb3e,0x14a730f64980003df6f82f70c6083cf31e25b5e7,0x590c95c6bfbc5b95964701cc90ef6bc33a9e3427,0x0,11645669
0xdeb02f752b5d93ee5f4ff2ee61f4c838d82898ebfffa35b960f04e4dcddbcba7,0xfff1ec5995c5e5c3fed9d34edcb4156f3a973cb0,0x590c95c6bfbc5b95964701cc90ef6bc33a9e3427,0x0,11645669
0xf5e24999eab3fdcb5463f19cde96df7af54c90007b3eff611c4ddd88a4a6dd45,0x07e64b127c70bc7d366367cb719b9ddbc55c20c8,0x590c95c6bfbc5b95964701cc90ef6bc33a9e3427,0x0,11645669
0xab2e6ee81311c1c508db88a37961e4dd0342c58285eab8f0594144fd353b42c9,0x8ca045450dec3cea547a8a00b7abea7efa4b7720,0x590c95c6bfbc5b95964701cc90ef6bc33a9e3427,0x0,11645669
0x6e68f5c663172478c14666f152c461cd12c6af68c265d6581b826a54463ba62d,0xfb208fa8f5a8b08f630bf6b0d14d7943cf84aa03,0x590c95c6bfbc5b95964701cc90ef6bc33a9e3427,0x0,11645669
0x20efdd5ffa0760b34e695df2a0a59a898ecb339b64ba420b75b752dda2134c79,0xb6d85ba2388324ac0587b2fd7021014a729a8038,0x590c95c6bfbc5b95964701cc90ef6bc33a9e3427,0x0,11645669
0x2f247222299a0eb0f40b3d1c3a020cc829ff832a751f67c9314e2783af955912,0xadce9d903b8d71e47483ed6be7f50c264127b7ce,0x590c95c6bfbc5b95964701cc90ef6bc33a9e3427,0x0,11645669
0x2dfbe7db796943b56e48d43a801c1c0779cdc59035198725c55a4acbe6220fbf,0x23ff3013f0d7788fda1326e842e36b4686a7e370,0x590c95c6bfbc5b95964701cc90ef6bc33a9e3427,0x0,11645669
0xbbf9b122847a1bc739f4594b5935a1f3190f828fd6be7b6db95d471aa6a9fcd8,0x4eb310da5bb44e287ebec2dfbbe5c75a283504a6,0x590c95c6bfbc5b95964701cc90ef6bc33a9e3427,0x0,11645669
0xb5f7ef0a592265c70874590f0dbe07142bb22041b6d49fd00b1bb7863a4096c4,0xae69584d37056b4d43157011ad6d25ead5304455,0x590c95c6bfbc5b95964701cc90ef6bc33a9e3427,0x0,11645669
0x0717b5cabbabcbbbc6a2f03fae081f8649f70be1135137275f6f732d70007bc7,0x8d85189e79a5e4d26e1ff5579a9c378366116773,0x590c95c6bfbc5b95964701cc90ef6bc33a9e3427,0x0,11645669
0x07a1c6c5992afd682f84b7d207696e034eefcb0ee25577b52eb006674fefde3e,0x0325686a18aa829b9faaad70f22ea0830aa6076f,0x32d33d5137a7cffb54c5bf8371172bcec5f310ff,0x0,11645669
0xc6d4f1ce5fa85441ab8565fb3000498ccebc7876d3be4f8377314341bb78f85b,0x3cfdc212769c890907bce93d3d8c2c53de6a7a89,0x433709009b8330fda32311df1c2afa402ed8d009,0x0,11645669
0x1ca555987a92ddeeb79e34141c75bd302de89467aa79e267910c4257099ec2d2,0xa0127a18e00e29a99307c2d4b3000d9092989a76,0x83458e8bf8206131fe5c05127007fa164c0948a2,0x1,11645669
0xd22129a5466629438cf4523738d78309ea8e36fc32b66380a42c5c9d1a122601,0xa6833e47ecde4abe93cede5824a03595097cd592,0x2bd57c3ca216f0d38b18bcfd14595f12dfb13c35,0x96f9e3086000,11645669
0x4bd0a007680f7a9a6b888d0af0d550bc7de60ee81c426d234b4cc93b58141cae,0x01c1b0a5aea01db7288e2615748d78f434b7d5b8,0x87a3effb84cbe1e4cab6ab430139ec41d156d55a,0x0,11645669
0x06f4b2fc70cab15932904e7f80afdeee474c77edcbae82e5df44ca06f2ae9550,0x017d94ec11c19216fa4ce9e8ac47542c32c1596d,0x87a3effb84cbe1e4cab6ab430139ec41d156d55a,0x11c37937e08000,11645669
0x5a77aeb4411fbf91052816d59952d04a1e1256377461c58b3cfc8c65b241efd0,0xc02d72087b5702b7a27d4110629b10f36b0723bd,0x87a3effb84cbe1e4cab6ab430139ec41d156d55a,0x11c37937e08000,11645669
0x7f541ac037e92085e99ae7790793d045dea1d5cd546f321519f79a9c40336a39,0xc787db938b271adfc44b8cdbd1b7d88988cafa49,0x87a3effb84cbe1e4cab6ab430139ec41d156d55a,0x11c37937e08000,11645669
0x6fb551e08f2a5e6fb340354dce592cd90a625ea79fb7f7d8b3ad14921846b0c2,0x22cf0cc54077d0adeb1802ce36305dd561766fac,0x87a3effb84cbe1e4cab6ab430139ec41d156d55a,0x0,11645669
0x548a44935954978b8796c12a8d79695cacff3dfd06677db6628bc3380765c6fe,0xde9e6ce938a15fad5a71fa20f98f83b7015f3d9e,0xea30c4b8b44078bbf8a6ef5b9f1ec1626c7848d9,0x0,11645669
0xfee8a900d4898a74c288284de6a65c2c8bd787e8bff8b6a2c1f0634b5b8be51a,0x9126f3f68f1411aea2ddc3820db4ecb557157872,0x5f2e83ccdea73d60af400e03f1cd8fb9eab07b20,0x0,11645669
0xc26bb08f6aa9deb564729842aa9ef5e62ab8171c869ed53a4280b58a1a1dcd1c,0xd324bac30a3917a6b55ca3f2d02436a2e609db74,0xea30c4b8b44078bbf8a6ef5b9f1ec1626c7848d9,0x0,11645669
0xcf6edd91d960bd8e7476c8562c4398020f7189e8bdeb1c44ef10e5233fa29126,0x7971aec8614611f7f88c7f1b6b2e1770c31fc399,0x87a3effb84cbe1e4cab6ab430139ec41d156d55a,0x11c37937e08000,11645669
0x305281ef9b0263ea4bd2136fd2ef409c4d3af40c4fac1b87a9e49a3d58be2a40,0xf31dbb51d67910ceca5f0a30a459127e0adee30d,0xea30c4b8b44078bbf8a6ef5b9f1ec1626c7848d9,0x0,11645669
0x9dc7c49acdacf9e6e64964d173963ebe91d38ca35d6bedf1fc1bf28016d118a6,0x426f44475679acab175dea0b36cf7b32386724da,0x87a3effb84cbe1e4cab6ab430139ec41d156d55a,0x11c37937e08000,11645669
0x1f6c3c2d037fbb45252dd533d67b257ecac433f47cc87eb29e59fd4e8b2b9815,0xffaace0773b361d20d6067847be5e93dccac2d34,0x0083e902ef18099d2c3ff99594a7e9aa4fdc703a,0x0,11645670
0xeb000b2636048f2d0ac04ea14cba872db74c2ed432c401997754dc560d5c1f97,0x6cc9397c3b38739dacbfaa68ead5f5d77ba5f455,0x79bc41da9ec8e20e3813b30c260bbc68da3060dc,0x1ff973cafa80000,11645670
0x9b28d3839e0820b008828d938f9a91e7cf5e579efd268179673c6a44255d31c8,0x54846a638d883ecb2d4874f3265251e9cc744690,0x18d18a40614b6d8c6154309f517acf9829308842,0x0,11645670
0x9bf5ab23b71a29faebf4510bf858fa1fd29b916d45b552caba5d2f0bec833b26,0xed1f32fbcd895258df818ed32acbb75b94d99dd7,0x26f53035040c0faf05997fb952d62d9322ad535b,0x0,11645670
0x26f078098758815b2705ba2d0cf5914218b3331952a9a4c69619b55f95d8bd3a,0x6ca5a0117bc1eefe721065d3e96a57c613f5805b,0xfa6419a3d3503a016df3a59f690734862ca2a78d,0x0,11645670
0x9a3789441727a081137f867596f5ffa2b0960f98f97750e7e3a8915cf85e6dab,0x248fff2dded1734e797833ca6c5958bb1adee1a2,0x820320c63cb55abfc570f02a045cb6ae756b3b09,0x0,11645670
0x082cce7914095a6f5bda90643fd6138407c41dbee49c8fd8a137db19edd0c7b4,0xd4d187ad3dc13be05415f0df5d668aadac92be4f,0x803bc3291b79c118eb6a8431a42b9946bbc4ee36,0x470de4df820000,11645670
0xbb73c2dcb82c883491bddda4cf8674157a3890474fe86699d1da253076de2e3c,0x5070bfad0bebd52ae6970f4f8fdb0bb3d25c0c04,0x425b27a4d2f3025e40c371907b9d8ceb02e1f1ce,0x0,11645670
0x33e72c08ed0966989a3711ce72a6b9a9c94f640733ae00a78e211d650098178a,0x205c9c4f6922c172c08c8948f1d060f192dd37f6,0x60e8f2b6f4ae6cb53b034ca892e520b32ec129cf,0x12309ce54000,11645670
0x83f276d31219b344bf1c90b63fd46873d7c2e0241bf23c5c0c61474d4e495d2d,0x4e5503cdc1e88676ca2e4b10edf97beb804927b0,0x87a3effb84cbe1e4cab6ab430139ec41d156d55a,0x11c37937e08000,11645670
0xba3e8e0bf7a8fdc3e0b9c7ee726d94eb247718bfde3b54ba16c5c7e20fac1ee1,0x2873daa7cafd01509d52d75bb4bd023e50d49865,0x87a3effb84cbe1e4cab6ab430139ec41d156d55a,0x0,11645670
0x32ab4230e1ff0ddc5198ff41739be77459d3d558758ee3b53504e28b716fa0c4,0xa3544c5e25ae2bd3be8cd08e8bb10c174482bd04,0x60e8f2b6f4ae6cb53b034ca892e520b32ec129cf,0x12309ce54000,11645670
0x3f7bd9f1c85aa86eca8b849c6c660b57a2e61a0f108e3ea41ec9621d5cf09e43,0xeb9aec05c7da43a1bfe18151266cfa7b1d9ecfda,0x8f6eb7870334b1fd8006fd52413f01689f4e57e9,0x4d4e9ace5000,11645670
0xe06b100bbbc886ddbcfa20dec830d6813ba1b19b92aba492a7af3ba90eefe395,0x4910482523300a90b07195dd512151770b935418,,0x0,11645670
0x92eaa06aed5b4a6ff3f381cbb8046f7714a1a36f360113182460b9691c1f3072,0x63791870fad27fede4e8c07a249d26971e533599,0x34114c6dee8c0660555d01d013b454f0a1dc4c82,0x0,11645670
0x28c8c0a46ce72f06e96c48b31425a300934035ec2d4304e187cbfec60a107b5d,0x3053c70212fa80903ca98b72cde30333896c559a,0xe2ef6215adc132df6913c8dd16487abf118d1764,0x0,11645670
0x80262ceca96d4cecf831c98104d0d7db5296535f35d96d58c87543f41bfa2d54,0x533d688f1390c8c96f6f605edf7039715d426d33,0x2bd57c3ca216f0d38b18bcfd14595f12dfb13c35,0x38f504e10a000,11645670
0xeef4370383755e93d9ca02c5b8d38ef380350f4b026410826c390c9e173a3697,0x2cfad319f507b8da36523b941ccc480175d52150,0x87a3effb84cbe1e4cab6ab430139ec41d156d55a,0x11c37937e08000,11645670
0x68e0c75ca91859868cb998f715b8a6a6c1c8894709da52f9e5584cad30fd51b5,0xc0ab267b1be249fa5c04e1f9e3b497d38da0ea1b,0x87a3effb84cbe1e4cab6ab430139ec41d156d55a,0x0,11645670
0x65618a7cf43cf22f6a9f7b5c718f05f080fc5e98c5bc3a14d6a9dd2e91f1585a,0x514e085cfdfc8fefd8cfd011daf5f8c5e5e27d58,0x73b668d8374ddb42c9e2f46fd5b754ac215495bc,0x0,11645670
0xaea9c98f114e2f229fd0335e7071c9aafa9f12d359bfd63c1aa3b3cfeab7bd2a,0x4faf75aea9ff8a544634080315446b6bc78327e4,0x87a3effb84cbe1e4cab6ab430139ec41d156d55a,0x11c37937e08000,11645670
0xc3d6d4239ffadffbb7e4c5d1d714443af3dff1e23d4c969ca2e7f0298985c757,0x6e726aaec2e2e9d062908a250c01a8d8f3d3bd12,0xa83d98bcbf103faa6311e110314cfa68e4752adc,0x0,11645670
0x4dbbf2a997f90f5b9032bd9fcfcbc565ef6b7474328a41793149ac5bf8eb9359,0x3a018ecc3479326ecdfb9f54aa8cd75adda1d7a3,0x87a3effb84cbe1e4cab6ab430139ec41d156d55a,0x11c37937e08000,11645670
0xd4d2b39b2f4c967906e604a63e7ca07231a8279490d018c33dda7d01fd29bd87,0xf09a9948fc89f2e65940fd97947264dd527cc372,0xea30c4b8b44078bbf8a6ef5b9f1ec1626c7848d9,0x0,11645670
0x2c85d45ce75792ab973936f08c37d3dd424756542c428197bf5c9b93784fa0b9,0x1276148ac726b149f43449a2055270c8018d9142,0x87a3effb84cbe1e4cab6ab430139ec41d156d55a,0x0,11645670
0x27594a92271b73ebc856ff969b21d6ef2c5a679b6d4bc8bf49e8f5e00f12cdfc,0xb7320a7abae91bde9db249fd09af886d8a350322,0x87a3effb84cbe1e4cab6ab430139ec41d156d55a,0x0,11645670
0xf05c8a1d7117fd7c2d535b9ac4d09d9f6465943ace7fe8f6c3b7a3550884a6d5,0x34d2ec660915e52f2439aea404b7306a9168ac04,0xe787c35f6a875567409c4970ba7b41a0cb9d1b4d,0x0,11645670
0x5ca538240f55508939fd736380027557ac8a8ee71d233b3fd519da2277b9446a,0xa7894b5e7aa92e3084c674d52fc6b7143042b9e8,0xa1f78bed1a79b9aec972e373e0e7f63d8cace4a8,0x0,11645670
0x65e70fbe58853a1efb4628fa6fa7c0cf423e1f9b2277829f895c28a36caf7135,0xda22c80eb66b3fa3055c9271c478e1a3eb54ccce,0x73b668d8374ddb42c9e2f46fd5b754ac215495bc,0x0,11645670
0xbed0e908a0274017c220d84a9fcf1347df510b44127fdbb7b5a1653ea8f787de,0x39fecda149365b88f4e02fce63c42f0dfe3c3a5d,0xa1f78bed1a79b9aec972e373e0e7f63d8cace4a8,0x19945ca262000,11645670
0xf0afd1fad08cfd1ab79627c7f4a8ca6aecfbe8f33f9ed4dbc8f96e136fcf8612,0xf49b537b2604ce01ffbbaed0132ac298c3d28d5a,0xea30c4b8b44078bbf8a6ef5b9f1ec1626c7848d9,0x0,11645670
0xd1bfe90e90f42bc36684ec01ca55b43a56c6f225762d6482cb7794874b8d7b68,0x7f3c05e7639d139d5c6a62982a1b4c90366b551b,0x87a3effb84cbe1e4cab6ab430139ec41d156d55a,0x0,11645670
0xa4dec7d2f589d165a93c8bceb12544d19d7bd91c720f295f2f2396425f138201,0x7542f9169f637d9af9365a163c524e158046bc16,0x87a3effb84cbe1e4cab6ab430139ec41d156d55a,0x0,11645670
0xdab54d8654031a24ad4e79929335e3ccf21c5f4222c7b8313bfb0e1bf1828638,0x7a450544cab038b0d510999a5bc71143fda2a246,0x87a3effb84cbe1e4cab6ab430139ec41d156d55a,0x11c37937e08000,11645670
0x609703c8a3b2fcd4747dba47b7b283e44182afd5a52cb1336bdadc70f5d78e4d,0x727118de743654fff8cc2de7d09de605d4d977d6,0xad95827a575398307fd21a944b30e416ce9981f0,0x0,11645670
0x91cf51c64f088e4c98ecaa0e91405240b4226775196e379ebea13f0b31d22a2d,0xe24f4a2e0a2e3b9842864e7c9407aabd00772459,0xa1f78bed1a79b9aec972e373e0e7f63d8cace4a8,0xae9f7bcc000,11645670
0xfda64545e09c336177910b80a8686215588a8e028f673a3604853e5f0444830d,0x525e5c12f6e347c3ef06a2706fbf2a51859e480e,0x87a3effb84cbe1e4cab6ab430139ec41d156d55a,0x0,11645670
0xcfded73504e717f45e9814bd9ab368840c86cff4e3d8e2dbe2d6466aec238b43,0x3f1a83d9f0896b3d022c69c094b4b9d430287274,0x87a3effb84cbe1e4cab6ab430139ec41d156d55a,0x0,11645670
0x46f643f165050eb51a5787432d6152cc075390ccfd9acb99bd445d56652034e4,0xba000521f2f8507de29557f736d93f23f39a830d,0x66a844f8f451e861e95121fc4573f79cfe541048,0x0,11645670
0x78932170edaa7ec8217a1a1d4e3446d9f891fbfac2e7bc3f60be276371f6a24b,0x670808634b0481a6e363ea04a2cf99f7d10b5b5f,0xf112457d9faad662b0b61f73471271bae48a7ab2,0x0,11645670
0xdd8edb37aee5ed2b3508d6fbffe1076ae764c1934937cda578a8f0cd80524f6e,0x2475742e7f76162b063e098b383a3ca3ae569a71,0x1685c610007a33a25ff6e5fb00aa8e570328b505,0x0,11645670
0xc8d999b4e708dc07b0d3bc476b671048449a0040a9e4939ce9e45df70e099756,0x0bd3da91d4608980378e0b453841847f5d37d083,0x1685c610007a33a25ff6e5fb00aa8e570328b505,0x0,11645670
0x21ef6539fdea47b6f2d7a23a26b27ed789182667e05548efed9364e388d96781,0xb1bcceb2f7fe3e87f1bdede6f3173939b3bad031,0xe787c35f6a875567409c4970ba7b41a0cb9d1b4d,0x0,11645670
0x42c131af91a1d47ed786935209d47a0099fdff9c86579c574a1ff75cfdb9cb50,0x065def72621cf2fc1560ec79958e059905339aa4,0xa73afb610ac79a729a393d679029fcf9618854ad,0x0,11645670
0x35e19392765cd87bf64ea59fc2f33b5a65dcbed884dc89a80ba23dec1d53a9b6,0xd8783bda4d4ea7b1fe94d3bded671d87173c9d09,0x1685c610007a33a25ff6e5fb00aa8e570328b505,0x0,11645670
0xac9f06b2e72f159958977fd9477090f59bcec4e4a7c2c69e0be77f59ad9044e0,0x2b2a906531ad90c4ff3a3a68cdcf0152dd579aca,0xea30c4b8b44078bbf8a6ef5b9f1ec1626c7848d9,0x0,11645670
0xa8b40d36387d7fcd297bc37177943a5b355e41b02a3b916cfc9bc69152400248,0xa17fe582957563c195221bc93ad1e4650cbbd821,0xea30c4b8b44078bbf8a6ef5b9f1ec1626c7848d9,0x0,11645670
0x7eb3d133ce91cfa8e618b26a2a643127dd7319504f33bce5e77b022dee80fe5c,0xa61c536b1cc8aa5c3f72519c7b3524b55de67b3c,0x87a3effb84cbe1e4cab6ab430139ec41d156d55a,0x11c37937e08000,11645670
0x13d580839258e2a004d3e7897408e6ea952a33d73b9909a5248988a53829ffc9,0xb2248390842d3c4acf1d8a893954afc0eac586e5,0x6c97864ce4bef387de0b3310a44230f7e3f1be0d,0x0,11645670
0xde05ea1d4265aab4e1f0f36620d15e449e40e4113b13ed87ce0898ca1cc231f0,0xc903169c4b7c479e68aeb301fb74eb042887a7f4,0x66a844f8f451e861e95121fc4573f79cfe541048,0x0,11645670
0x89051d7fdc984ae614eab1020dfa42b201fafcc27f3a8dcf4c9e5a7a537378a5,0x5c78d4e04b1022afce141cb153e33d9632863941,0xea30c4b8b44078bbf8a6ef5b9f1ec1626c7848d9,0x0,11645670
0x0abc5dd9f76c4af04268ed320850383c465069064e40c520714695256659fbf2,0xa34ff729c816d25a8c12d8534b7c828fe0c05975,0x87a3effb84cbe1e4cab6ab430139ec41d156d55a,0x0,11645670
0xe88c08347089f61c97dcf092c403e8f0b99f5ea8a8d5eda8dd301b75b8907d3f,0x4580fe97d1d6f3ef0f6b39c0b279250bd7c39594,0xea30c4b8b44078bbf8a6ef5b9f1ec1626c7848d9,0x0,11645670
0xb3ed66980506c7c89da950dbdec5bd259afaed90855060396f134d3cc6a69a19,0xef1c614b187ff2860031dd10fdf6fbb80ae6338f,0xe787c35f6a875567409c4970ba7b41a0cb9d1b4d,0x0,11645670
0x07c480da0238e64816417cb071f627e606ac365f3c444fcffdb29d893f73ab22,0xa2d68dc62ab2ae1359bde2ee827d96cd514bb458,0x87a3effb84cbe1e4cab6ab430139ec41d156d55a,0x0,11645670
0x37d34b00dcbda709bd32c75e843cdbe2cb782682a1cc17ed8cc0e00a0c1fc7c0,0x83b977b5d49cf5ccd202afd77ca21136b2091bf9,0xfb982285fdb37a98de1642a382d52acffdbc2638,0x0,11645670
0xd1d584e0684b3b1ca1e7ef509fc71f13c8251552b64af33dffa5461571dffda9,0x2e2e491cc3797f228e06ddbdfb8f43630c4b97cf,0x9916716b80b353fddee6e5c480422d6bf73e3642,0x0,11645670
0x8a7ed3e96f1a2f2f9b7735858bd98d2f34131338b288c9e66395bd5bd82d5e8e,0x6a2437165323d1f0cafb0d8cefba21a1d29d573a,0x87a3effb84cbe1e4cab6ab430139ec41d156d55a,0x11c37937e08000,11645670
0x6d563bf203a6f7468de9372239cbc0b64deced1bc2301ae02b2206a01f9e5840,0x4c1547bc531aafa12a0ffc2f367ca50cdded3f19,0x87a3effb84cbe1e4cab6ab430139ec41d156d55a,0x11c37937e08000,11645670
0xca09a6e45012b42cdbe183c8573a2c869317bee46dc4a45ab624a4733afa0076,0x4dcd04039b557a767411e55add557f5a3d7ee277,0xa1f78bed1a79b9aec972e373e0e7f63d8cace4a8,0x110d9316ec000,11645670
0x4e5efa7ed02e4ed9237faa0d432931bd34848b7566c9f63bfa27c837b216e68f,0xc84a0928632382e75c543acced101b9525027362,0x1375a61e0d2640b904b844ae53a7990b3317ab52,0x0,11645670
0x43fdc67adf9edb746a54757c0be64ce5d4d93cbd09552ea809a2513681c7248c,0x75a039a5fe077e77974c5a1f2d3f76ef7c7cb7fe,0xea30c4b8b44078bbf8a6ef5b9f1ec1626c7848d9,0x0,11645670
0x76e3dec91c6a7f9e47ca02aa432aa677a1b399bd518a0c25a09aa8c718343904,0x7a923674037a66299c35e38f1f8ccc6ab7cd6953,0x87a3effb84cbe1e4cab6ab430139ec41d156d55a,0x0,11645670
0xfad8f8b48a41a27e9a1ef1d52053bed67f41cb995e81f167825e7f41824cac18,0x1b549f76e8eb146370fad8dfb063d884591f1b50,0x87a3effb84cbe1e4cab6ab430139ec41d156d55a,0x11c37937e08000,11645670
0x3069072f24d04994c18aae63811af790a636c3542eb71ca869834b1fff44120d,0x5eaf800465edd258bfa3432b98d35845a4c31bd9,0x87a3effb84cbe1e4cab6ab430139ec41d156d55a,0x0,11645670
0x4da1060556d32a423d02f1f00ea22ad4d58759a0c44a750926539c68241bbdaa,0x38f11b2cbfe0ca225dfd6cf3dcbed4e3be05b018,0xa1f78bed1a79b9aec972e373e0e7f63d8cace4a8,0xf5904616e000,11645670
0xbe1ced5289ca15035b2dbc4ca30e44b4ce878eae61d0d0791e516a597ca19516,0x3ee24b102887685d1a4a468d7673d978887c91b1,0x87a3effb84cbe1e4cab6ab430139ec41d156d55a,0x0,11645670
0xfe2f4c597c6c26bfff667f2f14330d9dc9a2159e75d1170a689acf25df9a0be0,0xe68932b1447f9095b424c23266cd1405982e04ce,0x87a3effb84cbe1e4cab6ab430139ec41d156d55a,0x11c37937e08000,11645670
0x4a96619924ec1884760c04b817c5b4b1b94b3a7208bed90879c2147fc6e49e9e,0x0d5c090bbb966f26dd574644eba01a3cc8682c5b,0x87a3effb84cbe1e4cab6ab430139ec41d156d55a,0x0,11645670
0xbcf4faee2f2fab13f59244aa3649fe17e1e34b6cf29332e7efa653c156dd9e12,0xc5bb525c2f69a71d7b12a28649cb0cb4059abac2,0x1685c610007a33a25ff6e5fb00aa8e570328b505,0x0,11645670
0x9bfa543c1ad35a486791eb668de89ab69b4a0d075c814aa3553d2530c502ad4c,0x677d1dda46697c5d568a4f1cde93517cde3dd24f,0x87a3effb84cbe1e4cab6ab430139ec41d156d55a,0x11c37937e08000,11645670
0xf6b1649117fbc57cd8e24c5b08c16131502afd9870ca00cbcb4b23664b5885b2,0xf4d1e7fa5ae05323a2abe747373c252a9b7413d4,0x73b668d8374ddb42c9e2f46fd5b754ac215495bc,0x0,11645670
0x3b90d8af128085b061b52943722192817c684d23289ba774582b9f72540941d0,0x930e55af89a6cf0443363bc1e369cb9727acba83,0x87a3effb84cbe1e4cab6ab430139ec41d156d55a,0x0,11645670
0xd73bacc05aa3a3be3118c7f5ea1415f1d12e88be4bd795ca05c38620776e05c4,0xfb04bfd0c758a6bb2788c04c478169016d5ea655,0xc3cf0fe2a970824c9c1e8c6d5fe9cd565fc69db5,0x0,11645670
0xf35f9b24fb2d5be8d36c2e727db5ff7bef7e7c6b6246378c5b0e12265a5218af,0x9e7a4ea46db7876e8d7b9e8df9eefd894b8e5db9,0x75aff67431a5a31e0abd85e64f8b5edecafca728,0x0,11645670
0x3c02ec9ad5f44305c4959935ecbb7024a0dec942e98071249e2d1552a4df27f4,0xee1b1620fd6f1077ee5874c151b79b0d475eed1e,0x87a3effb84cbe1e4cab6ab430139ec41d156d55a,0x0,11645670
0x290792ab16148e2945b2ad5a5fec5e620c48d99e520ac2253a02879d9fe97aed,0x91fd4f6b88dc700be3a8009cd59fcc3c59e5253a,0xea30c4b8b44078bbf8a6ef5b9f1ec1626c7848d9,0x0,11645670
0xbf2edb882ee8792beda903fadbfb0ad8a58a5114bc919c9ffe226003fb6d5adc,0xf04862347824dafa12909ec039623f1bc8e63249,0x87a3effb84cbe1e4cab6ab430139ec41d156d55a,0x0,11645670
0x782b4dae359b77c8119becb555d397b58aeb5e431aa3b8775f34d5699d20c0a3,0x92f5c7f79a7db24e87e94b8f3098e85513a04eb4,0xa1f78bed1a79b9aec972e373e0e7f63d8cace4a8,0x9184e72a000,11645670
0x6b0876e8ccbbd509af20b731dafe57485d7cfb805799fc62b61be855740be7ef,0x0ac9e90703134cb02d817d15ce736fe990427f10,0x2bd57c3ca216f0d38b18bcfd14595f12dfb13c35,0x174876e800,11645670
0xbaa3a431c19788498202804a3cfbf2d6b6afff49006da5d34175f783ab2ada01,0xb5f0dac0fcf26e43d184f7bece29eff1f9585a85,0xb5f0dac0fcf26e43d184f7bece29eff1f9585a85,0x0,11645670
0x6ab462d239ac08857b526558e9655c4681ac19424d8d4faaa4d2d4fe9ccb2436,0xccf30e110a751933c14192d36b1402e16022ef99,0xa1f78bed1a79b9aec972e373e0e7f63d8cace4a8,0x5543df729c000,11645670
0x9582a5be4f604787c6e0a391eb46eef4c17226c3a85d8e5f2f797518519b2289,0xdc2133e78a34ecd7a8f97e8f2bdfd315bb586568,0x87a3effb84cbe1e4cab6ab430139ec41d156d55a,0x0,11645670
0xddfa9d57057f28ccfe9a8bfce056141e216c84ad8978e2ef22e73639f19d73fb,0xb0def09069d788b059997990fe7efed5418b6893,0x1685c610007a33a25ff6e5fb00aa8e570328b505,0x0,11645670
0xcadaa79c8bd1f1ade0f1e0624842e44f1f83dccadf38f42ab6023fc621444d6f,0xc59d9b7f1a2c34d72c128d28b1b104818fd4854c,0xea30c4b8b44078bbf8a6ef5b9f1ec1626c7848d9,0x0,11645670
0xbcf2fd8cd79795905b9e4e975654dd626c6392e0230ec8b80d07e0f7266c87e0,0x6f6be62530c67a0267b3f5577057aa91f8164a22,0x87a3effb84cbe1e4cab6ab430139ec41d156d55a,0x0,11645670
0x05e0be76b3c15428d9802189b41b7d1489557d0f6268e0d73199ba96128958a1,0xd95b3293951a1b3c5b71df7beac8c518351f6712,0xea30c4b8b44078bbf8a6ef5b9f1ec1626c7848d9,0x0,11645670
0x504db106ce99bfb9d10f2f67ab0c049f43225f42cec3f37647ec468bc59d4b39,0xec157be926daf48dca50a5719bd68e6d8bc66847,0x1685c610007a33a25ff6e5fb00aa8e570328b505,0x0,11645670
0xbf1b094e3311a02947ac89649470841c3b34fd1446e8ab8957abea94de734ec6,0xc8bf111eaa4965a1a878b421526453f67438640b,0x87a3effb84cbe1e4cab6ab430139ec41d156d55a,0x11c37937e08000,11645670
0xdb5565e81e1ca95bb45c4ea886bab9508256dc09edd48624cd48063a12ddafe4,0x6663674ac201faaf5435d7a9a49592941549975c,0x87a3effb84cbe1e4cab6ab430139ec41d156d55a,0x0,11645670
0x8e849ad9fb07025c3c0bb1aebc45dfa6a08d94d2cae8c6bd095665bfb692b7b7,0xb8d5da2b5ec4357f59e0de8f8c8de2300af5b1f7,0xea30c4b8b44078bbf8a6ef5b9f1ec1626c7848d9,0x0,11645670
0x2c3d6f09227d4c915451a6dfdb178ad0617d98e69326069c72a1d7907682fd8b,0xadc09b63a3ac57a2ce86d946617a18df9db029a1,0xbc493ba8e8ac32eb9387f0cf7b787bfa1a3f4854,0x0,11645670
0xb404d50638b0595bee9ba04d1fe75ca90ea19df0b8ae7b51756372e7ad7efaaf,0x2f8e1176ae8ce0538fbdcf4efd788664908b0125,0x2bd57c3ca216f0d38b18bcfd14595f12dfb13c35,0x2fda0,11645670
0xdbee94938173e7025cc1f4dabf876b138fb9d2dbbb79b3bc657fbe4e3ed1da19,0x7609079082fcf197695e45f294104ec9a0745456,0x73b668d8374ddb42c9e2f46fd5b754ac215495bc,0x0,11645670
0x1736f8a654cc28b2b2d470881f9ff129455a701b0e1b4d0c18f5e8848b6f257d,0xc84a0928632382e75c543acced101b9525027362,0xb2c7711b887cc1f867768be224f85ad30bb6da68,0x0,11645670
0x96b6238cb75616b5f6a3adf97eef814843e91b6454ffa47a5bb18acb5e10e841,0x514e085cfdfc8fefd8cfd011daf5f8c5e5e27d58,0x73b668d8374ddb42c9e2f46fd5b754ac215495bc,0x0,11645670
0xe419cecd48c4c1068b30e3081412c8c30624732de514cb0dc09fd48d65da535e,0x232e274676e865e341b02348a2173e8856891b0a,0xe5c7ffa312dee3759da5133eda77ac55863b1cf3,0x11c37937e08000,11645670
0xe1f39704043ba9dc0e5eee88157f8f330ffd5efcd1a75c54f05275f739d8aeef,0x7609079082fcf197695e45f294104ec9a0745456,0x73b668d8374ddb42c9e2f46fd5b754ac215495bc,0x0,11645670
0xf9e16d05a7a3210d6b02e04f8632bd4a54a08122fa1cbb71e7f70b4d6b397b8f,0x13a6596159e231ed08d073856839cb2ec05ddacd,0x4e5840976789b3be6b63665725524324916ecc37,0x0,11645670
0x3677253547bfdcb5b71057b259bf679f0ddbe072a89d0767b91e3c6d840dd403,0x25fa19d784bfc8374638418c73af462fe9889217,0x60e8f2b6f4ae6cb53b034ca892e520b32ec129cf,0x0,11645670
0x496165218ddcc049944a354f7a5e7105f6967614272e2cd876e791a398ddbab4,0x70bf9f8bf1e00ed86bb9cb40d4dd427a901a6a1f,0x66a844f8f451e861e95121fc4573f79cfe541048,0x0,11645670
0x851437422ce6f2827c10fbd1a469d278e2253106c8e2c6b627d2b0d3cd821fc7,0x805a3703aa8b56842e433a15990d69ca950b8341,0x73b668d8374ddb42c9e2f46fd5b754ac215495bc,0x0,11645670
0x1940ec0c6215edd1c1cc70c46cfadd1f446d4406302305c0991716d80c8504dd,0x23c5118f0a66c3d549bf3853f5439e6a39d97a52,0x87a3effb84cbe1e4cab6ab430139ec41d156d55a,0x11c37937e08000,11645670
0xb829b7163ed04789a0603b29b92235d5bf959d2f1be6e2ffa0075208cd60309d,0xd6cc7121cb82e46482b1777ff9556990dc680603,0x8cf7c7afa3457343cd8c3950498a0eec6dd0e2fd,0x0,11645670
0x21ba44bff5f76aff2762198ca742946c08f7a8f9c96032e39f8ec04ab0db068d,0x3c838dec10146e36638c3f2f3d791f583903a9ff,0x73b668d8374ddb42c9e2f46fd5b754ac215495bc,0x0,11645670
0x6236250a2af8cededdbb2ddb37e502b05b4773003c905eb6eba918b2f532ff96,0xffb48de4711cb0431d14869fc1e0a0bd5216d5cb,0x87a3effb84cbe1e4cab6ab430139ec41d156d55a,0x0,11645670
0xe60edb38cd07815aad86beb8fc4de6033719b932c2bc3d3a3119ada7ac5ac1d1,0x55b4f1614f16aad1543048ea168841ae4860112f,0x00261eda041ee6b9e04dc7b1d51428731eb8c483,0x0,11645670
0xc12401ae8e8886223de3bc9d4f07eef9e0a310cb4ce7d3441c56d2de04f3708b,0x050432aafb58f7fc36803da8b6cba6a1c1bd622f,0x0c88262f03b183dd183c2fc7a78578dbce1e664c,0x12a07b108eb000,11645670
0xa50c887b0d3559134e3a3551f206f3e624b1050b4ff816c49a82d6e0cd24b699,0x2514ac04ec9ed8519807d7bad4b6c3a6940e4c0b,0x87a3effb84cbe1e4cab6ab430139ec41d156d55a,0x11c37937e08000,11645670
0xc76d580ddbcecd7c285a5196231a6ae176a61352dfe628224fc035b3f86df0a7,0x9eed7a734b77966b995e6c0b32c87d196a594bfa,0xe787c35f6a875567409c4970ba7b41a0cb9d1b4d,0x0,11645670
0xfa6c982f123bc1e87b37b5f8f9b03bde8d0e3aca091d0affc2c352f99a6ae7e5,0xf50d8bddef36381f19e902f6f6fc3265f80fdaa5,0xb8821e3efe9bd753385f6ce1b20c25652f0ff25d,0x0,11645670
0xe7e68fa15365a189a14035419b33eb0dff4cf41779a9680e8e416eb34b750e79,0xa876d81ae42c746b63ed6bc1d851b0bb8eab20f0,0x87a3effb84cbe1e4cab6ab430139ec41d156d55a,0x0,11645670
0xed3f4cfa15a4f99dac325ab9274fd10fadce3ad6e7e276b4ae8b69f3747eb4a2,0x89a03d79511fa4e16db69c89836ccd8c9e673f23,0xe787c35f6a875567409c4970ba7b41a0cb9d1b4d,0x0,11645670
0x6aa309d86d92bde95065e8e4cf8b9927c223b215c2f4021053444a6a49b98016,0x2d2178c84250edc8f58de5f5616e93fa6eaa766d,0x803bc3291b79c118eb6a8431a42b9946bbc4ee36,0x38d7ea4c68000,11645670
0xc8ac8f4511fd3609401de49151ec2161acabbb85acd07f2120a61a8efa43e742,0x125aadcc9897e92eb00b82a17757f0a821081ac6,0xd3830c58accd3e6eeec8cd5688be5b1d04a4dc83,0x0,11645670
0x6641f815c5db42b14d5c9def971a50ebfdc30553e9f8a8a5d4d71540199381e7,0x42fad9d9197846ef2bfb1418e953ca449798e022,0x139e06b6dbb1a0c41a1686c091795879c943765a,0x0,11645670
0x7cd8c92967c18a859781987d1f69b4ac5b6cfcb5d61c7328d74da895eaeb5e4f,0x3fd3f629c2b6e7601de3b45b3daa8d85fe750bec,0x87a3effb84cbe1e4cab6ab430139ec41d156d55a,0x0,11645670
0x314c468595cb93058d485fc92766565e2f35134877faa99b3597e5d64198d994,0xbea57193f77a1295fca921a182aaa08087b69961,0x87a3effb84cbe1e4cab6ab430139ec41d156d55a,0xe8d4a51000,11645670
0x576a5fe1c2053525fcb8c6cd4c7df86b6e49a021d4f70b7c6f391a09a1fb16a6,0x11814064d5656c721c216832faf5c6d00f4c5fe6,0x0c88262f03b183dd183c2fc7a78578dbce1e664c,0x9a9d359ca000,11645670
0x761324e4d4b2f57c72402ebc2f456a2f76c6d5ae644709af0ef56384d5b33496,0xafb5d965266d419cd2f31a7c3f120d1fc44ea1d5,0x00a65ad258671ed90e38bb7670d5623235bb8e78,0x0,11645670
0x4d981e623f0ddc399a465de404062215d004d3f898f3cd24e39859032090628b,0x3f69febe1623d743cb2cb028817533742d53f099,0x3117d0eac99f784b6e2d9e3be51c35d93342641e,0x7c6b3b67c000,11645670
0xf504aee854e1dd3854231a9581cd56e6eb943cf0c4e804efe0d95b8e05aa2a39,0x3181df039dfd36cdebe0c65fb48ee9737537084a,0xb60fce828d8539af71a1c536e6430bea3351346a,0x0,11645670
0xa6c66867862465f5f2225b8101e7d71d350535b3f7d77a824df0fa137d383c4a,0x569cd8e03b0ba6050400e54a4f0d849db6de311d,0x041633ab46906973041ca23f856129eec52d0497,0x0,11645670
0x5393285f381e6ca28d1b12fbcec4e69197853564363778ef0b7ada3baae166bc,0xba7af4ff71f138f7f55dca2edf78fddd6cf2a066,0x99bb09726b22bdefdf1cfa87074c0fa8ed49edf8,0x0,11645670
0xc3f498eaf51041b384a12f22f50325234d8c573a928391e7fe421438770df048,0x52065f6a3ede9a8937a49ffd46bb16423977d0ab,0x1685c610007a33a25ff6e5fb00aa8e570328b505,0x0,11645670
0x9e6bd7ac6dabdcb35196fe17285ae9d5ac91263a7aac01f312d863ea67810b5c,0x87130636ea4b218a35d16f989ee4500ff1956ac8,0x87a3effb84cbe1e4cab6ab430139ec41d156d55a,0x11c37937e08000,11645670
0x01b615696b16a0d6047d5a785c19c92c72d342ccc2d81dc9e6133268d6258f3e,0xd5f40b080dbaab1c5a45941464bc3ee113e736d2,0x07ea2ff889e6228cded329a09f66e370f12c705e,0x0,11645670
0x351d21db00368e8d0509ee565995fa3d54a39e40d1b3afa62a4687d7e85964d5,0x7a1ff4e9f382d3e779e71fdd0f406c43b3ac0b43,0x87a3effb84cbe1e4cab6ab430139ec41d156d55a,0x0,11645670
0x25093bae41fae19181f5c8d44c184e889d2560cde19be52dac6f72781ceca2c3,0xe4c9b43a08c054ef2b0a319aed3d7d4cf879ef49,0x5ff137d4b0fdcd49dca30c7cf57e578a026d2789,0x0,11645670
0x6d49a2d5689cdd4169d7174d9e2d89a1113e39b85245c3c0b32415486f82fbc1,0x5525757ee5aa22ad0a8a7b647a1739757d7dd038,0xd3830c58accd3e6eeec8cd5688be5b1d04a4dc83,0x0,11645670
0x5a185f7d16ed4131c709770e023442fa401888c86c80aa278f197f7e9f985efc,0x63d50331c568ce20eeca55fc5aa3e33c0bec62fb,0xc8c70f491deedb238f93988344c9b8eb41322af6,0x0,11645670
0xd8cfa0c366048aef2e429495d3dc399c5360eefb496bdce5eb9dbb36f0084cc7,0xbbdd4c20d756cecc08ac40027cf7711d8fc07653,0x55cc481d28db3f1ffc9347745aa6fbb940505bdd,0x0,11645670
0xb15acc1d6c83f48ad10b387a4b4a882730bc35c22f52fd297c2b44d38604d1cc,0x2cae92c6c1399bdcd7ccf30c0a0e72558984efd9,0x87a3effb84cbe1e4cab6ab430139ec41d156d55a,0x0,11645670
0xf1a32370a7e051de21c5fa5a743018559093360cc17fb07198b90d621e88b644,0x232e274676e865e341b02348a2173e8856891b0a,0x3441b738605ddfef4b377d417ebe78e8194d9a13,0x11c37937e08000,11645670
0x5011259f9a04212c47e86cf6226164f3ff9887f0a165ea0f4daaad9a7a0aa6c4,0xaa244ffbdc424b12f8de339f2ea5959af48eab9f,0x2bd57c3ca216f0d38b18bcfd14595f12dfb13c35,0x7d82a0faa000,11645670
0x9c73f569906b4581a4e84b56a1018015671d435bd213e62caee35ac1818e74c6,0xba436feffc93294b92f82c654e7ebb2f5021759e,0x0c88262f03b183dd183c2fc7a78578dbce1e664c,0xf415ec8aa6000,11645670
0xdedf1fbbe41f6eaf21f55283b4f8529b728d10937bac6b93da5b0319f9442dcd,0x2653255e8283db96f09cb4dc064c4d4543b62dd2,0x2bd57c3ca216f0d38b18bcfd14595f12dfb13c35,0x820ec833f000,11645670
0x6fdd3360b35f1b4798f6d46113338e3b71859c607fc60769cba386533182c81c,0x6bfeaa9fc729b6ff17a9c447c6037938f846fe63,0x2bd57c3ca216f0d38b18bcfd14595f12dfb13c35,0x76ea9b4dec000,11645670
0x1589075bcb5e93ed32bdcf0aabf126466a295b23c403dd427abc8acbd038b9b5,0x6a830c36e863e260d408a86083d2276b0902118b,0x290df9be25eafcc26d6c5e6c2ea8034113ccfee0,0x0,11645670
0x20e02cdbef9cf4482849dc9dc03e6bceeedaf207b33615a490d00a6d878e89e7,0x47e5902a48c5fbaba166b118cd159f2f5a84707b,0xfa6419a3d3503a016df3a59f690734862ca2a78d,0x0,11645670
0xa8633b310b00f43c88039988aba11fb251956e6555beb91acd40c5193e5b7879,0x790bcb43358e01142fdaf6f097976d216676add7,0x7b79995e5f793a07bc00c21412e50ecae098e7f9,0xe8d4a510000,11645670
0xf745c268000f18e5c03e9d16e1d0d8169d6f48e93db7943d7ebcd11a29570087,0x65f6d0211763dee70a9d6ae78724f3fe92f91045,0x87a3effb84cbe1e4cab6ab430139ec41d156d55a,0x11c37937e08000,11645670
0x8aff71d787b5c84a10bdaaf09e1408570cdd797ecf05f1d1040237ea31cc05b6,0x01c1b0a5aea01db7288e2615748d78f434b7d5b8,0x87a3effb84cbe1e4cab6ab430139ec41d156d55a,0x0,11645670
0x101f7faf09cabf31dd8fb70c1cedfb25808a0a31c5996b9f4d8bd1ca6f46a13f,0xbe3aac1485952bb77ea3f14f92869108166618dc,0x803bc3291b79c118eb6a8431a42b9946bbc4ee36,0x470de4df820000,11645670
0xa8e8e447b38cf5bd6089eb5a7c7ad5c37590b1f0999863acfb87a4c88cd0d3b2,0xc357fe0ebc5c39e6bfad7f1b0cf880b51bb586b4,0x87a3effb84cbe1e4cab6ab430139ec41d156d55a,0x11c37937e08000,11645670
0xdb09e709235593730300d450212f14689478129d69133eaee954664ea19c8574,0x48956477e59e1050cdd0ca6de73f11ceba0aa8cb,0xf467ec26cf1911a0ff87e3a6d36b3aec915506a9,0x0,11645670
0xce27f98d5a567969bc236345e9a0e2a8454bc57c118117548733426e90f2a30d,0x6a84c66d253271b71a2cc724d9f9a0bf1c9d7bea,0x2ae725ebbcea1a9854196281baabf81fb2c722a9,0x0,11645670
0x2545882bee7e682d5d1305351da42a52f34db5a6dee97c686fff17794c70f369,0x22cf0cc54077d0adeb1802ce36305dd561766fac,0x87a3effb84cbe1e4cab6ab430139ec41d156d55a,0x0,11645670
0x5d6fd6d70972647f751c9c79b98c2cff123c21d920ac132067a4f0e38c9aad75,0xc0ec79cfea51423a3300c693c84621cb41737045,0x1225702fde746cd311115c9ed83edc063eab1651,0x0,11645670
0x6bed91bd198e1fdd7badc531c5e2db8666390534b8f86b679d74a831c45f0a14,0x03eeb73365beededb0b643ffe67d11309b1c08d5,0xae90f2a9447f15496a0f1141616a08cba066d008,0x6a94d74f430000,11645670
0x1b4a9b8007159f1a2e68df7f3506955fef1755d69bffc413865aed19f8c20e13,0xf14ef94b62902b3b9804f8e9dfeea433d3179ee9,0x87a3effb84cbe1e4cab6ab430139ec41d156d55a,0x11c37937e08000,11645670
0xe4ca09a60987fd9913ccf4baa03331a5a2b50e058ddd9e1f35e9075ef8a87bc8,0x46dee90e70e49fb3efd83ca9b3249fb490631b89,0x00aed28667cc89d32e8b758f95e0b521afdcb876,0x0,11645670
0x5cd3a3f0b05f7a90a077e7fa99e898f7adde3b957d3100c15cd06cb3934074bc,0x7d6c41f022bec4d5a2765d7bfb9ddd7822550be9,0x90f95e49d410a1308ec78001b6466822117ba6fc,0x0,11645670
0x58f90d7aa0b497d62ee158eeae812e9d06572cf9f49d4067e3e25b371f971b43,0x426f44475679acab175dea0b36cf7b32386724da,0x87a3effb84cbe1e4cab6ab430139ec41d156d55a,0x0,11645670
0x865ad0559409ee82af49e50bc2d81d8f966cbd9a3dda68378f7e8e1789bda15a,0xbdf3e86d9e98e2984cd58fc30269b6184cb9c22f,0x87a3effb84cbe1e4cab6ab430139ec41d156d55a,0x0,11645670
0x80e84468c8fa324cbb7de0b2386aff1c6db12ada1cba3d4c7e7e2245fd894ad8,0x6f58e57a7406e44f2c75ecaa7f3711f5913fa3fc,0xf43f28f33533e8140cfa8b3c959c63cf1a0d9278,0x0,11645670
0xfdd53d58ef59677b0dea14e9ebc801f89c513d75969cde5fdce4ba8b7211312f,0x2ad9c76a514bfed825bf6012d72da2570255f5ee,0xd4d8b8e0877f64e656ec8651f87b94ed54914860,0x0,11645670
0x261e975ddfe8f525cfd5923be6c851ba3677fcbe543cb06deae45e2575213c7a,0xaf23088b8284ecc0739855fd8ef3e83116c56666,0xbad9cf68aaf7060edf520c298dcf07307a8faf53,0x2386f26fc10000,11645670
0xdd06424275f213c0832c74b638906a9d4d2c00c5f5949c311b5aa783c8512fa4,0xd4f2f26e7f38d9fc96c29a88d10625c7b9eeef64,0xe6b11c6010237c885b8a332920745b35ebebb3c5,0x0,11645670
0xe36f8e448af614622211a1733af48a6b71e6430241a88a71f43340ba0dafc677,0x7971aec8614611f7f88c7f1b6b2e1770c31fc399,0x87a3effb84cbe1e4cab6ab430139ec41d156d55a,0x0,11645670
0xd81f870e4deff40b85cd34f3c8f8b518a933f7c871467cce902f17f76c9fbc75,0xc02d72087b5702b7a27d4110629b10f36b0723bd,0x87a3effb84cbe1e4cab6ab430139ec41d156d55a,0x0,11645670
0x2cb403e7294abeba9f5550ce9e6112f017e059d3b2a656b986bf34ff49a05a4d,0x6a36b159d8f58fc0235649302cc3846c3b381120,0x87a3effb84cbe1e4cab6ab430139ec41d156d55a,0x11c37937e08000,11645670
0x5e7d9449c7018270fae72329799d35182d1969502a650fcfab8788d58940b3e3,0xcc8d92c2f5aa24f262e94b7b092090c9cdc052f2,0x87a3effb84cbe1e4cab6ab430139ec41d156d55a,0x11c37937e08000,11645670
0xba05e2dc1ff2634b30b67696eefa313c47ab639fe3be50b190551346d3e34ce2,0x00482a63f8e7708eb212bd9f7cd15e4cf8b68618,0x8f6eb7870334b1fd8006fd52413f01689f4e57e9,0x5af3107a4000,11645670
0x51d8250f5e935d5038541b0dbe56dabc18bb66906d7dbc0424434d2a10ff93c2,0x65141ca3329da9a83458017474b5bc62097cf24f,0x69c6b28fdc74618817fa380de29a653060e14009,0x1,11645670
0xafd6c2b29fde7cb099b73011376a806ebc0be9e01de4429e0258666988fd659b,0x03eeb73365beededb0b643ffe67d11309b1c08d5,0xc5298c6211d978f4f660ba42f662183b55e6397d,0x11c37937e08000,11645670
0x3802b7cce219e6503c1fd3f8a4d62ba67b8257a022425146e54fa2a0c98c7f09,0xef09796628c0f7a38dea1c357ef2da7d32039c9a,0x8a0318fc12fce0eb557a3678dc103005f4f94d98,0x6f05b59d3b20000,11645670
0x38e6f99f39f944a09bceff3d5253177206c0cfd0178b3c590d905d3c6accedaa,0x3627fa847804c523a2866eb49a54e40110001956,0xe787c35f6a875567409c4970ba7b41a0cb9d1b4d,0x0,11645670
0xefb04221cfe428b5994fa907896be457f61e7bd9654734516de040ce3ce1c83e,0x837728e74b66837bb978ebbe81effa429160df8c,0x4b4daea8f4592b29dca988f2f4754aa16d7df9d3,0x0,11645670
0x83cf63606e0e7dbcd2690f6fd548bff99eab30ed11df4787a37321f05eab3529,0x216e9b3a5428543c31e659eb8fea3b4bf770bdfd,0xfa6419a3d3503a016df3a59f690734862ca2a78d,0x0,11645670
0x43ed7b1dce95e8821de703f379bd4207d17e6747f6d3bf2db519de98f41637d8,0xfd295497ea03cd07f09c9f4a009c01f479d7726d,0x557abbdf9180fe864e38dd88e0af8cb454556886,0x0,11645671
0x32c099a7c673b64df8e4ec50e24ef5b2ec5a6bd955192ba1c64c180987410079,0xc9b457c56cd21ec88929c49bf052b856744fae5f,0x0820f975ce90ee5c508657f0c58b71d1fcc85ce0,0x0,11645671
0x652b7666115d751c4a923cafae7db3bac61bcdc06ff9f71cb9c3c4ae456830c5,0x81f522d0881039d1b6009ceafbbd798aebe7b985,0x0820f975ce90ee5c508657f0c58b71d1fcc85ce0,0x0,11645671
0xbe0db98cf4d84da3287a42718b3e4d764ab2bb6faa2ffe4c91c6dad8befed2dd,0x600ac89841d3ab2c777c48a5aee8283ecd28d378,0x9b5cd13b8efbb58dc25a05cf411d8056058adfff,0x0,11645671
0x42d5ef394a41253543da63a473beecab3de4866e4f73008823d93a3e4632b474,0x54846a638d883ecb2d4874f3265251e9cc744690,0x18d18a40614b6d8c6154309f517acf9829308842,0x0,11645671
0x67709f519aa7ddb39ec4e7918c19ef99a5979688fc1cb3b7dbedb184259e7246,0x47e5902a48c5fbaba166b118cd159f2f5a84707b,0xfa6419a3d3503a016df3a59f690734862ca2a78d,0x0,11645671
0x18b21adef410634e16c3d4aa2505e80c00ccbd8521351446f19529fc6f84667a,0x82a9fc50daf3dacffeddeb7fa0d9298a98bb3a4a,0x1c7d4b196cb0c7b01d743fbc6116a902379c7238,0x0,11645671
0x443c936a632d3e9244d2fc35648c9756c3d3ac2c648f9b439acb3b6597f67ef4,0x941604790863b692f6f79474c5264d0fbdef89fc,0x00e71cbcf7e567977524993751ebdd088dc39ab7,0x0,11645671
0x7b270bf16526dab60670bac9f4d505998e1c2f715de58f44e14706d242151821,0x232e274676e865e341b02348a2173e8856891b0a,0xf7c0f74c5e0089a7977c13e170e4629473b906ad,0x11c37937e08000,11645671
0xc2fbf124059efe2cb6bf655fe058d23c5c932cd1d3b4f97d082e05ed510a4090,0x01773271bd1985bbf8ce6725bd0909abff6723d5,0x87a3effb84cbe1e4cab6ab430139ec41d156d55a,0x11c37937e08000,11645671
0x156557fbda37f5db4dca1a10e45fa7fef0bccce041ba988b7cb8aeb4f571794b,0x2873daa7cafd01509d52d75bb4bd023e50d49865,0x87a3effb84cbe1e4cab6ab430139ec41d156d55a,0x0,11645671
0x710b126f96b95ca73e3c56c6785ee5903306d92c26377449303e8b0939ec1660,0x232e274676e865e341b02348a2173e8856891b0a,0xc7c81a9d070f317885cd26b9d95558a165e1efe1,0x11c37937e08000,11645671
0x57a3ec4687a1a9b8a6d067b7008d6fe4eac026bb265ff61db3c9857b4a6319f9,0xbea57193f77a1295fca921a182aaa08087b69961,0x87a3effb84cbe1e4cab6ab430139ec41d156d55a,0x0,11645671
0x92b4f30bc95c0f7e68cb1ebd9da330c078d42a4009adabbf37f1f67a92e2574e,0x656f369f933b7512aceb135b636921b50c30f441,0x87a3effb84cbe1e4cab6ab430139ec41d156d55a,0x38d7ea4c68000,11645671
0x3875b5ac2170c0be454eb70749794ede583647488aa300b3d823f1374c9262e8,0x6a36b159d8f58fc0235649302cc3846c3b381120,0x87a3effb84cbe1e4cab6ab430139ec41d156d55a,0x0,11645671
0x819e532dfdcfd85eddef4824abd2a4a71affda07094f0f35466570d8aeca8f79,0x51b0b2e3c41aacecd38f445ecd08ddfd6350523b,0x5291943e2efecc28987a0b0391a59e9d97211819,0x0,11645671
0xf69c38ba0f8fcd3c3b4f19f4024d62530c8db9cb4de0da75b87010774bed1b8e,0x23c5118f0a66c3d549bf3853f5439e6a39d97a52,0x87a3effb84cbe1e4cab6ab430139ec41d156d55a,0x0,11645671
0x6816dc4bea4f0acae464ef8e19fae14fffca92abb3da63cfb4c2c9474a6a3857,0x3e5c439bf58f43c88105ff732a9019b4586945b5,0x016a8cb6ca022cae99a66dfbf88871a3f98ce867,0x0,11645671
0xa8640156802750b5d865129d0994e7a37657b548ddd7233ab2b83ce92e111c70,0xf14ef94b62902b3b9804f8e9dfeea433d3179ee9,0x87a3effb84cbe1e4cab6ab430139ec41d156d55a,0x0,11645671
0x9059400e753762d3ac95fbdb5d7de4a4f51ddf1731166acc27795a558ec9376f,0xc357fe0ebc5c39e6bfad7f1b0cf880b51bb586b4,0x87a3effb84cbe1e4cab6ab430139ec41d156d55a,0x0,11645671
0xebf5851f4e297395bb506eb21174b666ac97f0d697441a496bec79eec2938311,0x2db33031ca50f2db86388702b9300a2ca45ccad1,0x60e8f2b6f4ae6cb53b034ca892e520b32ec129cf,0x0,11645671
0xea00ecd9a0b38d8577cd08adc3673e9b95903a3a76d26144b40f8ac1d8288b4b,0x2514ac04ec9ed8519807d7bad4b6c3a6940e4c0b,0x87a3effb84cbe1e4cab6ab430139ec41d156d55a,0x0,11645671
0xd7f38274a9ae37080aae6e26856694331c558dbc18df4f993f8f4587026997c2,0xa5f4cc3ebbf136c3607277b817481a58cb3a1e74,0x4d9f2284398c13d47e4ab05ac2f158a25c603497,0x0,11645671
0xa9cfb7f5da6a9612cdb9b415212002caa24f02d7073dbc338c877d0db6736f9b,0x549d941687dfe2d007ace964b3c03c77ad58e02d,0xc67f0e1cee49f5531178e4e5c93cfe6ae9a2b7fd,0x0,11645671
0x4756500bddd88d58c85da8ebb0fdbf994a49d11380158d380e5d9cf554c3d069,0x46e98ec90335c6ef8e25d8ea91c3892700934cc7,0x60e8f2b6f4ae6cb53b034ca892e520b32ec129cf,0x12309ce54000,11645671
0xc1d06f427af495200defbbbfa1946896c79072331710383ed195051efa9b07dd,0x2f2798f0fcaefb72470cab202545ce0227f7e364,0x60e8f2b6f4ae6cb53b034ca892e520b32ec129cf,0x12309ce54000,11645671
0x94a05c7362fd6d8fa1f4b891c5ddcdf8878bdcc9fe0004ec22933530ce5a0930,0xe5c7ffa312dee3759da5133eda77ac55863b1cf3,0x87a3effb84cbe1e4cab6ab430139ec41d156d55a,0x11c37937e08000,11645671
0x05e7db9cc061cb7804b74082cd8cdb3bff8dcc2b3b69768fc52659ccfa60c115,0xc2393cf891b20400d66355b943cc35972b234a64,0xff00000000000000000000000000000000048898,0x0,11645671
0x48771dc52ff52f5d0b9ac2054612702cffdb0adc0ee222e1c335ff9a72eb4ee0,0x11814064d5656c721c216832faf5c6d00f4c5fe6,0x0c88262f03b183dd183c2fc7a78578dbce1e664c,0x82f79cd90000,11645671
0xa8e931f836a792130c7672229c46f92d67bdd3edf04daad9b09f870be383d3cb,0x379fc37b3e776fd7b693526bf1b2046123edb060,0x0c88262f03b183dd183c2fc7a78578dbce1e664c,0x6239b5a2c000,11645671
0x249ae4c0166cd4c5a7c398fef3d6c391dd3e1f6df60d5ad627fa2c9e9c6f2655,0xba436feffc93294b92f82c654e7ebb2f5021759e,0x0c88262f03b183dd183c2fc7a78578dbce1e664c,0x9a9d359ca000,11645671
0x66afa9e8c83f185548058146fb1265afa2244338326689b129684793199bc9a1,0xfa646594bf2241061314d53e850a466815b3600a,0x738e96d813a47552499fe1c82e8dd415f7afb7c3,0x0,11645671
0x47a93c06ee7b87c3bfd93e78258c7bffb6989f65d7cc287354778476a1993f9a,0x6ae3171fd5ac6cf13b29b59451ec1b70e471ad53,0xa1dbaffaf31f3d1781df4178da49155043745819,0x0,11645671
0x2f096acfdb2a483506228de60b4ba7271395841b48e4491a014e1c947d71ad13,0x7c4db55dbc569915e821433aa3d0fad1649f009c,0x7e8b0dd71be6c1216fd7334e7e5eae8aa2e7276b,0x0,11645671
0x4f0915c2c89352cef40f1a1c8d74fa12a8e09a09aa41ce860241cf3e1081f17c,0xe32a96e9b408393e67546fe0ad6a998d8d20b3bb,0x983cfc9eaa1ed9a70a1be2b293a9cd64520b7a9d,0x0,11645671
0x543510ae1aa7709dd614e755da3b2252d87f1c72d922bc9f8f3076ac6f9713b5,0x690191e688326352f8031539f35792aac29dcbd3,0x2bd57c3ca216f0d38b18bcfd14595f12dfb13c35,0x7009d32da3000,11645671
0x3b7ea88520c920bf38d22bcc22920eb12db95dab4959693ec42e1b955348fbd2,0x8af5270d43b76bf0f53faa3040447c4c8917cc9b,0x2bd57c3ca216f0d38b18bcfd14595f12dfb13c35,0xf15b6e9b76000,11645671
0xf2349171c67c37629c9d7a818bec03318c92537aabb70a26c823cc1c11e21f3e,0x63d50331c568ce20eeca55fc5aa3e33c0bec62fb,0xc8c70f491deedb238f93988344c9b8eb41322af6,0x0,11645671
0xe7ed3fb0bffb335a0ca27286eaca311f433183ceabdf91b62819f1007daa1db0,0xbc57c781db0cbf5493ce14619cc510f264ecf5cd,0x0820f975ce90ee5c508657f0c58b71d1fcc85ce0,0x0,11645671
0x3db279e8075de52b157f6936a63e59d36d60bd4576b3afb545595dd5a1b27e02,0xe9ab33d77e110b29e49990b3abfd7f914f21bf46,0x557abbdf9180fe864e38dd88e0af8cb454556886,0x0,11645671
0x9a6e463f532d9ff1687108a3886aac0c5e528b241c98ae8f056c93e5859ade60,0xc787db938b271adfc44b8cdbd1b7d88988cafa49,0xea30c4b8b44078bbf8a6ef5b9f1ec1626c7848d9,0x0,11645671
0xaae8e1921c7fab9ec767f280f1525677e59866dfa5b58d3906df7c008169d784,0x125aadcc9897e92eb00b82a17757f0a821081ac6,0xd3830c58accd3e6eeec8cd5688be5b1d04a4dc83,0x0,11645671
0x790e2b0349cfaec45e9b4aeae0eaf25e08e1db55eb17e679d5aa48a545afec08,0x2e2e491cc3797f228e06ddbdfb8f43630c4b97cf,0x1a2150a6c3d4005b6515486cd5580d80d0a91df0,0x0,11645671
0x093c71d83081c5e761fd980de5a28ca44f00bdb9ba27f2638379a7038833c6dd,0x1ff07880982708b139c8efb87f4f43d15f312127,0x23561b7209c0fca401b4f6dabede9d3685de5020,0x0,11645671
0x02e13c4f37faa8ec57f50123eec0a8b9a6fcc085297beb73143c8f6aa3bc68d7,0x790bcb43358e01142fdaf6f097976d216676add7,0x93310a56147b1ea7486ab84f8d850fd0a216429b,0x0,11645671
0x74d7e3dfc25056b956446e20731d2edb991edcafb9baa51eaf18a0dc195a492c,0x38f11b2cbfe0ca225dfd6cf3dcbed4e3be05b018,0xa1f78bed1a79b9aec972e373e0e7f63d8cace4a8,0x0,11645671
0xb7305b3b13415c719d26906bb44c2a4ec6bfe9dba8b78fda9003ee96229d2532,0x5525757ee5aa22ad0a8a7b647a1739757d7dd038,0xd3830c58accd3e6eeec8cd5688be5b1d04a4dc83,0x0,11645671
0xfc895c20e553bb806c81cd9c102ee4f4d7b9b786a3cb66eaf9fd98d5181f56ca,0xe68932b1447f9095b424c23266cd1405982e04ce,0xea30c4b8b44078bbf8a6ef5b9f1ec1626c7848d9,0x0,11645671
0xaee0ef037cabb6b59247f3c591fd6dd04cd8c797dba867c3c0a441a90a030a07,0x9fe3ef66e33ba9cc09e546f61bc61b3fb00bedbe,0x2dd9273f8208b8393350508131270a6574a69784,0x0,11645671
0x2ce5af434a6ba09f7aa4d41de503bdd1a4e70ad61f1c7dfff8426baf96c3e103,0x017d94ec11c19216fa4ce9e8ac47542c32c1596d,0xea30c4b8b44078bbf8a6ef5b9f1ec1626c7848d9,0x0,11645671
0x66adeda8f69cdc183c591ef013b5c6832c345559b65819e76475978b5580dff0,0x6f6be62530c67a0267b3f5577057aa91f8164a22,0x87a3effb84cbe1e4cab6ab430139ec41d156d55a,0x0,11645671
0x5d2d9a51d5b85936e7b556b2f3bbba9a3681dd126dd37246c753baa18336c590,0xc656955785dd75df49f7b7f6f0860e01649a2dd9,0x87a3effb84cbe1e4cab6ab430139ec41d156d55a,0x11c37937e08000,11645671
0x5ba2496ab8c4d7ca87b8e3ea212e311878d5dab26d6051ae54458615055fdd15,0x7205ca5ee434775c801dc23090acaacc968cea23,0xe1487a31f96b4bb0013972bedc0e39f2fab7c500,0x0,11645671
0x4d77ddb17d44ae62a9d029eed88e98e04d1d41a6756ea9e681a5a379ee653a21,0x7205ca5ee434775c801dc23090acaacc968cea23,0xd3830c58accd3e6eeec8cd5688be5b1d04a4dc83,0x0,11645671
0xc92ba9f5f65d87e9927b57b566050e7bd0fa479faf8dc4eb3777c7a160f8da83,0x39fecda149365b88f4e02fce63c42f0dfe3c3a5d,0xa1f78bed1a79b9aec972e373e0e7f63d8cace4a8,0x8e1bc9bf04000,11645671
0xd1a74ab82212dae909b25c21c3eb89546286216786d96a7553837fc22d97c48d,0x7a923674037a66299c35e38f1f8ccc6ab7cd6953,0x87a3effb84cbe1e4cab6ab430139ec41d156d55a,0x0,11645671
0x735821ce3a50ccec33d348e4210622694bde6f2537b3527954ef6ea7692b83e1,0xcddb0d19d3e18090d7f11cac11b841028ce36801,0x87a3effb84cbe1e4cab6ab430139ec41d156d55a,0x11c37937e08000,11645671
0x2acd036a5299adc6b6e227c5b5e27684d3ac2d3d410ea34afdcd28df54e30fef,0x8d63bde03198ed44354544833686ffc1cef6b69d,0x0820f975ce90ee5c508657f0c58b71d1fcc85ce0,0x0,11645671
0x3a907a4ae2f84bfbf5e9a0baac98bb80027d87b4c32e21d36156f91c42107bd8,0x0da768f40cfd15f8b78ab34c817f2f4e11f1ad10,0x87a3effb84cbe1e4cab6ab430139ec41d156d55a,0x11c37937e08000,11645671
0xe7ce5de3b48afe6520ca8525205cecfc54e4542d2e516f6e0d35b14cfbefe594,0x0ac9e90703134cb02d817d15ce736fe990427f10,0x2bd57c3ca216f0d38b18bcfd14595f12dfb13c35,0x174876e800,11645671
0x226bf312006031541dcc5397ff44e56f16da88c1e8714afab807d7418ee22d94,0xfa7a06c5f9e938d24a3d05fde71c4822739fe839,0x87a3effb84cbe1e4cab6ab430139ec41d156d55a,0x11c37937e08000,11645671
0xc65fda891b335649f709e9e6ca2393391ef96f0bf96d7b657e21751137961d58,0x3f1a83d9f0896b3d022c69c094b4b9d430287274,0x87a3effb84cbe1e4cab6ab430139ec41d156d55a,0x11c37937e08000,11645671
0x452d7fbf162ff852270b7151656b200dca9fee5c8247b7d1b2ff269a471b5b38,0x930e55af89a6cf0443363bc1e369cb9727acba83,0x87a3effb84cbe1e4cab6ab430139ec41d156d55a,0x0,11645671
0x845f3bb25ad9a8305312ac9238235c03db61e5b26e9c3223368d31e1ad46e321,0xdc2133e78a34ecd7a8f97e8f2bdfd315bb586568,0x87a3effb84cbe1e4cab6ab430139ec41d156d55a,0x0,11645671
0xfd15da7776746bf0610d315af846ffccd6ca010fbb9b49967620c5f297e0a30e,0xbe2a44bd3c97bd59576fb4cf893e1829b9941e9f,0x87a3effb84cbe1e4cab6ab430139ec41d156d55a,0x11c37937e08000,11645671
0xe7ec16282110ae689e6a9801b983af61113c66f61aaf54d3d4ca9e98bf258fb7,0x426f44475679acab175dea0b36cf7b32386724da,0x87a3effb84cbe1e4cab6ab430139ec41d156d55a,0x0,11645671
0xb4d0fc71903c8a05e89a0fc9eadc5d6f1875596311482fd8822dc3d3edd22433,0xf04862347824dafa12909ec039623f1bc8e63249,0x87a3effb84cbe1e4cab6ab430139ec41d156d55a,0x11c37937e08000,11645671
0x8f65d67fc9e85695bdc1d0f22f49fb9e7e44d4a34b3efb7b537a5f02e74c1959,0xe24f4a2e0a2e3b9842864e7c9407aabd00772459,0xa1f78bed1a79b9aec972e373e0e7f63d8cace4a8,0xae9f7bcc000,11645671
0x557d135fe440ec0bf9c0aa0af529fb5331036d2b62730fb4e910e7a8342894af,0xccf30e110a751933c14192d36b1402e16022ef99,0xa1f78bed1a79b9aec972e373e0e7f63d8cace4a8,0x9184e72a0000,11645671
0x83739f7f813ab3a93e2ce67d2e196f7bc86257d284ef1f4bcfcfa6e5ad46c59c,0x65f6d0211763dee70a9d6ae78724f3fe92f91045,0xea30c4b8b44078bbf8a6ef5b9f1ec1626c7848d9,0x0,11645671
0xacaf35f7bcbfa884a66c30e7ed85d73e24cb825b6d7d3a83edd9414ed5ad6b68,0x4c1547bc531aafa12a0ffc2f367ca50cdded3f19,0x87a3effb84cbe1e4cab6ab430139ec41d156d55a,0x0,11645671
0xd8e749bc4920169557f019f660645b864bed38f90934ceb5855a68eb1c2a73df,0x7a450544cab038b0d510999a5bc71143fda2a246,0x87a3effb84cbe1e4cab6ab430139ec41d156d55a,0x0,11645671
0x9456237acfd6c1366e294d97eca6de0a54f9affb6ab1e82004ff59c29f860544,0xc0ab267b1be249fa5c04e1f9e3b497d38da0ea1b,0x87a3effb84cbe1e4cab6ab430139ec41d156d55a,0x0,11645671
0x451657b42f487313b9ff4980981496fa5b0b8a161f20cada7e0bacf14fcb1a33,0xcc8d92c2f5aa24f262e94b7b092090c9cdc052f2,0xea30c4b8b44078bbf8a6ef5b9f1ec1626c7848d9,0x0,11645671
0xe062bcaa4a081a3d3a76e3f9c15292f6e0f5680427863e3939ad4b143ba6e410,0xfaf3e132aebe566ea6d38e1508f63c58987a0eb7,0x87a3effb84cbe1e4cab6ab430139ec41d156d55a,0x11c37937e08000,11645671
0x4bfb9caee4186b6d4a17d6c0146024ec5737e86542cf6b306b5fc2ce81e31ba6,0x92f5c7f79a7db24e87e94b8f3098e85513a04eb4,0xa1f78bed1a79b9aec972e373e0e7f63d8cace4a8,0x105ef39b2000,11645671
0xabcd4fdb492ee3d1f9e66684145279c12fcb04839edcb25501ed3fafd3f9391f,0x3a018ecc3479326ecdfb9f54aa8cd75adda1d7a3,0x87a3effb84cbe1e4cab6ab430139ec41d156d55a,0x0,11645671
0x19715eb6315ec2be3e63e7e85504cffbdc43ba7fd912be300d69dcb079f90091,0x5ae1c8a172431c7fb2ee5ae78d5325eed42cdcf5,0x8e166d04743c845321b1fa48da91e37b921345e7,0x0,11645671
0xe31a5df0719e3a9c8b76db1978614ded2224e125d64f960bb0eddcc126aba8a7,0x1b549f76e8eb146370fad8dfb063d884591f1b50,0x87a3effb84cbe1e4cab6ab430139ec41d156d55a,0x0,11645671
0xe8fa1a41e46831eb9e12c71e577da639455a98f2d1b496f85d6831b5f69560dd,0xbe65f665beb34b5fc9aa0b642cdaaf28ff9305dc,0x87a3effb84cbe1e4cab6ab430139ec41d156d55a,0x11c37937e08000,11645671
0x0b2aecaf517216e39eb760972588f93dfcdb598e27452a78fbedf6c3506a957c,0xc89e9ecb0371379da3efb0338e5700dbf82f0ab5,0x87a3effb84cbe1e4cab6ab430139ec41d156d55a,0x11c37937e08000,11645671
0xbdad06f8f255d23401fe22c2ca472baebb5dd097598f229b909de4f3fc21815b,0x4dcd04039b557a767411e55add557f5a3d7ee277,0xa1f78bed1a79b9aec972e373e0e7f63d8cace4a8,0x0,11645671
0x3142741f49c9e4208d7e041a755aa66535a1c1f9abbfea45c64e6afcf5243365,0x469a6faad1bbf28ca496666bebe590fee405313b,0x87a3effb84cbe1e4cab6ab430139ec41d156d55a,0x11c37937e08000,11645671
0x2449b72d713061555f194ed0d69c26785f1df46486c49b0b8e8eb9342c600c85,0x4faf75aea9ff8a544634080315446b6bc78327e4,0xea30c4b8b44078bbf8a6ef5b9f1ec1626c7848d9,0x0,11645671
0x7c9af6abc56b42fefed42b23e608a27b8418fe254608b5b06d2a2188878d25e7,0xc85888199e48a6be76219e462be261eb588bab98,0x87a3effb84cbe1e4cab6ab430139ec41d156d55a,0x11c37937e08000,11645671
0x4aa06b7329279ec743780bbe032d2a1a7fecd950a85cca74257048e08eec1526,0x677d1dda46697c5d568a4f1cde93517cde3dd24f,0x87a3effb84cbe1e4cab6ab430139ec41d156d55a,0x0,11645671
0x800f7ed91697c0182d7d92c79c89985c3faecc027dbffe51824cce92f25a555d,0x6663674ac201faaf5435d7a9a49592941549975c,0x87a3effb84cbe1e4cab6ab430139ec41d156d55a,0x0,11645671
0xbb8793f0523b4d0ba04e4a981af2ed5d8d94033250e654d6f83b9a2360b74204,0xa2d68dc62ab2ae1359bde2ee827d96cd514bb458,0x87a3effb84cbe1e4cab6ab430139ec41d156d55a,0x0,11645671
0xa6afd991b20372c7b1b9a6abf2d9c6a01ab1ca11b70dea78d533b95d5a0d027d,0x5eaf800465edd258bfa3432b98d35845a4c31bd9,0x87a3effb84cbe1e4cab6ab430139ec41d156d55a,0x0,11645671
0xa2310f59c9fef4ec4ff0e1b5930cf9850acb4459e7742bc45af884d1b0ce338a,0xe434fc187f7761469ddd3741de8ea98b3d1998da,0x557abbdf9180fe864e38dd88e0af8cb454556886,0x0,11645671
0xe1e2ee2cc685cb35c63563e05e8783e2ffe360389974b986860950d8c7a1be7a,0x0d5c090bbb966f26dd574644eba01a3cc8682c5b,0x87a3effb84cbe1e4cab6ab430139ec41d156d55a,0x0,11645671
0x1535096a1c580375d8851b3b08ca1aa1611763e496b18d4e2243495e28900f3a,0x7971aec8614611f7f88c7f1b6b2e1770c31fc399,0x87a3effb84cbe1e4cab6ab430139ec41d156d55a,0x0,11645671
0x85d6d8a24b25bc340ce41993d7a7fcb6951530af9db5c18410f317b084af2700,0xc02d72087b5702b7a27d4110629b10f36b0723bd,0x87a3effb84cbe1e4cab6ab430139ec41d156d55a,0x0,11645671
0xfd58acbf3237201ef8b2fd485773a2d0970e95085f5ccdff37902ce878cc29ce,0x8d1914de684e60af618920cdb0e9db157f520735,0x66a844f8f451e861e95121fc4573f79cfe541048,0x0,11645671
0xd32facf4add69511696fb74236fab3183b41437a62d84c6c3d97229290105f6c,0x514e085cfdfc8fefd8cfd011daf5f8c5e5e27d58,0x73b668d8374ddb42c9e2f46fd5b754ac215495bc,0x0,11645671
0xd4089074187a59c3365c901531f158169de3cc5ae1b3fe1cd14f0b5e4d5ad125,0xfc56e7272eebbba5bc6c544e159483c4a38f8ba3,0xff00000000000000000000000000000000084532,0x0,11645672
0xdb5c2635b1c7ce47d506d8993539e76bd7ce2a4555a0b3ba39e02de469a77c3e,0xd75343f0463453a7d574d35effa473307cc1b29c,0x00289c189bee4e70334629f04cd5ed602b6600eb,0x0,11645672
0xb70e82e20fd697398cbadd48db6668984915f9e694a32a5b9408558ac2d19ca3,0xd4c0b787aa2ff9eb751bb515c877ebbf2daddaae,0x1c7d4b196cb0c7b01d743fbc6116a902379c7238,0x0,11645672
0x78d52f05f131db377b2fb698d4603dad82ef8c351f067d34844ea1e01e1cc963,0xa4570b450feab35b6c4b362dbe0e522f64e362c3,0x00289c189bee4e70334629f04cd5ed602b6600eb,0x0,11645672
0x639d31a4cbca49cb000ced60a005795d88a9ccc38de7b2f74f8b4e50e5a497ce,0x319dd63e0ac72e7ac74443029d074032c043460f,0x3a3fe695f684bf9b9e43cf43c2b895ea5e392bb3,0x0,11645672
0xeba5c2857633d6a5101645739500d9872373191c6fa9bbffd2c5d4440ba4300b,0x0f8a2298bb31e3399083b398f945fe1bb1deebeb,0xf430240a61e0a5bd7a3637d616e0dab5632fbe89,0x0,11645672
0x7fd49219f51170c472abc9a0b18e82155860651ed0674bd3d68312a60cff211c,0x2ea8738879e7e3ca2d6ea22e9e9fdd740a698a42,0xa88553f454b77203b0d036a05c894d555eaaa2cc,0x0,11645672
0x5c47e09a607100b3e843a49046adeed2a4180459bd65779637f376ae4cec5c5d,0x219b980057ec58a8c5bfd8336934c587c94c2544,0xdb9b1e94b5b69df7e401ddbede43491141047db3,0x0,11645672
0x9f548fc93b5c324d467cf433a9ac65432e133b0710e5d3f85588bcbec8ddb935,0x54846a638d883ecb2d4874f3265251e9cc744690,0xdb9b1e94b5b69df7e401ddbede43491141047db3,0x0,11645672
0xc3eb8c56a29f8c25700f41bd3f9a985b2c848a5cdf97254d41dda35a3f6ad5de,0x47e5902a48c5fbaba166b118cd159f2f5a84707b,0xfa6419a3d3503a016df3a59f690734862ca2a78d,0x0,11645672
0xe15e358f942545f46f5494d4e0a00688912a5f43c1497930299afc85e8b35986,0xba7af4ff71f138f7f55dca2edf78fddd6cf2a066,0x99bb09726b22bdefdf1cfa87074c0fa8ed49edf8,0x0,11645672
0xff39208afe09f9323b6454b2052cc3d5f67d00361a60557cd9fb0d655ddc8560,0x232e274676e865e341b02348a2173e8856891b0a,0x191f96b468fa35b721b993908674af29366ded23,0x11c37937e08000,11645672
0x04562be414334f8d58a71022f2b17537890e79c90e58ce685534a03168b08787,0x14ece6c1e5f0a5b7e8297addb007a1903d84a555,0x87a3effb84cbe1e4cab6ab430139ec41d156d55a,0x11c37937e08000,11645672
0xafac856aa6660f0e79d7043928dab858d6557158832b9801dcd46d5bb99ca48a,0x4e5503cdc1e88676ca2e4b10edf97beb804927b0,0x87a3effb84cbe1e4cab6ab430139ec41d156d55a,0x0,11645672
0x1205716ea4da11cbb7db474552cedfddfcaec95f1f75e098e194ebd08d353e43,0xb67d5b72c4ea232de0342bb51570c26287a2a651,0x024b90d5d543ab312604ff347086941d9c1513ca,0x0,11645672
0x0312bd55bb7920a01d5ec02d161c7d01c8ae9b36a9dd7aa406a312e6d298cecc,0x941604790863b692f6f79474c5264d0fbdef89fc,0x00e71cbcf7e567977524993751ebdd088dc39ab7,0x0,11645672
0x346cbdbe029f93811611bf9aaa212a6a366a719d3a0478618cd8e3642d84b96e,0x428d7b3b5c45ca4b2b2e1fd8d2b92969008ade21,0x87a3effb84cbe1e4cab6ab430139ec41d156d55a,0x11c37937e08000,11645672
0x26883792b36ca719417e9d783106ec79276b52b81746ee5cf21a1fbc02bf01b6,0xefb3de33104c0e65b457037c4b69bdafdade99e1,0x88a44ecb34dfa1a1bfd74ef8a91720cded42873d,0x0,11645672
0xa2feff75614b0573b03ef5886bda703eb25d62a059886b73fb6e14722fef886f,0xc025969b21c3b090224cfadeec294a6dd3534b58,0x60e8f2b6f4ae6cb53b034ca892e520b32ec129cf,0x0,11645672
0x21d81347a6701f0072c9216d507a668ac84797762a1777522b0abace9d34bf0e,0xe0da008b003f6a4944869485830460ed6a9d1d6c,0x60e8f2b6f4ae6cb53b034ca892e520b32ec129cf,0x0,11645672
0xf8cf1466750b9db21016f1228c2ec674aa13d03ea602fea5ef3dc6e4b19b704f,0x74233b83cff388187db5c1765ee0ce79f160e6cb,0x87a3effb84cbe1e4cab6ab430139ec41d156d55a,0x11c37937e08000,11645672
0x58b620bb72cd4c2075481c5c0f1ba696ded69c41d250c0d926aa0f87314146fd,0x77a2671385954380692c8183bba4f45cf6f4d3c7,0x60e8f2b6f4ae6cb53b034ca892e520b32ec129cf,0x0,11645672
0xba1fbcfde3d9e46f487dfcf72f23e4e31d4f6386bf1e5bf0954b4997c974e246,0x656f369f933b7512aceb135b636921b50c30f441,0x87a3effb84cbe1e4cab6ab430139ec41d156d55a,0x0,11645672
0x11e5e16d156d000b7fd887bd43f9d59004e6dcd577c0a7e1382ddf8b855fbd44,0xe61a3379031ffec06b0524fc97b38dcf78ce6396,0x1477fdaf63628107b16391df05474819e0e7b8d5,0x0,11645672
0xadf52dfe63a077751ee8c8c8f401d7ebf4a4391141fe0a67be171fcb54787446,0x03eeb73365beededb0b643ffe67d11309b1c08d5,0x5dc429e7557428881341c5c63600b190bdc4bc37,0x11c37937e08000,11645672
0x4e0c7c9a5d173c0a4b62b01e7a5bde85ecfc33292646a781c137619309b20216,0x232e274676e865e341b02348a2173e8856891b0a,0xc894085d2ea87ee188e8c4cd589ef508ebfd170d,0x11c37937e08000,11645672
0xf686182d0172217e39555bec8942df3c6c79426602d1a08b467a0a7875d82393,0xe5c7ffa312dee3759da5133eda77ac55863b1cf3,0x87a3effb84cbe1e4cab6ab430139ec41d156d55a,0x0,11645672
0x5cbccd6c92111dcc1dcdc18f30637a8bddbe5bbda26685725235937735bbe3d6,0x8d46c826a71ee52d6588deac29090c823670a9d8,0x60e8f2b6f4ae6cb53b034ca892e520b32ec129cf,0x12309ce54000,11645672
0x0311621cf76138f74585c61f4e0bdea4b90a552d81da7cffbb688b0df11c9f9f,0xf7c0f74c5e0089a7977c13e170e4629473b906ad,0x87a3effb84cbe1e4cab6ab430139ec41d156d55a,0x11c37937e08000,11645672
0x3ff79c49b797816995046d8b2b2e99a74deb618ab3090fbcce752b9a8634e3e7,0x025d61880c8d75698ee1b2266bc4ac480d01e7bc,0x43ff6ed0354894564e6a738fa62f357a170e025e,0x0,11645672
0xb75b9cbb86c9a5587f25161e5713963ed4f66b729eb018c60a5acdd1a26e2b9c,0x37df5e57fdb8cd9fdecbdd9f6cc1d2fc0bd25791,0x60e8f2b6f4ae6cb53b034ca892e520b32ec129cf,0x0,11645672
0xeb4351aeb6932bc6b6ee31a43ba7bf0cce9293dc774c853982ad1a5ce5d07917,0x733709d164192095f0b00b4327b4c6b15f0b4140,0x87a3effb84cbe1e4cab6ab430139ec41d156d55a,0x5af3107a4000,11645672
0x74ac2c54d9ff3c97e032bba0bff00a90628ea717b88ab09f7f6e9c09e6a1d0cc,0x46dee90e70e49fb3efd83ca9b3249fb490631b89,0x00aed28667cc89d32e8b758f95e0b521afdcb876,0x0,11645672
0x4a7d8e2efc615ce81b91d63661769a460cfc1485a3ee4722776b6ff7c6813764,0x6a830c36e863e260d408a86083d2276b0902118b,0x290df9be25eafcc26d6c5e6c2ea8034113ccfee0,0x0,11645672
0x901d2fb56df346e8cbb102dd6b68c1d0c140974fd49cc4e626d4a05cc4fc81ca,0x11814064d5656c721c216832faf5c6d00f4c5fe6,0x0c88262f03b183dd183c2fc7a78578dbce1e664c,0xa2ccaf6a3000,11645672
0xefb5427e1787960fa5d16bff58f5d8933a4e67a75e9383652ac8da37be68167b,0x379fc37b3e776fd7b693526bf1b2046123edb060,0x0c88262f03b183dd183c2fc7a78578dbce1e664c,0x7f544a44c000,11645672
0xf7b4b12f65d55cfa0410fe58e6829f4ab4f64b2809099654c6703fecf2468652,0x3e8c69fe4f88bb8418661a85752acd0cd04216c6,0x0c88262f03b183dd183c2fc7a78578dbce1e664c,0x7c99cc559000,11645672
0x74105f43c6fe5cc12a9666b8b729f9edbb5ed50d0e41bbd22e309337d78f27da,0xeb9aec05c7da43a1bfe18151266cfa7b1d9ecfda,0x8f6eb7870334b1fd8006fd52413f01689f4e57e9,0x4b7cf1843000,11645672
0x137029186a944743e077dde709fb6394518400773a6828a148f8c6300e8ac841,0xf2de0712e76d0909ea1d969f5a244800f094c0ff,0x0000000071727de22e5e9d8baf0edac6f37da032,0x0,11645672
0x86021785fb98a309c3d4a5f8a0f597d203f95f81a1ae54c239d56592c021de53,0xaf026e42f5f8a0dde581bc214091219b8f4a5e6b,0x5ff137d4b0fdcd49dca30c7cf57e578a026d2789,0x0,11645672
0x8fcf611cb154586b7ca34d5dc46c9fe95f090a536d9c2753512274f34957c7ea,0x5ddea5169f7f6d37b6fd4a22714f94d03ead0a63,0x03372f50901aa4989c718828c88336b370ff7090,0x0,11645672
0xa7eeeefa984219fd15a742973e7994e28f23e1640c255f3874b48f67ee91a33f,0x7c4db55dbc569915e821433aa3d0fad1649f009c,0x7e8b0dd71be6c1216fd7334e7e5eae8aa2e7276b,0x0,11645672
0x694cd7fba74c272dc973c2ef1bc46a559b4e7e26baba937ab95a34d4944dd7e4,0x757816a5a4bfcb5ecccdff6a449696ed685b79c5,0x1904e8804f3fc745d92e8cd2ac802a7c9ed5c0fb,0x0,11645672
0x249ab346c099599c905e8d8250372d12adf0b5031d945c188ba05a12fb28bd0d,0xc06f5e6db5e8994e23f8cfb17473cbfcff85957a,0x77b2ffc0f57598cae1db76cb398059cf5d10a7e7,0x15b3988b2c22100,11645672
0x1df97c663555369c83fe22069f1ffc911c121930950abdd14d8931f2478b64a7,0x216e8270b9887110548f6b70caaa453f455c2baf,0x1cf53fd9cd0b713be29f2b41ca17a943f138727f,0x0,11645672
0x54631ab30c4bd4a5a7988b3a2ca32c53b73d92cf44491863ec61ce5c8c95f669,0x777269c37f0dbd6a3a085b65580483b3108d71ac,0x803bc3291b79c118eb6a8431a42b9946bbc4ee36,0x38d7ea4c68000,11645672
0x6fb0db891299a10fdc03a9abb7c41189e27f0a82bda3b584a6d328e71ff86b6d,0x351f09d0b8177c4523331aed3f128a482bb3c090,0x0c6f0cecbdb46281281cbdd1cf1e886b89d73334,0x0,11645672
0xde58d2171e381773ad3348af9c393650f9386f0f93eda8dfbf509d97f9401257,0xa5be06ad240f9bc9764bec313206a5cf92c1c35b,0x2bd57c3ca216f0d38b18bcfd14595f12dfb13c35,0x38e67796b9000,11645672
0xdfb6f968d4dd373d5fe0782e21619f81912d47c849ad985a17087c57bf96cc0d,0x4fab0cdfe38889f10f899e9deff35624e3214404,0x2bd57c3ca216f0d38b18bcfd14595f12dfb13c35,0x4cbd15e726000,11645672
0x23c8e0dcfafb13824dc5d7f00b8a9d42964da903400502d332b73ae48e1e8480,0xc03bfdf1c576bc3720dcd45b6b4ef6a0aef4dfe6,0x0820f975ce90ee5c508657f0c58b71d1fcc85ce0,0x0,11645672
0xe34f5372ceeec80c2271c19ccfab4b1694689a762367e9c0a6e3040ea2c32fcb,0xe6e647e245f513389ce201d95d6ea15830f11c8e,0x09b39397d70a5fcdd221c77c909f8f68602fa77e,0x0,11645672
0x6fdb44e102d6c772bb6588b9a9e7a5cc9bba1bfe405fa2141518ab2399d352fe,0xffb48de4711cb0431d14869fc1e0a0bd5216d5cb,0x87a3effb84cbe1e4cab6ab430139ec41d156d55a,0x0,11645672
0x333cad4df92d7a70503adf8388dbfb356d34c0e693d6c66a62ffbb50818e3be1,0xa34ff729c816d25a8c12d8534b7c828fe0c05975,0x87a3effb84cbe1e4cab6ab430139ec41d156d55a,0x0,11645672
0xf867448d392a841a811160cb66612075aff7804b440512c389886e4d5b93c9cb,0x6a2437165323d1f0cafb0d8cefba21a1d29d573a,0xea30c4b8b44078bbf8a6ef5b9f1ec1626c7848d9,0x0,11645672
0xce3b2be17b92cb8d9847b56b12f81148311fcd43b3152e9f22e90a5f1cc2aed9,0xf44e820423071df6f18748cf93cf20f244a14d8e,0x87a3effb84cbe1e4cab6ab430139ec41d156d55a,0x11c37937e08000,11645672
0xd5c1d61b7440c6e44243bf9692c78bb97d0c81bd397039287808db62c4ad51fa,0xc28a2af7965adefc19e7644a7dbb80b4e39dd64f,0x73b668d8374ddb42c9e2f46fd5b754ac215495bc,0x0,11645672
0x8c6a55590c4a214171a36f828ef1a5273a54ba98fd440b02e9202e8af06c836b,0x01c1b0a5aea01db7288e2615748d78f434b7d5b8,0x87a3effb84cbe1e4cab6ab430139ec41d156d55a,0x11c37937e08000,11645672
0xb38dbdc0e853d760fc5edd4b8d0ffa72cee65c7f388790e51d6c2339daf06981,0x87130636ea4b218a35d16f989ee4500ff1956ac8,0xea30c4b8b44078bbf8a6ef5b9f1ec1626c7848d9,0x0,11645672
0x76ec8d75308c42e4fb629f6b9c4f697b29a4e63d35ac1b4e7596946549991cb1,0x805a3703aa8b56842e433a15990d69ca950b8341,0x73b668d8374ddb42c9e2f46fd5b754ac215495bc,0x0,11645672
0xc833ce4b73fbbb882ad100d2be4e7e8680cf4dca6f61c9ac0ed107a93093db6c,0x1276148ac726b149f43449a2055270c8018d9142,0x87a3effb84cbe1e4cab6ab430139ec41d156d55a,0x0,11645672
0x01f44edc7ade013de88aa86f225dc9428ab77333ebd8125a02f150b34e4e316c,0x3ee24b102887685d1a4a468d7673d978887c91b1,0x87a3effb84cbe1e4cab6ab430139ec41d156d55a,0x0,11645672
0x0a16cf81081305cc540480367c778293b12d751e5da1bfd7413326076a8f1219,0x7f3c05e7639d139d5c6a62982a1b4c90366b551b,0x87a3effb84cbe1e4cab6ab430139ec41d156d55a,0x11c37937e08000,11645672
0x08c1ded64a1c0f43f3e5a766238ab1a330ce59c186956eb9145ae2eadde6126d,0xf255d863bafb5694846688292f1ed481fadf2ba6,0x73b668d8374ddb42c9e2f46fd5b754ac215495bc,0x0,11645672
0x9bb97cc2cffbaf1de9aac4180a832ae97f373f3d48056c4f7fea22ee7417e04c,0xc9d75be112ecfeaed4a99e675989c396853d9ee9,0x73b668d8374ddb42c9e2f46fd5b754ac215495bc,0x0,11645672
0x82aab056d85c5e40d5402e8698d108ac8989af99115e8d0af63f87521d041525,0xb7320a7abae91bde9db249fd09af886d8a350322,0x87a3effb84cbe1e4cab6ab430139ec41d156d55a,0x0,11645672
0xed55fbb97dc5eb3d43b6723a2fd19d461e66dda553e28257ab3d3eddcb421720,0x2cfad319f507b8da36523b941ccc480175d52150,0xea30c4b8b44078bbf8a6ef5b9f1ec1626c7848d9,0x0,11645672
0xe55eb40c1aaf18f09a92f79ac55864cc1401cbf2849c5522ae9eb73b2e8c7d02,0x7542f9169f637d9af9365a163c524e158046bc16,0x87a3effb84cbe1e4cab6ab430139ec41d156d55a,0x0,11645672
0xc3f0fe66a4c37c7d533cda75ae0f37d1db5a5356741ebd3c4cd62038864ed12c,0xcb080e52fda6231784bcbd0304940c54d749eb36,0x0820f975ce90ee5c508657f0c58b71d1fcc85ce0,0x0,11645672
0x8c2bb36ff459988a792e512a68e72b2c0b067058147146bf48e5cb183f218348,0xc8bf111eaa4965a1a878b421526453f67438640b,0xea30c4b8b44078bbf8a6ef5b9f1ec1626c7848d9,0x0,11645672
0x0bca3ac4d1ddf8ea205c8a075ac92878f6519bba4415b3d1d34aeb8b973d385b,0x6f7a617301a973bfaa57b0df67a14b9da47ca734,0x0820f975ce90ee5c508657f0c58b71d1fcc85ce0,0x0,11645672
0x2316a392189ac94d21f9fce6ecd1d5be4c95cfe3488ad3a841b5bae17b3253a2,0xa61c536b1cc8aa5c3f72519c7b3524b55de67b3c,0xea30c4b8b44078bbf8a6ef5b9f1ec1626c7848d9,0x0,11645672
0x541b6f03f4f339c246307bfce6bbc354fe2244aa836b7a207df54abb882eb22c,0x5a9d2d754a74887bba66939062c177b765e1b6bf,0x87a3effb84cbe1e4cab6ab430139ec41d156d55a,0x0,11645672
0x89f25385b3b2bcd26a256ea2a850d91c3756f16d38fbcbc140631c8964cc8702,0x525e5c12f6e347c3ef06a2706fbf2a51859e480e,0x87a3effb84cbe1e4cab6ab430139ec41d156d55a,0x0,11645672
0x1033dba9e4f99584669848da84dfd802217d73f30672eaa77b639986f0e56b4c,0xe99e8592259493bf23f5e99b7d0e434d68eef77e,0x73b668d8374ddb42c9e2f46fd5b754ac215495bc,0x0,11645672
0x62ef93c2862743aa1d9ca518a6558d39c5f6c848f7e3683aa9a7cd50f5b62cf0,0x5ae1c8a172431c7fb2ee5ae78d5325eed42cdcf5,0x1a55dc4a015286f28f536786ccde1ca33a8ca166,0x0,11645672
0xca70762891fcec9e21a8228d52e5fb57bc18dbedf0c7999949b3d43e5365ce5d,0x22cf0cc54077d0adeb1802ce36305dd561766fac,0x87a3effb84cbe1e4cab6ab430139ec41d156d55a,0x0,11645672
0x67fb3737a0492afb9689140a6cac808b7597725a9727f3d8df7df66c39c5e6a6,0xc84a0928632382e75c543acced101b9525027362,0x1375a61e0d2640b904b844ae53a7990b3317ab52,0x0,11645672
0xcf143926b72581a6bf1919e765409957341ab91dd871933df4c77c7acd6243c1,0xc84a0928632382e75c543acced101b9525027362,0xb2c7711b887cc1f867768be224f85ad30bb6da68,0x0,11645672
0x6a7e866c3b25cbdc6e2de0a7d7f1fe800ff8752391ff7087c0811281eab13878,0x795f28a85d8258f1d50ae784c21d3f77c945179a,0xe787c35f6a875567409c4970ba7b41a0cb9d1b4d,0x4ebdc1cf1c3e,11645672
0xcb2065b7f10108cfee23e7ef5dbcce8f36e3afbe3aba89db0e26b54921041c6e,0xab9dadfdcda9faa47341b391708ab8d1d19c7625,0x87a3effb84cbe1e4cab6ab430139ec41d156d55a,0x11c37937e08000,11645672
0xd40e33a665481c34f67b0be3e72b616825145ec84ecafff954e2a7111cbe151a,0x46317c1b4168a94c8e3cf1c9f2b7ff55d4e65791,0x73b668d8374ddb42c9e2f46fd5b754ac215495bc,0x0,11645672
0xe7b75682ec1d37cba21d8cf478294311466e330c7b2fdeccc355ac64f1bace0d,0xb8a934dcdb82d35fc5000122db57b0cef9178189,0x09b39397d70a5fcdd221c77c909f8f68602fa77e,0x0,11645672
0x660ac680208e212e3222e6d46ca62c07e209f5244cdf3d35a012e29175c7b8c7,0x48956477e59e1050cdd0ca6de73f11ceba0aa8cb,0xf467ec26cf1911a0ff87e3a6d36b3aec915506a9,0x0,11645672
0x8dab93a2327f421af65930076c38dd70c6f100398970a804c2dd0693cdabccb7,0x2e2e491cc3797f228e06ddbdfb8f43630c4b97cf,0x8a0b25e83f714e7d14ac8c7251673711ad0be7e7,0x0,11645672
0x3741d545d650ba3d5f296c1daebe54a45431ec45c6f9d2b9da16a89df0221284,0x8a186ecddbcbbae2045b62cff3696f7f771c8344,0x87a3effb84cbe1e4cab6ab430139ec41d156d55a,0x11c37937e08000,11645672
0x7635e5595e527f7aa90ac8f66da30718903397c464fa988ef99cf264956e1243,0x0ac9e90703134cb02d817d15ce736fe990427f10,0x2bd57c3ca216f0d38b18bcfd14595f12dfb13c35,0x174876e800,11645672
0xf2a2ff78d7fd4853e88302f7eb99880e0aa28694e289ce48b6f13fd0072e2fd2,0x3a018ecc3479326ecdfb9f54aa8cd75adda1d7a3,0x87a3effb84cbe1e4cab6ab430139ec41d156d55a,0x0,11645672
0x1630ba94db8a0922e4875c901f2605013c67a129e85c94007d3309f30ec76bb7,0xbe2a44bd3c97bd59576fb4cf893e1829b9941e9f,0xea30c4b8b44078bbf8a6ef5b9f1ec1626c7848d9,0x0,11645672
0xe03c36ac6244a8e9fb22973a394030cd850ccfc34d8618d7c2677353b2d1c60d,0x2f8e1176ae8ce0538fbdcf4efd788664908b0125,0x2bd57c3ca216f0d38b18bcfd14595f12dfb13c35,0x26f5d4,11645672
0x74a9ff0b5d4420e9afda4633f8821f8bb0aefd52f6db1c630ec54615e68ff357,0xf9aee4da6aa6139860212e3a610e966aa6b5a3a4,0x87a3effb84cbe1e4cab6ab430139ec41d156d55a,0x11c37937e08000,11645672
0xa84595fa35d2461f3fd6672826f82751e5f5ef9d9c494f68ee5a7861d49d06f7,0xf04862347824dafa12909ec039623f1bc8e63249,0x87a3effb84cbe1e4cab6ab430139ec41d156d55a,0x0,11645672
0xa596c5ffad0067ecbb8b8438f84ec45744b40ab6682a90ef62515a2e4f3c37b9,0x6f6be62530c67a0267b3f5577057aa91f8164a22,0x87a3effb84cbe1e4cab6ab430139ec41d156d55a,0x0,11645672
0x92b141a57a42f530c1d653378b5ca883453d00b4acb126ca1b335c7b5942d761,0x39fecda149365b88f4e02fce63c42f0dfe3c3a5d,0xa1f78bed1a79b9aec972e373e0e7f63d8cace4a8,0xec77f7a44000,11645672
0xdc7be5e3904b810d7ce0743f367e7952a7777f0aeda169bcb4f0bd29494e11f8,0x4ad84f7014b7b44f723f284a85b1662337971439,0xbd07d7e1e93c8d4b2a261327f3c28a8ea7167209,0x0,11645672
0xfe6ac0a841f7736fbe3d613ac663d3450dee04b9338c8b2a05d754b01a5abac6,0xef1c614b187ff2860031dd10fdf6fbb80ae6338f,0xe787c35f6a875567409c4970ba7b41a0cb9d1b4d,0x0,11645672
0x2d10e64c1f0b7ed97afa2cb60c39e079df50c67c1a821ab5f1b1c3d2de72fbc7,0x1b549f76e8eb146370fad8dfb063d884591f1b50,0x87a3effb84cbe1e4cab6ab430139ec41d156d55a,0x0,11645672
0x87af36befb27246a6e0b662557b3a37aa8d7f17d68f144783175fa29f02115b5,0xc0ab267b1be249fa5c04e1f9e3b497d38da0ea1b,0x87a3effb84cbe1e4cab6ab430139ec41d156d55a,0x11c37937e08000,11645672
0x4ad9b839f8c82d200c78c8683244500159053c51aad52865191dc074d6936854,0x4c1547bc531aafa12a0ffc2f367ca50cdded3f19,0x87a3effb84cbe1e4cab6ab430139ec41d156d55a,0x0,11645672
0xdc1d8654ed5716747555f1f48d9250c15794cff98be193fecb3a1b9a0cb1abae,0x0caa36c2aa464fcd5181ef02c6c95060bfc2f2d5,0x87a3effb84cbe1e4cab6ab430139ec41d156d55a,0x0,11645672
0xb53d02f8d2c781515f240b27c1afa03f6a4ab21bf50eb64aa34ddfe9e5fdf732,0xd8cdafd8f796940dc2b5297ca0ce06fb4982e5cc,0x000000000000000000000000000000000000dead,0x0,11645672
0x6596b2d51cee56e2de4c31f408359e573b52ca5dd2a42727b808e813e3e6ce93,0x7971aec8614611f7f88c7f1b6b2e1770c31fc399,0x87a3effb84cbe1e4cab6ab430139ec41d156d55a,0x0,11645672
0x591e55beb3fd87b3f6190627f3969a06e99967ba89ee2a3e676b63598732df35,0xda743ce0eb7cc541093f030a3126bf9e3d427e93,0x333c2bc95b913190275fc0f26a7c171a0175c5c9,0x0,11645672
0xb656f9ee7fb11b8695ac0c6d7899ce0839bbb9278a66c40b45bfe3ae7407783a,0x490f8192725255c2c3de0cbce66312335ca019ad,0x41e88b8f0a06d8851acedec66b9012b109cac2c0,0x0,11645672
0xbb7a0bf221002ee8b3fe9970ea38df4566ada49a1aeeb6cc3b0b2c167c8b8beb,0x91a54dd6985531506dadf2f8dcc4c0ef50abbd58,0xe787c35f6a875567409c4970ba7b41a0cb9d1b4d,0x0,11645672
0x5528aa708d4ff9960ed60a2aa18420db6b3dc99306de25ea6aa7f2a3eefe6162,0xc89e9ecb0371379da3efb0338e5700dbf82f0ab5,0xea30c4b8b44078bbf8a6ef5b9f1ec1626c7848d9,0x0,11645672
0x561622961a71ccada3b9b4b1d7ac57e28572d7c968456fb8451a1dcd8d0d2654,0xc85888199e48a6be76219e462be261eb588bab98,0xea30c4b8b44078bbf8a6ef5b9f1ec1626c7848d9,0x0,11645672
0x6b2ca6d9e989363c2d84f863c09f5f1aea92a47952da7003ddcbae714d760a1c,0x81f522d0881039d1b6009ceafbbd798aebe7b985,0x0820f975ce90ee5c508657f0c58b71d1fcc85ce0,0x0,11645672
0x6f07fad7fc26cd276155bb6e6018a6ad99c3c98ad89e91fadf4f470c5e03c0b4,0x3d3fdc0c6a8fce37e48f45ca571fb8dcd07e42fa,0x73b668d8374ddb42c9e2f46fd5b754ac215495bc,0x0,11645672
0x3041bcf92e7a55c6216d805ac71b0f81562c06cfdf43f0018ed8e6ed49ee78c5,0x7a450544cab038b0d510999a5bc71143fda2a246,0x87a3effb84cbe1e4cab6ab430139ec41d156d55a,0x0,11645672
0xa4e8a2277ab84ce9771af4d5c2ea3324cc8e070918c0c6f65d12e34844a44c35,0x7a923674037a66299c35e38f1f8ccc6ab7cd6953,0x87a3effb84cbe1e4cab6ab430139ec41d156d55a,0x0,11645672
0x13ba8e2fe618bf51361c37a686ee20d5f7516dfb7eba9146bbf6cd08c5efb478,0x469a6faad1bbf28ca496666bebe590fee405313b,0xea30c4b8b44078bbf8a6ef5b9f1ec1626c7848d9,0x0,11645672
0x27b0e73fa11e5d935f1212a79422ab53778cc34e0b70189e63fc13b4bbf71f75,0x426f44475679acab175dea0b36cf7b32386724da,0x87a3effb84cbe1e4cab6ab430139ec41d156d55a,0x0,11645672
0xc28aea6df84bda8f8ef017b963bb58652bd785a6dce1144bd65cb7c5c674aaf5,0xa2d68dc62ab2ae1359bde2ee827d96cd514bb458,0x87a3effb84cbe1e4cab6ab430139ec41d156d55a,0x0,11645672
0x91fa49dd6ce59269cd6067c4baea1da1eff4bcf9dc5f510d0392cac723f9f36a,0x22a6b8beb881aff5c2ef8fc147a7caff70ded9e0,0x73b668d8374ddb42c9e2f46fd5b754ac215495bc,0x0,11645672
0x05e7e0fce373262549f82a8f123d4e3db6a28c98325f1e6904caacd283972d15,0x514e085cfdfc8fefd8cfd011daf5f8c5e5e27d58,0x73b668d8374ddb42c9e2f46fd5b754ac215495bc,0x0,11645672
0xb6f739d12b3e6fc58007a72b9bd73ff8e931f6929a5b783d392a8f537d4d08c9,0xef7240dc0d5368b6d167be8c2f7b726331144af8,0x02ccedce548b62515c1b71ecbd649ef6f6156d3c,0xa5fb97abe800,11645673
0x261956944c4f19a3778ccaf98e15946cffc03e4fd31167ae70c2040f7f69fa24,0x3c3380cdfb94dfeeaa41cad9f58254ae380d752d,0x1c7d4b196cb0c7b01d743fbc6116a902379c7238,0x0,11645673
0x0c95ceaeb061e00e464f7e00e6e8e9715d8cbaed201cf375d6e88dbe59dcf1b8,0xd844ba11f64d23a7481e24474d2f184e350b9b3d,0x1c7d4b196cb0c7b01d743fbc6116a902379c7238,0x0,11645673
0x5c6d788d426d174076a15a54a93841cf2d18e5516fc9acf37926a06b1a3dc7b5,0x600ac89841d3ab2c777c48a5aee8283ecd28d378,0x7c5bf43b851c1dff1a4fee8db225b87f2c223639,0x0,11645673
0x068424c50d3122e8d146f3d7c4df0ffdc038e65b7ae872a5305ad922aa4fc15b,0x54846a638d883ecb2d4874f3265251e9cc744690,0x7b79995e5f793a07bc00c21412e50ecae098e7f9,0x0,11645673
0x8c7a72ed9f46c92a24566f2df906b7e09b2b49afc680cbad4083f15498dc56b6,0xba7af4ff71f138f7f55dca2edf78fddd6cf2a066,0x99bb09726b22bdefdf1cfa87074c0fa8ed49edf8,0x0,11645673
0x4b981656a19d2d11a7f63ab988bae131898c79a50eeb8de24317efad0136528f,0xbbdd4c20d756cecc08ac40027cf7711d8fc07653,0xfa6419a3d3503a016df3a59f690734862ca2a78d,0x0,11645673
0xe4842c3d6ff55e2a0a9929ebb8dd0e2a253b169c2d875d4fcdfc98c2cad68ad7,0xef404755a6fd7b1cf5e22af67fb1018d341ee951,0x87a3effb84cbe1e4cab6ab430139ec41d156d55a,0x1001d1bf800,11645673
0x787db7629f99f2e08ec9c1bc7b6c20c5d4c869dda8d0fc670e3e9e63f90d283a,0xc6c2bdf5fc9aced51955c72814fbda1206d04d3e,0xc3b78dcf7ca10227efd699708517de476f10cbf8,0x0,11645673
0x3ac150be1d4936c73a121c45afd22e1490434f82fd981ea097062a5d95daf34a,0xa67f7318b025a49eb9e1a7abfb6466e00b8b595d,0x87a3effb84cbe1e4cab6ab430139ec41d156d55a,0x11c37937e08000,11645673
0xf8eb73bfcabec559f1e6e48c80c0d243c1b19eac247c250ff6bcd75330d2399c,0x01773271bd1985bbf8ce6725bd0909abff6723d5,0x87a3effb84cbe1e4cab6ab430139ec41d156d55a,0x0,11645673
0x1ac9d187901e7ae59e2b3eb17a8a20f9c3a9ffd28ab0a1d537afd4b934ec733f,0xa4a8eb39a891d0598674781b0d579de66ff0ee9a,0x87a3effb84cbe1e4cab6ab430139ec41d156d55a,0xe8d4a51000,11645673
0xfc013e741ecbabcae973ff4a93377c78c7f2db9c3becdf6674311b17c3747ea3,0xe0170f61621fab37a3f4fecb45bb09ad0d00fea6,0x87a3effb84cbe1e4cab6ab430139ec41d156d55a,0x11c37937e08000,11645673
0x2d7249919813f6c741cf51b5beb1ffce0ab00eedee87d11e8d56098ffa7ffac7,0x232e274676e865e341b02348a2173e8856891b0a,0x9a22c21a259ed941879f93799bb58af88a40f1cb,0x11c37937e08000,11645673
0x3267316cb30933564eb7076629c5d0238e0656efb0fb853aead964abe82c31c0,0x941604790863b692f6f79474c5264d0fbdef89fc,0x00e71cbcf7e567977524993751ebdd088dc39ab7,0x0,11645673
0x352c32e2bf3303dae67af06f010df23ace72fa895c8aff59087dbc6204d199a2,0x2597fd6b00154bacd6c7eae4ad818a9bb4af55f2,0x3ccdc0cec4296793fcfc17c0b8f7a38215e5fcbb,0x0,11645673
0x35a56cc318324ed8034e74eaf27492cbec45e554bb567ec1cdcd61b5b4710371,0x03eeb73365beededb0b643ffe67d11309b1c08d5,0x579562eb575be3cf7bcb229eea4740afa1ca98a8,0x11c37937e08000,11645673
0xcb45a70e18885f72b960bc9884a42282325ec19d00eba5c4c5d88bd0480553b0,0x2443c538b30047045c285b80246540bed88bb4df,0x87a3effb84cbe1e4cab6ab430139ec41d156d55a,0xe8d4a51000,11645673
0x616f30398efed046fbc979b11312669979d959ec052d8b28b153575d7089b287,0x733709d164192095f0b00b4327b4c6b15f0b4140,0x87a3effb84cbe1e4cab6ab430139ec41d156d55a,0x0,11645673
0x66126546c1400607dbdb5853fa5dd0ef9cb0704e27aca789a0c222c2dd8e4112,0xaf23088b8284ecc0739855fd8ef3e83116c56666,0x6a7480fbad047d39b7d6af6816b0379139c5a596,0x2386f26fc10000,11645673
0xbab3ad81f61b41c3c764d5322c0c34de702724fa923cbf28b55510c0fb11bcf5,0x3713791579c941534ad5a1e525957d04f25c85af,0x899d225d779f41fa1ab422ab1b8a9408296dd5c6,0x0,11645673
0x3807e8e3406085689ce34df6e74ba33fd0eb3f82f1cab83b5a0c2577a04f35c4,0x119578beb37db2fdc564d3163e92e8c150c5cfe1,0x60e8f2b6f4ae6cb53b034ca892e520b32ec129cf,0x0,11645673
0x2db79aec7abbbb57f0c935aabf4cf164d79b355d1f0690d28aa0a552c6354bdf,0xf1c3ad1add39d8609407caf6430e37fe8d243227,0x87a3effb84cbe1e4cab6ab430139ec41d156d55a,0x11c37937e08000,11645673
0x53f80d293c23c108900737642b45b7b7fc55f85d6b62376bf3d269c46fd19a3b,0xd6bd41cf82985be2627903c129544f857247f9ad,0x87a3effb84cbe1e4cab6ab430139ec41d156d55a,0xe8d4a51000,11645673
0xefdd55594b7392c7474983f710dedc43d1826b8620c6f1febc898e9b3cab1e9c,0xbad9cf68aaf7060edf520c298dcf07307a8faf53,0x87a3effb84cbe1e4cab6ab430139ec41d156d55a,0x5af3107a4000,11645673
0x9e530b6ef1c57d9f48efd8650ed8d2dd114dd33f8e2582de1d13a68e4ea9c67a,0xc0ec79cfea51423a3300c693c84621cb41737045,0x1225702fde746cd311115c9ed83edc063eab1651,0x0,11645673
0x8013c329d86dc3965aeee9bc21d7db48b8b172fb7d95c3d8a405317a93d8ccba,0xf7c0f74c5e0089a7977c13e170e4629473b906ad,0x87a3effb84cbe1e4cab6ab430139ec41d156d55a,0x0,11645673
0x3093a3212368739fe44f2d62f21cbf162060fc70a8846bd780cdc86c486fe6e8,0x14ece6c1e5f0a5b7e8297addb007a1903d84a555,0x87a3effb84cbe1e4cab6ab430139ec41d156d55a,0x0,11645673
0x0e0f7e627d91e9ca9fa99d152bc727bc81e206c5fc0827112436b36d4310a970,0x5d57a09ca272bcbdd313807d93c897b7fe14202f,0x60e8f2b6f4ae6cb53b034ca892e520b32ec129cf,0x0,11645673
0x9fee6eb621757b020dd1585c33e02f5e36ef264d4ce9996a6acb157681bd51fa,0x428d7b3b5c45ca4b2b2e1fd8d2b92969008ade21,0x87a3effb84cbe1e4cab6ab430139ec41d156d55a,0x0,11645673
0xb73c664fee8e17980738b8869e2b15e5e09a7a814d74081ce19f63e3eeab27c0,0x74233b83cff388187db5c1765ee0ce79f160e6cb,0x87a3effb84cbe1e4cab6ab430139ec41d156d55a,0x0,11645673
0x55407e49d715b510d84196364e6f2afb97ffe93f1c94a63463c17f74f4cbefcb,0x1ac35ba3cbbe8bea0d21f6f7985431452ffc9ca7,0x7e38a259c353e72eed3f5136c6e6534eb15c7199,0x0,11645673
0xe338f623403b8e05c90c7a9b1e4b69829e2aa8a98275e14bb445dde8f8045bf2,0x3e8c69fe4f88bb8418661a85752acd0cd04216c6,0x0c88262f03b183dd183c2fc7a78578dbce1e664c,0x97e2b7ad7000,11645673
0x7f78f1da461f9820d44d086006a697be75ce71075778dd8e94ae163079789bf8,0x11814064d5656c721c216832faf5c6d00f4c5fe6,0x0c88262f03b183dd183c2fc7a78578dbce1e664c,0x935690742000,11645673
0x3708878d4a6c641db628a6b73d34b0bba44617f5546d3b0a5dd1382509a27432,0x379fc37b3e776fd7b693526bf1b2046123edb060,0x0c88262f03b183dd183c2fc7a78578dbce1e664c,0xb32ba3055000,11645673
0xad886c6acad35b98d372f8d38ca12833444a609f4d1cef3b646493d13d3d70a0,0x00482a63f8e7708eb212bd9f7cd15e4cf8b68618,0x8f6eb7870334b1fd8006fd52413f01689f4e57e9,0x5af3107a4000,11645673
0xe24e6cf53845a7f4ee7d0bf6eb95d7dd0d89ad952a32bf84b3cc39a8e43fdd69,0x1e0fbf7334b631769907ff22da68741e8ad6cac7,0x08ddc3871b7b7cb42376dc13c518a063fc1c9d4c,0x0,11645673
0xbe9754cc8c5f11b61cad3ebfcbaf8b38b05228b33f6cb115489fc13e95187274,0xaf026e42f5f8a0dde581bc214091219b8f4a5e6b,0x5ff137d4b0fdcd49dca30c7cf57e578a026d2789,0x0,11645673
0xe42443780e3375547aa326dacb4d8c1f6701e8f0788ea8a1c8d7d34e5c0b405b,0x7c4db55dbc569915e821433aa3d0fad1649f009c,0x7e8b0dd71be6c1216fd7334e7e5eae8aa2e7276b,0x0,11645673
0x807738d2b4dc35e260995ea02bc18b5438c7b5379f2b2d0eff4f2c64834ef7b6,0xe32a96e9b408393e67546fe0ad6a998d8d20b3bb,0x983cfc9eaa1ed9a70a1be2b293a9cd64520b7a9d,0x0,11645673
0x364ec7a95efb38bfc0f04647fdad2c6c40d48ead296f4b1ef412f818ea9a2321,0x9ba1102d546e7437c7279217f4b1a19ac78fce2d,0x590c95c6bfbc5b95964701cc90ef6bc33a9e3427,0x0,11645673
0xe1a8728e4eeaec4830d1eec2daab27fecde7638418ad87c5ca8f97f22e26aaec,0x10984aa7ee3f6766210bbd615585929b355ffb0e,0x590c95c6bfbc5b95964701cc90ef6bc33a9e3427,0x0,11645673
0x54e307193c092b7bd87763bb9cecdc400626760e29acfbf6b511e2c8429ed9e1,0xb16ba898db5bc2ec261ef5218740c1b162a1c9fd,0x590c95c6bfbc5b95964701cc90ef6bc33a9e3427,0x0,11645673
0x443b9b81f8492e616261fa40924c51780be8afe1cfcac78a204ef4b21b4b9df5,0x57514d6c07956bf94311b9a2f98f08c6f59b705d,0x590c95c6bfbc5b95964701cc90ef6bc33a9e3427,0x0,11645673
0x8dc4c22b82de51480e7ad3745cd79ef52b8235e5178970597d669a172c3b7c7a,0x753b1fca5588706492cd89c7d2c287db236be03d,0x590c95c6bfbc5b95964701cc90ef6bc33a9e3427,0x0,11645673
0x0172ddf9f52f3acf2388788ee4fc2efcdf1eb7584a4ea7d7458ab882bb903b66,0x0145e2297a047faf1e918b63dbd164966646a3af,0x590c95c6bfbc5b95964701cc90ef6bc33a9e3427,0x0,11645673
0x65b188d88e22c219b658219993d7f38df2beb1fb278cae5cdcae46e59304ea3c,0xc517f2cf2858abee3d0e2a3f9fd87f26a4d5646d,0x590c95c6bfbc5b95964701cc90ef6bc33a9e3427,0x0,11645673
0x89b9ff57af5473184c6076f244fdce473ed1b9191f89a5a6f2d773a36749f6b2,0xe99a0b30e1b9d08398e7533d49cbb63edb7e7626,0x590c95c6bfbc5b95964701cc90ef6bc33a9e3427,0x0,11645673
0xbc69e97918de225ff924b39d5c105e34644246a271d2970332326210b8cd8b01,0x9999fffe0fe59aad3b7b206841fa1821d186db7d,0x590c95c6bfbc5b95964701cc90ef6bc33a9e3427,0x0,11645673
0x5a5c0fc515aab095470b8e59ffa25c0a799888bb17341a55e9cb2fbcc2fccb3f,0x5493cf24c78251ea171e57f5e4a96c4ce4fca6e4,0x590c95c6bfbc5b95964701cc90ef6bc33a9e3427,0x0,11645673
0x9d244df4f7cff54e82f724140bc30cfc2ae8eb0df6686f85e5a2e331c9b84282,0xc4ace2d74d6847034c60590554779095c0b9c1e3,0x590c95c6bfbc5b95964701cc90ef6bc33a9e3427,0x0,11645673
0x78d79feb1b7c99e3b246a602ab4a378d7525f3ca849865ce28c6505a21b55202,0xa360cb036822c059eb9f03c2d4f48a94e5fd9ed5,0x590c95c6bfbc5b95964701cc90ef6bc33a9e3427,0x0,11645673
0xf1572440fbcdb7329ef14775d42b59e3f7a934f80dcb571f93f44021263e0925,0xbe7e0c128eb16aaefe05d63a97f619618b37ec13,0x590c95c6bfbc5b95964701cc90ef6bc33a9e3427,0x0,11645673
0xa53fe555bea25403b78c3343c41dc740bcf55a77da302b0b48567ed044fd8f83,0x0df7e3da0337befc8e604e532498f8bc3ece0b82,0x590c95c6bfbc5b95964701cc90ef6bc33a9e3427,0x0,11645673
0xdb6a047f6f25a629e1834ffd177483af94e9ac12dc01ea4b3b31ec5d2acbbd95,0x020fcfa773401b090a8611329cf64acf4f1727ec,0x590c95c6bfbc5b95964701cc90ef6bc33a9e3427,0x0,11645673
0xb656cb60f8d5adfb3e4c29290b3aaf3d53a59aafaf1553ed2d8eaab610709101,0x6e7dfc666514bdd1fc2903cd2e19e8c006077d8c,0x590c95c6bfbc5b95964701cc90ef6bc33a9e3427,0x0,11645673
0x2e0c586b3c77f0f0fa12ccb7bd89f2d375946ed326324934ca99b664b065cc74,0x7da0da917b7ba2b624b83ef485ecbdde6d97bbec,0x590c95c6bfbc5b95964701cc90ef6bc33a9e3427,0x0,11645673
0x53d8ddaa225f3b47311762b5a8d9a565a53600c358d4a1c13bc76d5bd19cf4b2,0x3f63ae7cb6ef734387aa8223cffa7d4e1a075847,0x590c95c6bfbc5b95964701cc90ef6bc33a9e3427,0x0,11645673
0x0e9491a761575d23d60c64d58dcbaab70b4ccc8690af0054e5d4532a4c04e6ce,0xfd929584e2d4e3e2ccdbf8122f2ab50cfc8db4cc,0x0c6f0cecbdb46281281cbdd1cf1e886b89d73334,0x0,11645673
0xdcd420a3f562f9242a1018782892dc06c3717a48cb8772f05fbc513df6375e6d,0xd84a62ebf0e90ba37b338e1caf6ec1e617f10e34,0x2bd57c3ca216f0d38b18bcfd14595f12dfb13c35,0x8a2fb4b72f000,11645673
0x405748566a8cb588d0c43bf38755050d6e42191220ffdb3ddea8c432cdbbcb2e,0x2653255e8283db96f09cb4dc064c4d4543b62dd2,0x2bd57c3ca216f0d38b18bcfd14595f12dfb13c35,0xbe159ac21000,11645673
0xb904509f52ef61d6226d4e60218a5d0bbd8b5150de121151e4889fb58f2a06a9,0x63d50331c568ce20eeca55fc5aa3e33c0bec62fb,0xc8c70f491deedb238f93988344c9b8eb41322af6,0x0,11645673
0x0bdcaf46c13db85af1bc6d7e716251f02600c050a63fe5e5b9f56cca0dcf5695,0xa0bcc64d1382473affeaf1fd0acb283be3c637e6,0x557abbdf9180fe864e38dd88e0af8cb454556886,0x0,11645673
0x0d47fa2a879afcc3b5600591cabd3c275858743fc94af57d583f5bdae79d32f0,0xbe65f665beb34b5fc9aa0b642cdaaf28ff9305dc,0xea30c4b8b44078bbf8a6ef5b9f1ec1626c7848d9,0x0,11645673
0x0c1b496d74222a7939da73e5c90a8a4b62be8564bc3170c294c5516df9cf79ac,0x79ba106d05ec217688c693d7c332cda8a0929abc,0x8cb09cf03532808a11ae4ef00ceb8a0d18a45c57,0x59e323262bd3,11645673
0x5149b92568a52666ae80d1a9a4b6042791ffa17eae95e9c014023a3d15b6de08,0xfaf3e132aebe566ea6d38e1508f63c58987a0eb7,0xea30c4b8b44078bbf8a6ef5b9f1ec1626c7848d9,0x0,11645673
0xefb27bb93cccc19805475ca12a73acad4640eb355d827285887464f6a4808761,0x930e55af89a6cf0443363bc1e369cb9727acba83,0x87a3effb84cbe1e4cab6ab430139ec41d156d55a,0x0,11645673
0x71d4e7969f41cbea83eeff8127e21f6da65765f1435591ca755b516f9ea68a48,0x677d1dda46697c5d568a4f1cde93517cde3dd24f,0x87a3effb84cbe1e4cab6ab430139ec41d156d55a,0x0,11645673
0x5d364868e9decd7f31711389922cb48731f30732c71afbac268f880a8cbce95a,0xc656955785dd75df49f7b7f6f0860e01649a2dd9,0xea30c4b8b44078bbf8a6ef5b9f1ec1626c7848d9,0x0,11645673
0xbffcce09e8ea4fddfcfaa84a38d54c0f75b361f0c4427b6f24ebb18bbd2c7bca,0xbf93a265332a2d01569918a9e2af4f20a32e9d7b,0x87a3effb84cbe1e4cab6ab430139ec41d156d55a,0x0,11645673
0x6c9010bca4638f2a0888987e33a34c68e4e952267a8697ec75a2a824e2872c77,0xb837d73676b3d5fc167ec59d0b5d06418f3880a7,0x87a3effb84cbe1e4cab6ab430139ec41d156d55a,0x11c37937e08000,11645673
0xd1969fca1850a0fa217e9943c205fa34d0922574fd00873d72155cc97c8f5cfb,0xcddb0d19d3e18090d7f11cac11b841028ce36801,0xea30c4b8b44078bbf8a6ef5b9f1ec1626c7848d9,0x0,11645673
0xd7b6c0f50e4e51920a239a0eb986e7307625e64dc2c639c1c9b747a898fc65fb,0x806bb2f45b391faa4946bf4bc55f913ade026c85,0xf872e675222faea970866401edda780b44ebfd37,0x0,11645673
0x62037e298735b121ba7d86f42ce2ef23705482ce09fcd5b6c15db99a36351aaf,0x0d5c090bbb966f26dd574644eba01a3cc8682c5b,0x87a3effb84cbe1e4cab6ab430139ec41d156d55a,0x0,11645673
0xb30818a83a5b26f971926ca3fb5ae5f207b2173535e4a2c9885f5ce083c99c00,0x851a48a2380d7b8adb349757c4557a02113a5f6d,0x87a3effb84cbe1e4cab6ab430139ec41d156d55a,0x11c37937e08000,11645673
0x18c9c5271e894dfb563fb1f784dece2e40b17dfd6c7ee1f9f7017d4d31f5e14e,0xfa7a06c5f9e938d24a3d05fde71c4822739fe839,0xea30c4b8b44078bbf8a6ef5b9f1ec1626c7848d9,0x0,11645673
0x61598eead0b2390f0a5948b19faee42c2b2533ff890005f1b3d72d9f8de50ad5,0xb7bb02087e1bc099eb8c83c5ef448c94af713b89,0x3c3236b561ce664578029cec2305fded31ca4786,0x0,11645673
0xe208733b54ae500bfe6cd505cf4a369a9f37343045fec0c681b38b1a0e332bfb,0x5eaf800465edd258bfa3432b98d35845a4c31bd9,0x87a3effb84cbe1e4cab6ab430139ec41d156d55a,0x0,11645673
0x10763355abfb0d785513419dbe6e2548194b273104ad70b017eb9464b4f6bc5a,0x3f1a83d9f0896b3d022c69c094b4b9d430287274,0x87a3effb84cbe1e4cab6ab430139ec41d156d55a,0x0,11645673
0xf318201cf3681d680139ce3273fdbff29a8e2e522eabe398822e6418b2461575,0xc02d72087b5702b7a27d4110629b10f36b0723bd,0x87a3effb84cbe1e4cab6ab430139ec41d156d55a,0x0,11645673
0x7f11a9596b47df9db5cb19120558d9d0d7cd5cf4d0ed4b78138882cd96dd356e,0x0da768f40cfd15f8b78ab34c817f2f4e11f1ad10,0xea30c4b8b44078bbf8a6ef5b9f1ec1626c7848d9,0x0,11645673
0x61edf9e441454c25e91aadd8c3033c6478afbe27b38b1f81830fda2c33a72c90,0x6f6be62530c67a0267b3f5577057aa91f8164a22,0x87a3effb84cbe1e4cab6ab430139ec41d156d55a,0x11c37937e08000,11645673
0x80aaeeb825a3d78e724d51b53420d6e0017b300f91a409ac0be30aa25c5b0767,0x10c8521d9ffb48cea979eac53d1634073032aa95,0x09b39397d70a5fcdd221c77c909f8f68602fa77e,0x0,11645674
0xca04b5a45d4fb25a49f6a7f947edd878bfb317e52acc256b6de5911668c0fb93,0x9c9eeb530ca181111116361903573256baa20383,0x0820f975ce90ee5c508657f0c58b71d1fcc85ce0,0x0,11645674
0xbf6a8ca19592a2717de37e253c5755ca1c5d483e9015c48282032387d7705fbf,0xa4570b450feab35b6c4b362dbe0e522f64e362c3,0x00289c189bee4e70334629f04cd5ed602b6600eb,0x0,11645674
0x24c8d5a96304081f9d578033a81acb2a1a9735d6aefe1a98a4ddfa3c33792c70,0xd75343f0463453a7d574d35effa473307cc1b29c,0x00289c189bee4e70334629f04cd5ed602b6600eb,0x0,11645674
0x2eff08e3d46804ce76746173e0279a85f76b08d72fcafe81dd4b83c4d315ea0e,0xe6ad325573eb0b6f8edc7ee5c54d3d6179bbf687,0xf4f194dc199d79305ef03c796a1a449dfa57e951,0x0,11645674
0xc030af0b37b057c942491a2f9a45c514b9bb197da2436ca33828bd7cf35974a3,0x47e5902a48c5fbaba166b118cd159f2f5a84707b,0xfa6419a3d3503a016df3a59f690734862ca2a78d,0x0,11645674
0xa69b389b63d752b7553a55450594cb6ddde0a756168ddb4061900d747090fc03,0x0f8a2298bb31e3399083b398f945fe1bb1deebeb,0xd09416d328dfaa07a422a1df233d1d968b80fbf8,0x0,11645674
0xaafceb49a191d04e5e7c9713cf1f3c2638c19dd87bafa1582bf8285639212362,0xdd89e7065f7b447312bb2a6160376eb214321d6a,0x803bc3291b79c118eb6a8431a42b9946bbc4ee36,0x470de4df820000,11645674
0x32540993a03f95106edfcdc278cc2f3b13608cbdb073f0ecdacb2a502078f5b8,0x54846a638d883ecb2d4874f3265251e9cc744690,0xdb9b1e94b5b69df7e401ddbede43491141047db3,0x0,11645674
0x19d803dba3b707d11aea576466f8ebeb7a20762360d68dd0d6db7fa6409bdad9,0x70b81802da40306cec390a97d9a4be89ee3a55e5,0x4fe3ff7d0a60da5ca44923cd0a8596df54997a82,0x0,11645674
0x5760fac8bbae5ab6d13ebc5cb887ad411491e6f87c3caf182c735654806260ee,0x6f58e57a7406e44f2c75ecaa7f3711f5913fa3fc,0xf43f28f33533e8140cfa8b3c959c63cf1a0d9278,0x0,11645674
0xd40c60a47ce3bacf7d1623906bb6a3f463980226a9f0abcf269f002cb7eac6e2,0x232e274676e865e341b02348a2173e8856891b0a,0x6fb6ce41777615b8f08cc3d56a00347bacb84003,0x11c37937e08000,11645674
0x9c1b8b4661d9405df075c5433511e78fabf4c4bd766baf78556d358446346c3a,0xde9f04b6be194d69474ee940065dfb984e58bad5,0x60e8f2b6f4ae6cb53b034ca892e520b32ec129cf,0x12309ce54000,11645674
0xcb8dbdcb2a2e40d4c61cb71af61a13c7728f340cacbf91c8bf223c8583fbe8ea,0x7806db1b423b9c027dbf672ef4dd7dfe73ac8a5a,0x87a3effb84cbe1e4cab6ab430139ec41d156d55a,0x11c37937e08000,11645674
0xa9a8803eb4a2a0d71ddb72d66c3c94a17a1bd7191f139e9e5d501c119b092794,0xe0170f61621fab37a3f4fecb45bb09ad0d00fea6,0x87a3effb84cbe1e4cab6ab430139ec41d156d55a,0x0,11645674
0xedeffb0dccf1462b5a0f042800b9ea4a333e7d127a4282f1713f5d3aae66d6e2,0xa4a8eb39a891d0598674781b0d579de66ff0ee9a,0x87a3effb84cbe1e4cab6ab430139ec41d156d55a,0x0,11645674
0xb06e2c1e164db0d3eca7e36ac8d357765bdd6c8456d6ca41e2d6f6d4db9cf1fa,0xef404755a6fd7b1cf5e22af67fb1018d341ee951,0x87a3effb84cbe1e4cab6ab430139ec41d156d55a,0x0,11645674
0xc567c8d9c6d62da863db301d02808fce6d7e93993da35aa2e6c7b682c6efc585,0xc0af0b4a408097144faab796a7a2ebf58403323b,0x60e8f2b6f4ae6cb53b034ca892e520b32ec129cf,0x0,11645674
0x1e823dc36ce2ef8557e97444634135ad2ee2d1ccdf2d420cf786448f81604e45,0xd6bd41cf82985be2627903c129544f857247f9ad,0x87a3effb84cbe1e4cab6ab430139ec41d156d55a,0x0,11645674
0x25aec0b41b305c1b32074da6898af36a82a19648002cf88944a2a7c610ee1560,0x23c62b23d3bf56c89dcda0dff9c4111677e99b2f,0x580dbc98962026a407fa304642abdfca4cf62f71,0x0,11645674
0xba20e4e165b8bbf362c4732eb94f78ce5c642579d804f56f33e2a69d00efcbbd,0x713494bf48adc50515d4d09a34075345646b9c17,0x60e8f2b6f4ae6cb53b034ca892e520b32ec129cf,0x0,11645674
0xa2fa6ca340f3f18e10a38fcde0416c62a80cd6f86131301569157b7ad93987b1,0x2443c538b30047045c285b80246540bed88bb4df,0x87a3effb84cbe1e4cab6ab430139ec41d156d55a,0x0,11645674
0x6d84f2f00e13222b0a3eab4f352c0f91dd61f67781ab3a5bb45355f4c52e874a,0x733709d164192095f0b00b4327b4c6b15f0b4140,0x87a3effb84cbe1e4cab6ab430139ec41d156d55a,0x0,11645674
0x9c36df86080818dd94731914e81a1c38d1cbf511f98381b95cc5bc61a1a0d4ab,0xbad9cf68aaf7060edf520c298dcf07307a8faf53,0x87a3effb84cbe1e4cab6ab430139ec41d156d55a,0x0,11645674
0xce972ef43725b026219ab268dad97af025df838b8f757fee45fdecca10dcc9c8,0xf1c3ad1add39d8609407caf6430e37fe8d243227,0x87a3effb84cbe1e4cab6ab430139ec41d156d55a,0x0,11645674
0xced4a64c0690314a46e1a5367a4b67dbb3ba73413e3980ee797219673f1f3d3b,0xa67f7318b025a49eb9e1a7abfb6466e00b8b595d,0x87a3effb84cbe1e4cab6ab430139ec41d156d55a,0x0,11645674
0x4c91103ddffe267b2a45a5444b2acb039b40536bd2c6fe4ab1d96d6b2ba6e55b,0x9a22c21a259ed941879f93799bb58af88a40f1cb,0x87a3effb84cbe1e4cab6ab430139ec41d156d55a,0x11c37937e08000,11645674
0x26a60345495811b7b05a54af9362aeaa49b32eb497056a1343b8aee19536e479,0xde0f58ba24c005df8503341f3231308d61bdb5f2,0x60e8f2b6f4ae6cb53b034ca892e520b32ec129cf,0x0,11645674
0xd04afe30fd51c4dd054d2061ee385f3727f09ff516862e04f66a405eabc2ad5c,0x232e274676e865e341b02348a2173e8856891b0a,0x555d0623e2f8f8f4361f615ab834c65165c1643c,0x11c37937e08000,11645674
0xe6eee2fa9c3653801b302cf663464c6afd60bb9ceec6bf274571db371ff213f2,0x03eeb73365beededb0b643ffe67d11309b1c08d5,0xc5298c6211d978f4f660ba42f662183b55e6397d,0x11c37937e08000,11645674
0x398113f881519139a8124ab2d4cf8940d8b0c040e9b1ec1e72ecec93607c283d,0x04fbed631a43f05dd54f6f87c00c833c3bce53c9,0x60e8f2b6f4ae6cb53b034ca892e520b32ec129cf,0x12309ce54000,11645674
0xb901b945ae3bbd9ce7dc5dfb49a85b2f63784a0e64fec54e935774f5de142f54,0xe43944421681170648e10007f73816e04f74394f,0x006737cc6980a7786a477ce46b491845509b19dc,0x0,11645674
0x237effdc3473161dc4fcbb0eccd2304b8a31a63df4843183279437032848776e,0xba7af4ff71f138f7f55dca2edf78fddd6cf2a066,0x99bb09726b22bdefdf1cfa87074c0fa8ed49edf8,0x0,11645674
0x29cb2c9cf12120d94972298a7ce6c10d7cbe5e2df4b2ee655f6d7cc65d9f3ab6,0x1c8faa81d413db62dcb84d83d2843a6e36684a71,0x4c1f6cf8cc9864243866342d501c8d5e6769d683,0x0,11645674
0x353dc5318da94606e11212b63ef82b227e63fc553ac18112c0558ff02e691df6,0x216e9b3a5428543c31e659eb8fea3b4bf770bdfd,0xa3e36262f6899e27bb4b1802e8298e843e74cbc7,0x0,11645674
0x8e3b5e40c695a6734018de3ada5491eac54a1660915f1881038f61a55c79f444,0x3e8c69fe4f88bb8418661a85752acd0cd04216c6,0x0c88262f03b183dd183c2fc7a78578dbce1e664c,0x8eca693ad000,11645674
0x92532fc789958cf3aad04f4d0b7637bebd7e4074ede67ff8bcea58c3f521d56d,0x11814064d5656c721c216832faf5c6d00f4c5fe6,0x0c88262f03b183dd183c2fc7a78578dbce1e664c,0x64f43391f000,11645674
0x6bbd52edc74c21e6936adc35c9f6d4aedfa584d9113ece992a77248b60965546,0x379fc37b3e776fd7b693526bf1b2046123edb060,0x0c88262f03b183dd183c2fc7a78578dbce1e664c,0xc2f911b946000,11645674
0x963a867bf9b19d7273c2c5f2b36cdb1d673e42329cf250694603f07cad68e243,0xc48c3367287e08416c8005136d381b8079d797b1,0x0c88262f03b183dd183c2fc7a78578dbce1e664c,0xbd2cc61d0000,11645674
0x0668f3c4a3e1c0a17d2b738fea4bd7e2d3402e392e4d7cb3bd8713a1642438c4,0x1e0fbf7334b631769907ff22da68741e8ad6cac7,0x08ddc3871b7b7cb42376dc13c518a063fc1c9d4c,0x0,11645674
0xe2f30ba51b680cb583a706af7727000b9a958ab4245bf67ba0c7edf9fff30910,0xaf026e42f5f8a0dde581bc214091219b8f4a5e6b,0x5ff137d4b0fdcd49dca30c7cf57e578a026d2789,0x0,11645674
0xcac151b4befce75fb5ab2df49ef8a2dd64e78af2e72022cf5c863fb373dca8ed,0xe4c9b43a08c054ef2b0a319aed3d7d4cf879ef49,0x5ff137d4b0fdcd49dca30c7cf57e578a026d2789,0x0,11645674
0x1bbe1012904556d2c7c556db44810a17b606dc79cb77d7d383d685e12ca892fd,0x88192266af9f775ce0e23c21f35680af752747fd,0x0000000071727de22e5e9d8baf0edac6f37da032,0x0,11645674
0x062bf91da642c331b75d09cc71d7be3499ef963d27230fd9359443070785583e,0x7c4db55dbc569915e821433aa3d0fad1649f009c,0x7e8b0dd71be6c1216fd7334e7e5eae8aa2e7276b,0x0,11645674
0x8a4369d7a3674b5e3dc18ac925b25a4ce595e42daa54e1ba5c173bfcdab52edd,0xfe5b64ad5290db4d190192c91d74f80497d2e1a2,0xb276b57084c9655b23c50158c866d7e72683bca8,0x0,11645674
0x9f2661b41bd9d311585492c69974ad8c63ea63dd306879d7baa93b1f0f64d7e4,0x8948d8d5602df5f37a059cda0189492c2b1e1410,0x26716224ecabc8a5a3f1d51c3d6e7d0a369a5e45,0x0,11645674
0x824e5fe64b7bc8bc570082f731eb21890889df6ca3832b7aa4e935d119bbfca9,0x42f011987ca8dee0ab90128943bee246f8939c70,0x42f011987ca8dee0ab90128943bee246f8939c70,0x0,11645674
0x9244b3f8c7fb134c4cf3675874bb4e181a2211bcb049f25e3148756f50f367f7,0x220b657354e1b48b06136f2cd06d8ae861267683,0xca11bde05977b3631167028862be2a173976ca11,0x0,11645674
0xfb28d8bf2c7688c71ca10ae6a751af60c3ddb3c7763eac5d4042dd67a718ab81,0x8af5270d43b76bf0f53faa3040447c4c8917cc9b,0x2bd57c3ca216f0d38b18bcfd14595f12dfb13c35,0xe57a14ef55000,11645674
0x3683bb996e0bc798f9aa321a2a6ef4e5d35feb924ad1bf5e7264798eecfef461,0x4a63747f5819a48a1863138f70e80ebefb4147b7,0x2bd57c3ca216f0d38b18bcfd14595f12dfb13c35,0x93d98810f9000,11645674
0x0b04070aaeb73fa7d29be7167c2e3206d088bbb19b9214ee87b6c2b866722b39,0x057cf78eefff25d74fb6f7f79c0d247d97ebaa56,0x83458e8bf8206131fe5c05127007fa164c0948a2,0x1,11645674
0x19154bd3006ff845624d423ca355b2894d171826d3e655bea378fe904278e521,0x7b88cd10fc70cc709d46c57774578be568f61cf6,0x11651d32ec3dfa535b8f39892c62ad87a61a076d,0x16345785d8a0000,11645674
0xdcc0f4a6d5ff1eb1b5ec3a556c653fcea065ab5c7a93880a20c9afe171ca01ca,0x895e52d11d27fbbad776092a657cc021f2cd23fc,0x2bd57c3ca216f0d38b18bcfd14595f12dfb13c35,0x5dad8e697000,11645674
0xdf44565e4dcb1e6fde7249629b5585e3ee90a9dd948dd0e688f1f0693d7e067c,0x63d50331c568ce20eeca55fc5aa3e33c0bec62fb,0xc8c70f491deedb238f93988344c9b8eb41322af6,0x0,11645674
0x2c518dc266a2671b25274563ad769e840d4fb9070ef98f9cd84fa94feab25059,0x790bcb43358e01142fdaf6f097976d216676add7,0xaf93c5b321757ca9f37992525c4889bceef76726,0x0,11645674
0xfd04aafa5575c87643b66e42caeaa207a822696441b9cda3d3d352afdb7fc023,0x2ce74e81275862cf99cb9f8bea490ee8b3e0e889,0x6986929dff54298a1d5f95a3aab58ef3319007f7,0x0,11645674
0xab516ce0ce1e2e14ea3ffaa342f17cd597ad4fea3315458250f5e59b7f93a7ab,0x79c8044f5828727538169f9c96bef51dc1ed81af,0x8e91a2beccedacf8204be71cd23b37f2d47583fb,0x0,11645674
0xc8c6fc275fcaeb35317b734136c6683888ac59924e4aec3c2119bc315d566498,0xf3218d970711ecf022a63e7234612dc3968652c3,0x87a3effb84cbe1e4cab6ab430139ec41d156d55a,0x11c37937e08000,11645674
0x5b2b1fdd22c39e65d1e0ef4a3418b7eb26e593dc098961f0bdf252e4688c087f,0x1bc2438b7bf3a2982eecf6fc86529e09f1e4a5dd,0x8feb42f3e85f76276f53a6d001a65e7fb704003e,0x0,11645674
0xefba249debee5b6e803d58a625c9403bf412209119bd30c5037b9a479cd7753e,0x30aa18b3889f5413e568cb845ef95d0ad812c7bd,0x7b118bd63bbe9023a2a509cecd48bc283d150539,0x0,11645674
0x8fc18952fc4a305a1fce951189157be59ba54dcd3c22ab6ac81a4f6f89257921,0x4dcd04039b557a767411e55add557f5a3d7ee277,0xa1f78bed1a79b9aec972e373e0e7f63d8cace4a8,0x0,11645674
0x1f52c29ca0222a1bfb504afc142996fb346d50992375442e72ed2f5d06c3b852,0x38f11b2cbfe0ca225dfd6cf3dcbed4e3be05b018,0xa1f78bed1a79b9aec972e373e0e7f63d8cace4a8,0x0,11645674
0x54da02b2f5cff57bf546e94a1f6c2bdd178a4dc35adb92b580747dfa9a1ad933,0x125aadcc9897e92eb00b82a17757f0a821081ac6,0xd3830c58accd3e6eeec8cd5688be5b1d04a4dc83,0x0,11645674
0x0077153f8626e5aed026ab8bbd2d8cb173d993c3f6a882d73d3155f2784320d2,0x55b57a7a0f41d668c584b2246d373b639084eaed,0x3229896a2d08340f35d390d1978c07ecbd842df7,0x0,11645674
0x5ea6e59a85531e233148580482800e8a860d5faeba4c9d30739358a12a3c03ee,0x1fef46bd409b3fed46bd6f25251120f5cbb4864d,0x6623f89080e785b7cdc6b8150e9572f3fa1b1d34,0x0,11645674
0x8cbecf5a267aa3a448e99cd5cecf5768435cbd264f7d441e7ae1cb3c5ff28d0f,0xbf03076547a99857b796717faf4034dea94569df,0xffa7535ef090c9193f44399843a05b60808ffc0d,0x0,11645674
0xa4e5e39e74e9bb528aa770df6ece91aa033cffd81e9d1400b4e6d48200c041cd,0x2e2e491cc3797f228e06ddbdfb8f43630c4b97cf,0xa52c4170da956da2d270b4f52309657664e10819,0x0,11645674
0x1208c288940ab5ff7edef67d8c6dc4238f3360290d2657f6b5ed0eede84555b2,0xab9dadfdcda9faa47341b391708ab8d1d19c7625,0xea30c4b8b44078bbf8a6ef5b9f1ec1626c7848d9,0x0,11645674
0x905c347c7cd38a520905238aa393dac02c32b76f1daf3d77fd5f5523de2cc957,0xfa1c1e7cabb5599c7641bd600ef1ea8d45eebdc0,0xb7447f53d34f89187760a9c567f86eef09f552f4,0x0,11645674
0xe70376779cdf7726e32f51df46fa06d532c6be290eb01a7c143e724792d39d09,0x5525757ee5aa22ad0a8a7b647a1739757d7dd038,0xd3830c58accd3e6eeec8cd5688be5b1d04a4dc83,0x0,11645674
0x071dc4aee423edf1c3b4fae8f2440de16e4bbbd4010ebbffe921926329865f71,0x9126f3f68f1411aea2ddc3820db4ecb557157872,0x5f2e83ccdea73d60af400e03f1cd8fb9eab07b20,0x0,11645674
0x8d672488e24bb645ed3315e69331920f92b3be937d468e7f65d693f4b32fe798,0xe6efe0cd091a5a846de26668ae434b81dc187a83,0xbca991f1831be1f1e7e5576d5f84a645e70f3e4d,0x0,11645674
0x47f7aac6bb11ee9d89adc2d790ca4f999e27a8c4b994c660b646eda726bbc20d,0x4d2f8c3b4052aca0360a50ae9b47cfc084cd1e28,0x90992fb4e15ce0c59aeffb376460fda4ee19c879,0x0,11645674
0xa2127605e5619e6b6c6e09f70b58a51337add961851935e5834c9eccbaab7204,0x90cb8cdfe1e1c27bfe437d69dd9995dc29590162,0x87a3effb84cbe1e4cab6ab430139ec41d156d55a,0x11c37937e08000,11645674
0x8444eac7d501152fe6dfde1dc3d4f73be8b159f7f65e8bc61fd68ed3a5f8d98e,0x0ac9e90703134cb02d817d15ce736fe990427f10,0x2bd57c3ca216f0d38b18bcfd14595f12dfb13c35,0x174876e800,11645674
0x08d8d4389755f64ba959fabeb15dff10ae3945efb68b843d60085b8d3e4b798a,0xddb968e5d31fd578115096f1e2be33bdb7f348b2,,0x0,11645674
0xa3ee2b074ce09da59adbd2cc1622a4ca046a0c72a039b3d48f9b93f28b9f8bfe,0xddb968e5d31fd578115096f1e2be33bdb7f348b2,,0x0,11645674
0x29683927ae4fb21d565883322c92f9c9bbbc687b1cf933296acd318786eceda6,0x3c838dec10146e36638c3f2f3d791f583903a9ff,0x73b668d8374ddb42c9e2f46fd5b754ac215495bc,0x0,11645674
0x34b831f9a259e14cd1b5c2be30aa36202081035fbeb4ebaebccd5672e442bb11,0xa2d68dc62ab2ae1359bde2ee827d96cd514bb458,0x87a3effb84cbe1e4cab6ab430139ec41d156d55a,0x11c37937e08000,11645674
0xa98871ab98c745b791082d5704f31927db91e4460d66e2e007f34dc9f3f07906,0x7542f9169f637d9af9365a163c524e158046bc16,0x87a3effb84cbe1e4cab6ab430139ec41d156d55a,0x0,11645674
0xf8b91f51df2802936355cd29c3efbe8a77c0f04492cb69e48032e8b9e43084e8,0x75daba36ee23dbbe378879e9ff00cb54a3ee3426,0x87a3effb84cbe1e4cab6ab430139ec41d156d55a,0x11c37937e08000,11645674
0xaf2fb702f4293174978ef93f761aeb84580c6f93213b6c0d2730c436e314142f,0x805a3703aa8b56842e433a15990d69ca950b8341,0x73b668d8374ddb42c9e2f46fd5b754ac215495bc,0x0,11645674
0x43fc33983f7118f2e34cb5d4cc3c6103cfc5d4e04bf8ff4855f4615f7baa1035,0xd003bc97d99a3ffc5d1b046950d20b340b1fa740,0x87a3effb84cbe1e4cab6ab430139ec41d156d55a,0x11c37937e08000,11645674
0xf096ed8656531dc4c15ce8c8bdf2e8ef4c07bf82ef4a126af584d8f7eadb886e,0x8a186ecddbcbbae2045b62cff3696f7f771c8344,0xea30c4b8b44078bbf8a6ef5b9f1ec1626c7848d9,0x0,11645674
0xabf221f34703a33c6b127f9ac58a1b03d8725a40e89e1c0be40ab30d14f2c5a9,0xa34ff729c816d25a8c12d8534b7c828fe0c05975,0x87a3effb84cbe1e4cab6ab430139ec41d156d55a,0x0,11645674
0xdd8fa99f76ed0abf3cda22e05bf01579f9b9230fda303dcde17d3bc3dff22245,0x805a3703aa8b56842e433a15990d69ca950b8341,0x73b668d8374ddb42c9e2f46fd5b754ac215495bc,0x0,11645674
0xbd78de32be1fb4beb15a8d32fdd7a8c4adb222d752e82adc3df61f1c8e5bf060,0x610f713fda8aa852223ae1f7d395f7a79bc6ca43,0x87a3effb84cbe1e4cab6ab430139ec41d156d55a,0x11c37937e08000,11645674
0x2757afc0d863936e906203133622741d40011ec38f4343789e2f32833107f3e1,0xddb968e5d31fd578115096f1e2be33bdb7f348b2,,0x0,11645674
0x9b42927fd9f9d1f47d1536f9bbc97a625ff86b7845633c6564248b74233c867e,0xddb968e5d31fd578115096f1e2be33bdb7f348b2,0x3729988ae1fa37702db5f7cd06a5836cb113ac31,0x0,11645674
0x2f9d4a161c0a3d6adf678312d526572320eac14274dabb025bf5b9ba98a7af74,0xddb968e5d31fd578115096f1e2be33bdb7f348b2,0x3729988ae1fa37702db5f7cd06a5836cb113ac31,0x0,11645674
0x2e95ff0d781bc9dfc31e67004d9facbbc15f2dc844d2cd427c5ddfaf03b7613c,0xf04862347824dafa12909ec039623f1bc8e63249,0x87a3effb84cbe1e4cab6ab430139ec41d156d55a,0x0,11645674
0x7a223d60d55488c36725c3a80aea8a08a66aae2b7701e1f541dccb255a9fea0f,0x7a450544cab038b0d510999a5bc71143fda2a246,0x87a3effb84cbe1e4cab6ab430139ec41d156d55a,0x0,11645674
0xe1f6de490f12547fe8be978fcfd5b71487f74b0f38c212ac4a99d4a3cf90295a,0x5ae1c8a172431c7fb2ee5ae78d5325eed42cdcf5,0x1a55dc4a015286f28f536786ccde1ca33a8ca166,0x0,11645674
0x3835a18f33fef83c7e1af62257d0640fcdf1d6b61299c3196568eaa09472659d,0x3a018ecc3479326ecdfb9f54aa8cd75adda1d7a3,0x87a3effb84cbe1e4cab6ab430139ec41d156d55a,0x0,11645674
0xa828dc76c4e1e0aeff3eee2d26e5b3373444ac405e73a2db60fdc4c717b606df,0x1b549f76e8eb146370fad8dfb063d884591f1b50,0x87a3effb84cbe1e4cab6ab430139ec41d156d55a,0x0,11645674
0x88d6b7c52a0645e3e14c7f075845e8b697eea9f93a4246d47c685a222ea6b0e4,0x8bd55152c3b67a6922df521006332bd1fc649f6b,0xe1487a31f96b4bb0013972bedc0e39f2fab7c500,0x0,11645674
0x12c149485458677bae02bc7f2632edc363003ec69aba21d2369c2f315b69b26b,0x8bd55152c3b67a6922df521006332bd1fc649f6b,0xd3830c58accd3e6eeec8cd5688be5b1d04a4dc83,0x0,11645674
0xdf9dd0055a756eec9f7e69f2ccecf62191590b80d3ace0df1845b47179fafe6d,0xd8cdafd8f796940dc2b5297ca0ce06fb4982e5cc,0x1c7d4b196cb0c7b01d743fbc6116a902379c7238,0x0,11645674
0x348c32393536ca99b813445f426083155716d95c2c6394bdf4ecdcddc12a6418,0x1f7afabdab2ed0e2e546c897253e15cdaa747439,0x08d2b0a37f869ff76bacb5bab3278e26ab7067b7,0x38d7ea4c68000,11645674
0xe7fbc9acb21488b658434de3519ae8e808ad9de3f921be06e68bf17889b829cd,0x5a9d2d754a74887bba66939062c177b765e1b6bf,0x87a3effb84cbe1e4cab6ab430139ec41d156d55a,0x0,11645674
0x167a5939e93b35c505497bd7e83b918f10a7395ec754cf70f68d2b5d7dabead8,0x3ee24b102887685d1a4a468d7673d978887c91b1,0x87a3effb84cbe1e4cab6ab430139ec41d156d55a,0x0,11645674
0x5f1e6127bd7d579f7a635d72d9355c3a5f6f9d8b74d2823fb9c13b6085c8657f,0x3fcfcd6917dcefbb0b2446dd5efa4bbf80e38f0e,0x3f7a74b441b80b88de01ad6a5dac19a46f0d0848,0x0,11645674
0x3ce8b63442ceaccecfa68bc0dd12a39b763c4310b666d015c2c771b98b93e461,0x30f5ed15e9e707abf136df3fe62d5205bfc233ad,0x87a3effb84cbe1e4cab6ab430139ec41d156d55a,0x11c37937e08000,11645674
0x43551822ee92a6013a65c95cfaecf6365915dbac4dbd4f5234122d5345d018cd,0x46565eedb0bb948ae787dd105cce300f736da28e,0x00000000005ad9ce1f5035fd62ca96cef16adaaf,0x0,11645674
0xd6ef0931a624b16225b1d266d87819226e6074607e8aec851e86ac7b1f761f6c,0x01c1b0a5aea01db7288e2615748d78f434b7d5b8,0x87a3effb84cbe1e4cab6ab430139ec41d156d55a,0x0,11645674
0x4af9c55379008798d8b772f6b153b983190f56af9df1a9bc907203b5b3f21eb2,0xf9aee4da6aa6139860212e3a610e966aa6b5a3a4,0xea30c4b8b44078bbf8a6ef5b9f1ec1626c7848d9,0x0,11645674
0xb8d93675c8fee693c825dcd9ea99a0ef714a1bd98907bd67325842d7b6c88336,0x525e5c12f6e347c3ef06a2706fbf2a51859e480e,0x87a3effb84cbe1e4cab6ab430139ec41d156d55a,0x0,11645674
0x945e843f34bff5dc852b06260768a01f73d0d815b6c23682b4e55efa6624f3eb,0xb71cb45443c2c4db3405ae2cf1f2c587fee3c4ab,0x87a3effb84cbe1e4cab6ab430139ec41d156d55a,0x0,11645674
0x45fc64abd282883a4ac4e25fb43cbbfdea1cafb67ba9b2506fb29398277db588,0xf44e820423071df6f18748cf93cf20f244a14d8e,0xea30c4b8b44078bbf8a6ef5b9f1ec1626c7848d9,0x0,11645674
0x049555fc50d92419f471c330633303d0c7a4440b2441b4cf2f519a93160c466d,0x1276148ac726b149f43449a2055270c8018d9142,0x87a3effb84cbe1e4cab6ab430139ec41d156d55a,0x0,11645674
0xbb618dfabcbf776fca1f831c1a4cea1fbdf29cdcc53ed178947ebe4485e5d07d,0x7bf967bcca900624b1a0013ec84a6bfce76a889b,0x87a3effb84cbe1e4cab6ab430139ec41d156d55a,0x11c37937e08000,11645674
0xe83cf83a7b19bc793184d06bf7f7786524277cda42c8d20bcba9b71e25a08567,0xf993151fad35b816664f53c71a8e48467ba21686,0x87a3effb84cbe1e4cab6ab430139ec41d156d55a,0x11c37937e08000,11645674
0x22bc0b897bc6ca537e9fc4e50c4567d2bd32c880adb41bc9d50277c8ed8483fb,0x7f3c05e7639d139d5c6a62982a1b4c90366b551b,0x87a3effb84cbe1e4cab6ab430139ec41d156d55a,0x0,11645674
0xe4feacfd9576b12571accdea95dc5a171457f0b0129d4ff27121a047e433a29f,0x207d430716d4f12e7e6d9acb39bbc73fd4cb4e1c,0xa73afb610ac79a729a393d679029fcf9618854ad,0x0,11645674
0xb5d0a892ba516f229eb1b5f35c2f7413afe291ed1608cd9610dc477eb867e7ff,0x0caa36c2aa464fcd5181ef02c6c95060bfc2f2d5,0x87a3effb84cbe1e4cab6ab430139ec41d156d55a,0x0,11645674
0x5429a21b02610884087a4b6c125a0c0108adfedd9032c6902c05b2dbc2f45f62,0x4c1547bc531aafa12a0ffc2f367ca50cdded3f19,0x87a3effb84cbe1e4cab6ab430139ec41d156d55a,0x0,11645674
0x32b195e6e9030b0e56bec06a66cf7f4ef27a1895f2666137106384e085c8aaa1,0x25c87fbab7bbb7c42e35421171d92ffd4f1a7b66,0x87a3effb84cbe1e4cab6ab430139ec41d156d55a,0x11c37937e08000,11645674
0x44265cea7282d9fea0f2fb625c5016ee9e0e670ba4e9a180f6d14a1cc254f3bc,0x0816485bff8571d05fa81fd6089e2d91ade4d618,0xf8344cfd5c43616a4366c34e3eee75af79a74482,0x0,11645674
0xf8ccdcda8a3f3ed26d1c0e2e1af861e2d16a382bc212353acf34f62d12daf463,0xf6b2b203a4f1203ea4a7aaba52e2cd4127642dc4,0x87a3effb84cbe1e4cab6ab430139ec41d156d55a,0x0,11645674
0x4887b1f7d50e595ccc2c3ecc098a0f50dafb9621097425fb82ead277763c615c,0x125aadcc9897e92eb00b82a17757f0a821081ac6,0xd3830c58accd3e6eeec8cd5688be5b1d04a4dc83,0x0,11645674
0x57f4c25c04236b4cc2fbd41eff4657850bb0b51a693307481e65141dd1426d58,0xdb9de209c276e14bd36aac18a1f551e09586e8ba,0xf8344cfd5c43616a4366c34e3eee75af79a74482,0x0,11645674
0x6abbf0506db6e5473179e255450aa4f6fb27c5583f2fe8af817687607a6064e8,0x99ad6e8ba1512427e2a1a166a4701c7d424070a7,0x1685c610007a33a25ff6e5fb00aa8e570328b505,0x0,11645674
0x5a5cc7f03f2d4aaebd0a70c811407b340759f1115765f1c81899d029f134cd99,0xb4362a8b27efa00c4d61f6bba590dfbece7649b9,0x735496bb75a4ec91faf9a1cf61a2c2325168e8cd,0x0,11645674
0x79e1def013307d89283221ae644aabab5490ca1b918592d28e41db199e449f23,0x7b62390c823a6a1fbccc3a3cd6fdcf194c4b40ac,0x8e91a2beccedacf8204be71cd23b37f2d47583fb,0x0,11645674
0x62c28f05b4aca18e9f38728d26abbd7eed34bc89b472b4490043d5215c1c309e,0xc0ab267b1be249fa5c04e1f9e3b497d38da0ea1b,0x87a3effb84cbe1e4cab6ab430139ec41d156d55a,0x0,11645674
0x4f367aa3225c536bd03b2c3896338bccf56fc25731179a05b59f1b57b7726432,0x4a12c12843f469e9e310193a32d9934c2bfa0bd8,0x87a3effb84cbe1e4cab6ab430139ec41d156d55a,0x0,11645674
0xc6d53554504fd1dcc1b37a084e7d7d242d86d32c4d90327a26a673fca76a487d,0x3846d5cf02ed328c9abf483a6075437b2a3b3720,0xf8344cfd5c43616a4366c34e3eee75af79a74482,0x0,11645674
0xfc7fd72cde98cfa07db7d7e5471b4f9865eda0337eee9e349d3b352596fe2a6b,0x4e2f9b15dbedd27a8899913282681b51b129f8d4,0x981bd059a764c6d3f0eac0f873bc8e3aeb6391cc,0x0,11645674
0x6f48413ea976149ec9b34c816d73eabed898423018a40a1735cf4b4448c53e3f,0x012648d5a89feedca66ee24fb2ad9f0ba095ae1f,0xee567fe1712faf6149d80da1e6934e354124cfe3,0x0,11645674
0x17b3be36f07f59870a0631c70e1534937b787c133c4ee19dbe2a71ce0ebe6538,0x931bc5434ea46e426fbc54241b3995e4e83b2fe0,0x87a3effb84cbe1e4cab6ab430139ec41d156d55a,0x0,11645674
0xfcb907787375a4559c1c71ed52d2c83b21544dad3eae850a3f8da5dabed338a6,0xdb9de209c276e14bd36aac18a1f551e09586e8ba,0xf8344cfd5c43616a4366c34e3eee75af79a74482,0x0,11645674
0xd878673882901cc689d445b55c3c3a01634129d3d4bbabe66d900d35e2d9e356,0x065def72621cf2fc1560ec79958e059905339aa4,0xa73afb610ac79a729a393d679029fcf9618854ad,0x0,11645674
0x65680fd858b9a18a0d47a272480c6e03e995af05d4e0a588a9f619afb97605c9,0xccf2b0fdc1642e2876a4050327ad0b431d4e9b69,0x73b668d8374ddb42c9e2f46fd5b754ac215495bc,0x0,11645674
0x3aa4e3333e9b95980bea8fe6fd37f117c99d49ab22ccf8bd924976336fdc253e,0x670c6144d02ca65d0a53ddd57dbb99ae1ef4619c,0x66a844f8f451e861e95121fc4573f79cfe541048,0x0,11645674
0x1bd98b5f4233c9bc3cd99e51d1921e9f54be3e57055663a9afa2809bfd706097,0xc903169c4b7c479e68aeb301fb74eb042887a7f4,0x66a844f8f451e861e95121fc4573f79cfe541048,0x0,11645674
0x75bbc6977a8bccc741286bf47a06393578860d7407f1be63cff207a90c437cd3,0x46fc07178ac6f02f41a706344fb7712f397cae48,0x73b668d8374ddb42c9e2f46fd5b754ac215495bc,0x0,11645674
0x96d3a55ed65ad6f75bcb7793d4cf68847a8ca9fc2c195526b26ecec8cfedb454,0x2b35426a5c40e405dcce87db4495fedda3939fbc,0xb2d93bdbca037cd71c070368ae59773e83b87bac,0x0,11645674
0xa90d69d1f36068e580a3040a0f2fd7072854e6f30c0bcfd975525a5fc15ee9f5,0xccf2b0fdc1642e2876a4050327ad0b431d4e9b69,0x73b668d8374ddb42c9e2f46fd5b754ac215495bc,0x0,11645674
0x27822a36e6cdbc1bcb8b1802af7a46d64b1bb55c9fe0dff0dc0634d9ab202bb2,0x12d95b0d933076dfa65a64644fe8ff0eed519f79,0x87a3effb84cbe1e4cab6ab430139ec41d156d55a,0x0,11645674
0xd6471d7bdaa5d6d7fb1d32ed737aa178b25d6367e57c13929f6eec739e5619e3,0x583638f9bc98fedbfc1413e8644389a76da06a15,0xdee92917d199744721a406d4e1983d0b2a406079,0x0,11645674
0x96b0f4b1bf8036f6e255c576d6430be7759cd49828afd9cfb548af7129495ae9,0x3b4fc970684a1fd994329c6a15ffcfc1633b8dfc,0x66a844f8f451e861e95121fc4573f79cfe541048,0x0,11645674
0x4270e87a7f8dc0702004040c57d4d67430e424413b07f9c977c407656e0de778,0xb7bb02087e1bc099eb8c83c5ef448c94af713b89,0x3c3236b561ce664578029cec2305fded31ca4786,0x0,11645674
0x6d2d443af29339013dc82f28f9e136ef3ec9dbb9debbf0ff84e5c3592d9c542e,0x2a94eacf637b9d27e3d27fd76cee0d331bc7a701,0xf8344cfd5c43616a4366c34e3eee75af79a74482,0x0,11645674
0xae87b7791de479abf9fd08b5c2a7498dfeb881c531dbc365f4cfb72b628a5aaf,0x3c838dec10146e36638c3f2f3d791f583903a9ff,0x73b668d8374ddb42c9e2f46fd5b754ac215495bc,0x0,11645674
0x41011ab5e9158d64dead16738670a998bc2be4998820725138cbe19eabfec54b,0x92f5c7f79a7db24e87e94b8f3098e85513a04eb4,0xa1f78bed1a79b9aec972e373e0e7f63d8cace4a8,0x105ef39b2000,11645674
0xf9485843614f78242c67b1301d7a3f97b98456fa523a31a3c044ea02c895029d,0x5525757ee5aa22ad0a8a7b647a1739757d7dd038,0xd3830c58accd3e6eeec8cd5688be5b1d04a4dc83,0x0,11645674
0x577f1014b746e69638ea6a4a0b553e531adc2cdb9fb4c46f7fdb75d28ea8dedc,0xeab63a220618df473d8322dd1d9115509b6748bb,0x87a3effb84cbe1e4cab6ab430139ec41d156d55a,0x11c37937e08000,11645674
0x04cc9a2b38a734890fe870c44cfd33914e995a0544ef1106ee78d074878cae05,0x48d22f52b50480a489c38fff906708818ad743c4,0x87a3effb84cbe1e4cab6ab430139ec41d156d55a,0x11c37937e08000,11645674
0x1bf85a81a2b54e066f08d571547370b4a36c9a6d9c2d0c0b9a4780b6e7f78987,0xc5bb525c2f69a71d7b12a28649cb0cb4059abac2,0x1685c610007a33a25ff6e5fb00aa8e570328b505,0x0,11645674
0xa9e836bf4d64f867e88662883453a55540eb39fb37fcfc0e8c0873c8c000544e,0x39fecda149365b88f4e02fce63c42f0dfe3c3a5d,0xa1f78bed1a79b9aec972e373e0e7f63d8cace4a8,0x1599ba503c000,11645674
0xeef89470866ec50ecd10dcee2a34d07fbccc0fae062b03ddbc1905181706be55,0x622bb7f45030b89bbecf024190553e2c05148e97,0x87a3effb84cbe1e4cab6ab430139ec41d156d55a,0x11c37937e08000,11645674
0x3aa4831d74db7692c8d2fd6ff4f24cd61bd1a8ff03ef78fc81117d7e00fbb044,0x3846d5cf02ed328c9abf483a6075437b2a3b3720,0xf8344cfd5c43616a4366c34e3eee75af79a74482,0x0,11645674
0x7ad42670606b8b88f2174a1b2bb16e499375fa93e308cabd8f4395507d6bdc9c,0xd8783bda4d4ea7b1fe94d3bded671d87173c9d09,0x1685c610007a33a25ff6e5fb00aa8e570328b505,0x0,11645674
0x89326e8276ebfbbe013cdc4ef2f4c9af6d2358a2617cbf22a83105c69ff15ece,0x0bd3da91d4608980378e0b453841847f5d37d083,0x1685c610007a33a25ff6e5fb00aa8e570328b505,0x0,11645674
0x2787739e605410fb4126eee351c35cd9a38727b142c6237c6ffa3180996355c2,0x3627fa847804c523a2866eb49a54e40110001956,0xe787c35f6a875567409c4970ba7b41a0cb9d1b4d,0x0,11645674
0xc51a1ba6b48eaa7899286789ed87b15ce12b0d8e53402491d5b9a165760b0f7f,0xde043f135db8dcaf46219bd612ff9f53fff5cb83,0x87a3effb84cbe1e4cab6ab430139ec41d156d55a,0x11c37937e08000,11645674
0x0f80f8734e52b468d71c8abbfe1d4add904c59a1fad1bff0c1f55b240dcf12fe,0xffb48de4711cb0431d14869fc1e0a0bd5216d5cb,0x87a3effb84cbe1e4cab6ab430139ec41d156d55a,0x0,11645674
0x5c3995b2e2da589a7690ac710a8dd2060a8535cf1197673895f8ba2047919419,0x2da0fc66c0b36bb1c187a6f2601cb872ad123f8c,0x8cf7c7afa3457343cd8c3950498a0eec6dd0e2fd,0x0,11645674
0xdf63e27802815c6386da09e23a6804be06cfef83a53e6b469dcb0ff12f1e1bf0,0xda22c80eb66b3fa3055c9271c478e1a3eb54ccce,0x73b668d8374ddb42c9e2f46fd5b754ac215495bc,0x0,11645674
0x178492c6b5058b86450cd0bf2f0ad52a70f0f5e797ad19bd0ce73ffafc06e6aa,0x8a161fbf689b0cad9eb14d257259be0093042ac0,0xee567fe1712faf6149d80da1e6934e354124cfe3,0x0,11645674
0xa4662e8cad5d16c52759cca94020445e1e64e17ac9a83ab58c5ac325a5a76f96,0x3f1a83d9f0896b3d022c69c094b4b9d430287274,0x87a3effb84cbe1e4cab6ab430139ec41d156d55a,0x0,11645674
0xa70ac927dece8b309c9d1f523991ed2ad70cc14163378ace97573d8a906e4e8a,0xf2de0712e76d0909ea1d969f5a244800f094c0ff,0x05a247d8345696cb194a9a4c4f3788b385b72e66,0x0,11645674
0x70be593ce8e483eec4a53562bac73ed56e17034b2bb472bd45f384f3d2fb506a,0xac802af530da16ad9a9029c388a7ab18b4135661,0xe787c35f6a875567409c4970ba7b41a0cb9d1b4d,0x0,11645674
0xe5836c5709fd4508497f353f2b8486eccc28b545b0aab7dffd4993c54d45904e,0x2a94eacf637b9d27e3d27fd76cee0d331bc7a701,0xf8344cfd5c43616a4366c34e3eee75af79a74482,0x0,11645674
0xe7e5e6966d6fdccabfd660f41533f4d664b9e2bef997389e9eac1b4a99241768,0xbc1cbd9a9d6d34c7fda9490e4c3c70e41cc43bd0,0x73b668d8374ddb42c9e2f46fd5b754ac215495bc,0x0,11645674
0x0a5c25c0ff04a65cd8983bdaa1c1fbc855aa4d57495da1c54694fc17e5e62f01,0x6f6be62530c67a0267b3f5577057aa91f8164a22,0x87a3effb84cbe1e4cab6ab430139ec41d156d55a,0x0,11645674
0x653403e7909f59da56586c68ae1d5883f1fc141af00fe28e3fcc557f9a4b8e5f,0x9a2bd7d90a9245b1d971a93548e917f9f061e1bc,0x87a3effb84cbe1e4cab6ab430139ec41d156d55a,0x0,11645674
0xc899846bf1daa649d991d3bee40b396dfbcfe418abadb2cf51059d29dc9cc9c1,0xb837d73676b3d5fc167ec59d0b5d06418f3880a7,0xea30c4b8b44078bbf8a6ef5b9f1ec1626c7848d9,0x0,11645674
0xbd101e2ed104b92fbee20b01badb8b001d283b452a44b3e7cb7ccd16f037e84f,0x25509a8c23b6ec84d181df48700944e50f424ee9,0x87a3effb84cbe1e4cab6ab430139ec41d156d55a,0x11c37937e08000,11645674
0x647c54e0a0146c28f9c91bc55eb12d7c4888da41a13c3c6bf1191f215232fba9,0xf554cf4613557f3c01c977ad9397edff0d3feaa1,0x0f93e5db6027b4fb1c76566d24aa2d2e417faf52,0x0,11645674
0xd406442ab05dce8a1f0a8419313461cbd6e9712b944a3ff2fe8d88acdd6e7727,0x670808634b0481a6e363ea04a2cf99f7d10b5b5f,0xf112457d9faad662b0b61f73471271bae48a7ab2,0x0,11645674
0x53f5102bb7409cc05ef14abd77dfb5ec88215e1d41d0d8455c428dbd377add88,0x34e91abb72856581117fdbf9c90fcdfe73b23580,0x87a3effb84cbe1e4cab6ab430139ec41d156d55a,0x11c37937e08000,11645674
0xf6dcd0bbf48c939c8a3a2dc716712df8cc90e939da5d98ae960bfe66408d96a8,0xe24f4a2e0a2e3b9842864e7c9407aabd00772459,0x7b79995e5f793a07bc00c21412e50ecae098e7f9,0xcbba106e000,11645674
0xed2f6a4c11613b7d2958ec64ce6c1d36a95e95482855636072f97c0bfd41e4db,0xa7894b5e7aa92e3084c674d52fc6b7143042b9e8,0xa1f78bed1a79b9aec972e373e0e7f63d8cace4a8,0x1f28c7214800,11645674
0x4dad6608923978b0c7896f73a724b8ff761e26130c5471adaaf9805eedcee538,0x677d1dda46697c5d568a4f1cde93517cde3dd24f,0x87a3effb84cbe1e4cab6ab430139ec41d156d55a,0x0,11645674
0xf30159be9f222b51850947fcb886e7f60631f9a66fb60eee9d26b8cf65e7e428,0xe1b9838b6264e0a8ce48ed06d0c8d7d3fa4d9d8d,0x87a3effb84cbe1e4cab6ab430139ec41d156d55a,0x11c37937e08000,11645674
0x83f61abdaa387cf1b81835b9fc4143665674457249ed2796a728d4e8fc513c24,0xb0def09069d788b059997990fe7efed5418b6893,0x1685c610007a33a25ff6e5fb00aa8e570328b505,0x0,11645674
0xe6f3e762f71f8245339c5ff3ea62c7ebaee4e648e40288a3f2ae9f6f7f6d1f7b,0x0fe690d1b3188bff8bf8c4d5117b4fc188277cbb,0x87a3effb84cbe1e4cab6ab430139ec41d156d55a,0x0,11645674
0x7394496f0315807510859685be195992246e337f5eb5b072fefe887894b90370,0x8f899fc8e71d444813bcc0671f02ed780073baf8,0xe787c35f6a875567409c4970ba7b41a0cb9d1b4d,0x0,11645674
0x2c2117d0910fb41e5f5b67aeebac382ba77d955782f702473799a6646b08f9fd,0x514e085cfdfc8fefd8cfd011daf5f8c5e5e27d58,0x73b668d8374ddb42c9e2f46fd5b754ac215495bc,0x0,11645674
0x26c79eed13af352a8804527c173c610bd04bc8aadb6ffd2e8870f94776e7f5ca,0xb2248390842d3c4acf1d8a893954afc0eac586e5,0x6c97864ce4bef387de0b3310a44230f7e3f1be0d,0x0,11645674
0x461c77387afc66a5455eaf36951b21ca803cc82cd74804292d71fddacdafb238,0x1d52c466b815bea1b319dc44a57886b2c808889f,0x87a3effb84cbe1e4cab6ab430139ec41d156d55a,0x11c37937e08000,11645675
0x4b8c5bed73301151c083a028acc57cf845e51e0b258e5ff869a2f2f552ff9e50,0x941604790863b692f6f79474c5264d0fbdef89fc,0x00e71cbcf7e567977524993751ebdd088dc39ab7,0x0,11645675
0x806f143e6fa831af5f9817ca604c8aa73d3d4c7248cfcbab111a5dc448d97a6e,0x46dee90e70e49fb3efd83ca9b3249fb490631b89,0x00aed28667cc89d32e8b758f95e0b521afdcb876,0x0,11645675
0x5d15ae43e21950e92a2d2c82292ac14e082edc894ea3ba37e1a6e5fc791d4118,0xc49a4a007cd20a824ddce14104acc15e3c418e81,0x009707a5ad544afc320593d990574858a698b88f,0x0,11645675
0x7ba164dc741c2d861182ba19e52c78eccf4efda43b64bb4d7d4b25f517810e58,0xdfb9912eca762612b164001aa8adb531906060fc,0x60e8f2b6f4ae6cb53b034ca892e520b32ec129cf,0x0,11645675
0x2085e87c62e53c7f35a63918d3b4e2e3c1e8c146ba64529c43889c1d55513949,0x1c8faa81d413db62dcb84d83d2843a6e36684a71,0x4c1f6cf8cc9864243866342d501c8d5e6769d683,0x0,11645675
0xae093572e198e59e7a34fea76d89c783b24288a844f647c053dbd0915e4a6118,0x3e8c69fe4f88bb8418661a85752acd0cd04216c6,0x0c88262f03b183dd183c2fc7a78578dbce1e664c,0x70c6fff3c000,11645675
0x9306b10f00b5c5c138641c7115a172c270ca2b562d444430973b9708a24e883a,0x00482a63f8e7708eb212bd9f7cd15e4cf8b68618,0x5f2e83ccdea73d60af400e03f1cd8fb9eab07b20,0x0,11645675
0x1941d407afe93de14df2aab3815ecb234e24e5e3b11466ff5e96cf6468da7df0,0x43370188473a398394e4ba4a7c7cbb2c6265e22a,0x5ff137d4b0fdcd49dca30c7cf57e578a026d2789,0x0,11645675
0x3b88dff41282166023ae3eaf5d4026ecf7c651eab0a32004275f3665d0aa298f,0xff594efef3652c6c620976334952af0d8bc00fc2,0xa1f78bed1a79b9aec972e373e0e7f63d8cace4a8,0xcbba106e000,11645675
0x214e2afdebae16583c89d0d84d20b244288160c7faa9b8edc08587aececd05a6,0x315e5193633a962b3f369f9c3833d973d0588ccd,0xf32e24b7f739c7c17544cb972833ab551121a72b,0x0,11645675
0x98188f15712f0dcf55105cafc8d8db21235cd49c104c188f52f531185defdc97,0x851a48a2380d7b8adb349757c4557a02113a5f6d,0xea30c4b8b44078bbf8a6ef5b9f1ec1626c7848d9,0x0,11645675
0x74e218056cfbc49ef303e1befa843a790d2c12984d27f4c6ac672ed57e1e652f,0x21e30474071697cadd15ef073b56bee97973c645,0x87a3effb84cbe1e4cab6ab430139ec41d156d55a,0x0,11645675
0xbb579dcf88f69edba3f55111a3be3737eb2a775b6c7f3686f08057bbecaf35b6,0x727118de743654fff8cc2de7d09de605d4d977d6,0xad95827a575398307fd21a944b30e416ce9981f0,0x0,11645675
0x80b10a60173831c79dd670a2be6f0477775bdeb96b1d269fa13349f6eb64dd09,0xbf93a265332a2d01569918a9e2af4f20a32e9d7b,0x87a3effb84cbe1e4cab6ab430139ec41d156d55a,0x0,11645675
0xd4af4095cbaf2a24cea370b6995231f99df152c6d81f97966b1c9e0d2b7ef3da,0xef1c614b187ff2860031dd10fdf6fbb80ae6338f,0xe787c35f6a875567409c4970ba7b41a0cb9d1b4d,0x7fb0466dd83d,11645675
0xfec99db756cc5229c6f9aeb97cf7111ff0f08b62c144f893375538f96828733e,0x2f8e1176ae8ce0538fbdcf4efd788664908b0125,0x2bd57c3ca216f0d38b18bcfd14595f12dfb13c35,0xc6cfff00,11645675
0x09275b3f2ed6bfe4123880114d4c33c357fa19f26e6820ade09b0eb32daeebf8,0xb7bb02087e1bc099eb8c83c5ef448c94af713b89,0x3c3236b561ce664578029cec2305fded31ca4786,0x0,11645675
0x9e6954b35c566e62edca043a6fab9e0085964d8cb26e910ecdf1b1474ca6bd09,0xd59c3b6f4ff9a4759894bcc2c6f47df794ea5a87,0x3b37bed1c38c6283a56e60340fe813c0bba031c3,0x0,11645675
0x42c5386fffbcba62f1466b60c3324994aeffe8b60e74f8bb293bad6cc572bfdf,0xb4362a8b27efa00c4d61f6bba590dfbece7649b9,0xf4fc804388211949b56b166281b2b86879b6278e,0x0,11645675
0xadae0c08edb55be16f1dd9bf0617ec504c9e15194ddd56e97f637b1217094197,0x53ceb67cd404adef71e0131c644a3a03397a137b,0x647de5b6db7f4a3e0e1f4d9db478b86b7b430248,0x0,11645675
0x5e171e406bbec0cae05dc0ced24a4a42f9293eb1f2e3de157e3e540851ece18b,0x4a4afb35557608a7470c9da71f387e9933a1cb4e,0xec3ee228c6287a52ced04b4521e61c3dba106648,0x0,11645675
0x7c7371f31d520dfab184c85d4a62212a5eff1f525140f8f4a2a2a9322527bef1,0xfe5b64ad5290db4d190192c91d74f80497d2e1a2,0x96013716c64ff23c97c60029f8af503255765fd9,0x0,11645675
0xf2a1ecf4d3ccb933d77bae4246566f40f2bffa574378b4e3ec843f8b2f52cc08,0xbf4f7f85acf0bda476aa86035541123285d9b715,0x60e8f2b6f4ae6cb53b034ca892e520b32ec129cf,0x0,11645675
0x5cde362d2b0d3ee1370f1430d4bdcb3e26f30e8cafe03c6dd5db5f4638aaf923,0x693020957af707c1a9fa127bb44ac9d01fd6f862,0x87a3effb84cbe1e4cab6ab430139ec41d156d55a,0x11c37937e08000,11645675
0x9a041bb134927ca9a1b0a0b12bd1587f3f381d787916176619ff80bedce31f67,0x721dcf8451b6e0f3fe4e957c6401fdcb2e97c770,0x08c495237f07c267b43be875a1b616a486590ce4,0x5a0c02d6f89e,11645675
0x3419c4a0b30cd3bc0c381adc19d2cb0a481d4a95796c0d9e9ddc19048cac58c0,0x3c838dec10146e36638c3f2f3d791f583903a9ff,0x73b668d8374ddb42c9e2f46fd5b754ac215495bc,0x0,11645675
0xf668d924478d3de4f489d03d5cc3b93c74618b807dbf548f00228184904bc04f,0x88132e09ae7e2738bc0b2e2c6cf57a7a16bf77a5,0x803bc3291b79c118eb6a8431a42b9946bbc4ee36,0x470de4df820000,11645675
0xf99c182ed8cbfea94426c3a38fea040ff1c80a2c9158bc52b7043d1bb052d1c9,0x11814064d5656c721c216832faf5c6d00f4c5fe6,0xb66f21dc4e6701d686dee90c3c71b03d8069c844,0x0,11645675
0x03b733f167a1fd0b802539b0f8e88aa082c7963b46193ac32758a6be98dc5e91,0xea5c8f6d176fdfe807adeff83a3bdb3d8c0cf4fa,0xca11bde05977b3631167028862be2a173976ca11,0x0,11645675
0x10944b244e15c3168fd71286dd17df3c80682f99ce66e14238c10427b91fec9d,0x70bf9f8bf1e00ed86bb9cb40d4dd427a901a6a1f,0x66a844f8f451e861e95121fc4573f79cfe541048,0x0,11645675
0x6ed0c0fbb0ac06d11fcc60c11419ac79abdf3296451259da8afedee16ed10cb7,0xd8d3518701bb08baba3413d30e8cd32317c0e3cf,0x87a3effb84cbe1e4cab6ab430139ec41d156d55a,0x0,11645675
0xb0947b8f403a14ef208c12706631c3a248af35e2060282f1fa7ef3ea95123a0b,0x27a88b8846882507bab868974805339d4c438667,0xa73afb610ac79a729a393d679029fcf9618854ad,0x0,11645675
0x3a6d92620c3f937b166108b49f3415a7115e4fb9f7fcc9ae4fc9796ac7d362c4,0x280db72ffacb24a712308adcacaefcf8218254fe,0x45e3a5c20d63d9c5951da48603b5d7fc8b5029b6,0x11c37937e08000,11645675
0xc1ae6e641f322aab291e407c6e79070d6aebad4e09dbdc2891ea447977d5a29c,0x81eb61876767343e420c69ad9d00c2112da09898,0x1685c610007a33a25ff6e5fb00aa8e570328b505,0x0,11645675
0x3dd0c561c19ef49c8c310cf6bed9bf692d69a8ae4e0675ef28bec0783c10a495,0x1e0fbf7334b631769907ff22da68741e8ad6cac7,0x4b365c2568dabda5fb4e2443840390f1372b26ae,0x0,11645675
0xf086b2aabb725f2f249b96b8dbb03180951a1671b84d7a6c028a2248db465733,0xba000521f2f8507de29557f736d93f23f39a830d,0x66a844f8f451e861e95121fc4573f79cfe541048,0x0,11645675
0x29c55095f39bc0dcba3b1d919ef7f4bb4467f5d0f17221344891d16f61b95ebd,0xdee835dfc2417e8d84278af6acc8a998acc8fec3,0xee567fe1712faf6149d80da1e6934e354124cfe3,0x0,11645675
0xa0e864a4e9b8249fd97c868f3099467a586a726fff34b890a55de5a608a684a8,0x2e2e491cc3797f228e06ddbdfb8f43630c4b97cf,0xd2f9b28ce16d0ed8ff2cccf638f0484b2f6508d4,0x0,11645675
0xae9c0192c8bb39c09c0d1ef7d731bf72a0419d190873c101902e1775d9197eee,0xa17cb6adb58277e5b4a44b8c1ecb449bb6614e87,0x5af5194b4b0909eb978e3cf1e25333852277f07d,0x0,11645675
0x37e90dde938c135c71bf63706e6008b76e8502da8c1d151192c2de9140e546a4,0xa6833e47ecde4abe93cede5824a03595097cd592,0x2bd57c3ca216f0d38b18bcfd14595f12dfb13c35,0x952839be4000,11645675
0xd9f0f4b17a2da9569409ea7e4acbb0e2b6c48391c889ddfa78408f2c694e3077,0xe36c7410db7057b6c17bd4c053c5a74013f26b28,0x77b2ffc0f57598cae1db76cb398059cf5d10a7e7,0x15b85b203802400,11645675
0x977753d6dc5d70a75a710f6ff201b041bb6970219e16a22a7e8de22f8ad85f9d,0x87ce00cb8bc3d4676dc91f7e6ac7cd863c3ca853,0xcd9c787a3d917d625d2d8a982618121b5dccf36a,0x0,11645675
0x5969d98f91cd1b8d9d478aa492d9849e8d38d78ed1f4f043d553747fa1a84ba1,0x0caa36c2aa464fcd5181ef02c6c95060bfc2f2d5,0x87a3effb84cbe1e4cab6ab430139ec41d156d55a,0x0,11645675
0xccb382294f6f5f387bd6b457b83b5f491db7c959feec9aed7c075c3123afac09,0x6f3bb94eebb547d7cca02512719cb61c5176a9ca,0x8bcb1d28a87afeb60f05d1528443db34f1939471,0x6a94d74f430000,11645675
0x330a2a7e0958533c802a2d0015f387cf29248f53763fa394dfc018611bc4fdea,0x492b5526aff7fe1a58cb4c9ce923e5903ed02f8d,0x9f078613b320ef53a6239f69849c53f6906dbd25,0x0,11645675
0xeda01b276f58e61b4b66f4f9f0db866e65743d875c3c4eb9f202bba991932793,0x07349cbbea45449659e59e3b423a7fa8a6393033,0x60e8f2b6f4ae6cb53b034ca892e520b32ec129cf,0x12309ce54000,11645675
0x1ac81c84476b5d8a9b6b3ec835a025e908b367ba0d0b68ca0cff3dd24f65efb0,0x4d0544594c38fb4922c86872fe6a8f43e18e8772,0x87a3effb84cbe1e4cab6ab430139ec41d156d55a,0x11c37937e08000,11645675
0x1956cee6b8198f3f97c991c793eef47486f25821131679242711388bbb07257f,0xea60a7f1f3d68ba8def48f3a2007f84116e90ea2,0x87a3effb84cbe1e4cab6ab430139ec41d156d55a,0x11c37937e08000,11645675
0x8490bd7fa194910d8925e64b5f7e11c8b17e99393f82140f916c734ce6351783,0xaf026e42f5f8a0dde581bc214091219b8f4a5e6b,0x0000000071727de22e5e9d8baf0edac6f37da032,0x0,11645675
0x8691e6723c58658b6fd92b2a2cb0ef2bf5d88f0c6ab3d97ff597c8a1cf26e2ed,0xd8cdafd8f796940dc2b5297ca0ce06fb4982e5cc,0xaa8e23fb1079ea71e0a56f48a2aa51851d8433d0,0x0,11645675
0xe00bffc1884c7af5d0e8973f89162b321da0ea4b6f91211fc3ebdc1cf7662ecb,0xbad9cf68aaf7060edf520c298dcf07307a8faf53,0x87a3effb84cbe1e4cab6ab430139ec41d156d55a,0x0,11645675
0x4b08a06102e195ceb7f44bf3c3c7e15a181362e64d6400324254f61c929ae3ff,0x0ac9e90703134cb02d817d15ce736fe990427f10,0x2bd57c3ca216f0d38b18bcfd14595f12dfb13c35,0x174876e800,11645675
0x732b403e6c202c282d5bca3c6290554f65d589541483a2a48a4493b940a86717,0x68fd34dea783ab0ae18b940477bd955eb54dd384,0x8f6eb7870334b1fd8006fd52413f01689f4e57e9,0x228f90806000,11645675
0xb58f0d3ec44b8776262b70a2aa3420a06356c45dcd54fc0126c094e661a67e87,0x7f3c05e7639d139d5c6a62982a1b4c90366b551b,0x87a3effb84cbe1e4cab6ab430139ec41d156d55a,0x0,11645675
0x76a87d9b5bfc7533b64cbe3365e5c0880a38e5f8e2585ab5d58f626a31caa083,0x50c52a15135ac5aae2fecccd05226d38cd92e2d7,0x87a3effb84cbe1e4cab6ab430139ec41d156d55a,0x11c37937e08000,11645675
0x32f702ea32a0424e00fa7058ca8c9bff7e60c22d36aba21457efc5260542926a,0xdc8dcf487a6421a2a2f268607a28f95522fd9ec8,0x87a3effb84cbe1e4cab6ab430139ec41d156d55a,0x11c37937e08000,11645675
0x410a279b1644b61c0a567a8c995821560a8aa6142e1c135a67607f573aa6cd50,0x376d5a418734288359e04a0086e647281f8ef78e,0x2e16b0b60866c98f37f9ada84304b119c683de13,0x0,11645675
0xc03551f0439bc8420eb47b7e13c7214e505e378edb2ed7b43b2246ec9f55e5de,0xe32a96e9b408393e67546fe0ad6a998d8d20b3bb,0x983cfc9eaa1ed9a70a1be2b293a9cd64520b7a9d,0x0,11645675
0xcb42939489195b1e5a5eda5398348d8f747661c2ff1dae0c8f4a308c20e259fa,0x5ae1c8a172431c7fb2ee5ae78d5325eed42cdcf5,0x8e166d04743c845321b1fa48da91e37b921345e7,0x0,11645675
0x1f952b792bb72f68bf216b94ba10eb5a7771af9d9ab9f82ccacac7f5faf829f0,0x159ca92b12f67e5676d82c238f4906692618a555,0xfd66cd1ce67c056edb5a3318a5b158c43bebc442,0xb1a2bc2ec50000,11645675
0xe2b59a3483b87f08ba356c2a20f0ac2f1037e2f324af61a36a06dc863d6d03c4,0x3a86465adf16b1b2f140b9f631033d38fd748ae8,0xcac524bca292aaade2df8a05cc58f0a65b1b3bb9,0x0,11645675
0x9a00c3938bd54dc060feb5800435995c1c7e095c375197aaeb0f94dace3f8314,0x514e085cfdfc8fefd8cfd011daf5f8c5e5e27d58,0x73b668d8374ddb42c9e2f46fd5b754ac215495bc,0x0,11645675
0x7a0949ab4207125cad5a18d09bc385fee877b19b4e6e7103aee71bea6860076c,0xf6b2b203a4f1203ea4a7aaba52e2cd4127642dc4,0x87a3effb84cbe1e4cab6ab430139ec41d156d55a,0x0,11645675
0xb46bff1ec3fdf9853a381281fb6fbd2df5c9e28b110da1a6beaa5f501aba410f,0x733709d164192095f0b00b4327b4c6b15f0b4140,0x87a3effb84cbe1e4cab6ab430139ec41d156d55a,0x0,11645675
0x4f8b5cbdc3ae4033c7e1eb5aae4b307ed93f3004a6caedcde54b6dcfc9751394,0x2133ad035faba0a5e406cf89e732a21bb493ce76,0x2bd57c3ca216f0d38b18bcfd14595f12dfb13c35,0x107c0e2fc20000,11645675
0x36d1316b203aeaf13beb979316eaa984f04e0283f11a643cd8cd9c0ef9679934,0x1276148ac726b149f43449a2055270c8018d9142,0x87a3effb84cbe1e4cab6ab430139ec41d156d55a,0x11c37937e08000,11645675
0x31f9e7cf120e0c10e2fec16d4c0c901b5a5c76f9862a65e7cdce3f5e148e1ea7,0x450166b0befdf977b458f7131ce412808162151d,0x0820f975ce90ee5c508657f0c58b71d1fcc85ce0,0x0,11645675
0xf41fd3fec1e255116f5b7fe12d27c80c2425925b0605d14e3accd006721efa62,0x6f6be62530c67a0267b3f5577057aa91f8164a22,0x87a3effb84cbe1e4cab6ab430139ec41d156d55a,0x0,11645675
0x892a2538c28105c5fd5f9e16ce9b0076ae582b28293145d6e6b47a5be416c641,0xf04862347824dafa12909ec039623f1bc8e63249,0x87a3effb84cbe1e4cab6ab430139ec41d156d55a,0x0,11645675
0x7d30963f5478000ebd7a43fdb37e774d154950d783a4aa9018af3b30163d9dbc,0x9b4b28ad2fe3452a2e906f628b73b7c0dbd8184e,0x803bc3291b79c118eb6a8431a42b9946bbc4ee36,0x38d7ea4c68000,11645675
0x0e21aa64b8c20c0e65a4c8370226a4fecac109e141bfa37e27c83adf655c6cf7,0xfed6d16b7160aef0ff75503dbc7fe85fdb355ad6,0x60e8f2b6f4ae6cb53b034ca892e520b32ec129cf,0x0,11645675
0x549ef03bc147ff95e864176cd397a86ff227f05a4f30fd4396f474430203fae2,0xe0170f61621fab37a3f4fecb45bb09ad0d00fea6,0x87a3effb84cbe1e4cab6ab430139ec41d156d55a,0x0,11645675
0xc3ed07ad74404759964a302437568969b6d595e598e15080b131a0977875773a,0x216e9b3a5428543c31e659eb8fea3b4bf770bdfd,0xa3e36262f6899e27bb4b1802e8298e843e74cbc7,0x0,11645675
0xdbdaaaa627059d7507bbb551eb2d60e05979a850d347afc6a215dd1530486f50,0xcefa072cef7e77fe3529ea765aec683f8ef1f1b8,0x24f1e3048bae1ab9808a8cccdc4dc71597b94134,0x1e0369471000,11645675
0xcb04ce70de7e04b5e1f2edf1c72dc097ba4a2e147e2852f0b22f70cc598f8e65,0x5e4d2b33520d4d52567c0bae8719d2aad1191fdd,0x49cf980c26d6af2979e9dce8662cd617a037d2fd,0x0,11645675
0x0ce8838637f23ef7c9c205a74eab1648fbcf38159835ff31f9f44974f299d20a,0x09a5f3a2655f1d74bb0d251cb61d308779afb093,0x87a3effb84cbe1e4cab6ab430139ec41d156d55a,0x11c37937e08000,11645675
0x8fc1a92e57ff72485c8f6fe3ab7b6411f4245d306b7c8c846a3f59de7cbfbef8,0x03eeb73365beededb0b643ffe67d11309b1c08d5,0x25f78e485e7dcba1b97c43de0612465f68256f55,0x11c37937e08000,11645675
0x6b481ac59cf811697a426643ea49279e88c035a67152b030799901c5dafbf297,0xc5f1318db60c017b3f31075050f24f6775b1419b,0xa73afb610ac79a729a393d679029fcf9618854ad,0x0,11645675
0x1fc6e66f561794187f2b8b508f400515b608f292b6a67888839f4934158f7c23,0xf554cf4613557f3c01c977ad9397edff0d3feaa1,0xa0785aacf30b6fe46edc53cd8a9db1d94fef5df2,0x0,11645675
0xf1c2cfd228344c597b8987f05bc45b1bc51ab71f93fc0b269b27f5d9b9846019,0x4cbeec055a6a9674c296aa55f96c54ac6135a26a,0x87a3effb84cbe1e4cab6ab430139ec41d156d55a,0x11c37937e08000,11645675
0x3237f07013d29e687e4f5cb719dade292d00dd126ecd38c7c3607b52c151aeea,0x7542f9169f637d9af9365a163c524e158046bc16,0x87a3effb84cbe1e4cab6ab430139ec41d156d55a,0x11c37937e08000,11645675
0x3fb37e4561e2a63b682fbca319b7749a491e445eca05eb849d4e86937249c449,0xc5298c6211d978f4f660ba42f662183b55e6397d,0x87a3effb84cbe1e4cab6ab430139ec41d156d55a,0x11c37937e08000,11645675
0x23bf4c414c752972381aaf6d1a7c031bec70e9d42eb7f2cf987beded728599dc,0xa8cf07b3313f7b87d014d631b7359b7f807ebbe0,0x77b2ffc0f57598cae1db76cb398059cf5d10a7e7,0x15b85b203802400,11645675
0xdaa1f5843ca65cdacb19e5f956798ec659063c014e8ffb0497d7cec1ccad653c,0xa2d68dc62ab2ae1359bde2ee827d96cd514bb458,0x87a3effb84cbe1e4cab6ab430139ec41d156d55a,0x0,11645675
0x66e70f215ca33cce0d527fff889a9534632baaec1712d911c77fa3d77b0b0f55,0x01c1b0a5aea01db7288e2615748d78f434b7d5b8,0x87a3effb84cbe1e4cab6ab430139ec41d156d55a,0x0,11645675
0x6b37a99a4920ee0ebcdc5d5d4d52f21084357c71dd59ead6e3b55c5b0fc86a8d,0x012648d5a89feedca66ee24fb2ad9f0ba095ae1f,0xee567fe1712faf6149d80da1e6934e354124cfe3,0x0,11645675
0x84c76fd480c2ef3d72d4214e9b6234b6a0ba36e55f64598628bb917ab8128e18,0xef7240dc0d5368b6d167be8c2f7b726331144af8,0x27cf54481b3f0e75e40422fd4e2c42eca03aded9,0xaafc2937c000,11645675
0x6b2ded06d02935ba1456795ff348687d7978a521bdd4e2952d7b2ca50619d6d0,0x9a22c21a259ed941879f93799bb58af88a40f1cb,0x87a3effb84cbe1e4cab6ab430139ec41d156d55a,0x0,11645675
0xad6ead68050a2720710c432051f64f844d39c73db841b6b0637666cf482df4e1,0x7c4db55dbc569915e821433aa3d0fad1649f009c,0x7e8b0dd71be6c1216fd7334e7e5eae8aa2e7276b,0x0,11645675
0x43a9c31323780ccb85d84067b685d7f0f0a991fc9b03fd4c443ae52a791ff3fb,0xf3218d970711ecf022a63e7234612dc3968652c3,0xea30c4b8b44078bbf8a6ef5b9f1ec1626c7848d9,0x0,11645675
0x5df6738177f8093d72ecb04bf4f6586ec16bd56160d14aac03723f81a6bfda80,0x47e5902a48c5fbaba166b118cd159f2f5a84707b,0xfa6419a3d3503a016df3a59f690734862ca2a78d,0x0,11645675
0xf9e678da8ccb5ca73a5a0be00dc585dcc40e0e7a08ca35b63b0114b7c6d8f8f1,0x3778f66336f79b2b0d86e759499d191ea030a4c6,0xff22361ca2590761a2429d4127b7ff25e79fdc04,0x0,11645675
0x6f8fd82853df4e765b61d4ad777e8284a5a7045e9ae578893d0b631b57e719f8,0x12d95b0d933076dfa65a64644fe8ff0eed519f79,0x87a3effb84cbe1e4cab6ab430139ec41d156d55a,0x0,11645675
0x68a93831af19104334dc4b05fff0665b6cabc0c6906a56453beaf2391384de82,0x0f6db021174433d0044dbd2b437948e8bafeeaa2,0x87a3effb84cbe1e4cab6ab430139ec41d156d55a,0x0,11645675
0xdf394f37b3c8c27211f1d069d520ab6d887213fbdf8b23605567e8fb3f509c88,0x9a2bd7d90a9245b1d971a93548e917f9f061e1bc,0x87a3effb84cbe1e4cab6ab430139ec41d156d55a,0x0,11645675
0x199b9df023de6e8e27cf49e23d80341348ba0ed55b98218ae81322b7cb8e1412,0x238e8679931e20d95f6cc06544381fa335ef0c61,0xd4291066e3c4e512ca0819dd98836748f3b65ed7,0x0,11645675
0x935ac71a072f4d8a625b91faf041ddd466d8155f1ecc9ccb1ad29e9eec246a01,0x75daba36ee23dbbe378879e9ff00cb54a3ee3426,0xea30c4b8b44078bbf8a6ef5b9f1ec1626c7848d9,0x0,11645675
0xc5cab4b4201d3643c2485d0da114df883c92be755c990049fdda3df7890fd843,0xc6ce63292e201aa860a14290f5471fc4663ca6b2,0x4fe3ff7d0a60da5ca44923cd0a8596df54997a82,0x0,11645675
0x1580bdf64b1a1a43235a400aa222fffeae1a84dd46dbaac6f66662d862f0279f,0xae11b078a58612c6f89d33c2589a0f6d5f02c882,0x5b718e36f5ce2f2f7e25a397040436ce6af3e89e,0x0,11645675
0x7eac338b1ff49c6f1a84098d854aa41133f5ef0f2abf76442d7b29f148286186,0x0fe690d1b3188bff8bf8c4d5117b4fc188277cbb,0x87a3effb84cbe1e4cab6ab430139ec41d156d55a,0x0,11645675
0xf107b83fdd610b5a61c5b9410a2f00f3e78f2932c26d44feb032793ab03a3cdb,0xe24f4a2e0a2e3b9842864e7c9407aabd00772459,0x93310a56147b1ea7486ab84f8d850fd0a216429b,0x0,11645675
0xa48b0d740c98fb67f94c0c85024fddf1ef7fd534d71c1bf87cec322461c1c1d7,0x1219f56b5ad414ecf46f29d1af23b4ebb053bedf,0x6a506c0738e238784d171c2062ce7dde246e542f,0x0,11645675
0xe3b25bdaafb7a7b1e79f9155c55a47b0e47a9e11691a7b50ffe788baf6b6b518,0x6b94eb33d8366ecf7a1c52da6e61f968cc001f1a,0x60e8f2b6f4ae6cb53b034ca892e520b32ec129cf,0x12309ce54000,11645675
0x3f95f2327e1e8f457ea331ac807b5fccc91cf2e3cdd62b0ea0deabbf8a6f73ae,0x9c260e8180d19f01cb97801c37b7f03c377bda70,0x0c88262f03b183dd183c2fc7a78578dbce1e664c,0x82f79cd90000,11645675
0x35c1f9c92cf8b0e49d0671607236291f100346149cd1dbe869a7ea4821b98c39,0x41fb651d41b2f77ae8c1c68359e4b27e13b59726,0xd7ecbc8bf36bad24b7a921dc399c7a6ccecd132f,0x0,11645675
0x13d92f6605a62951cac0f300ea2c220233871a0d374e715725268e8538b9a3cc,0xd003bc97d99a3ffc5d1b046950d20b340b1fa740,0xea30c4b8b44078bbf8a6ef5b9f1ec1626c7848d9,0x0,11645675
0x06cc6cad5347558edbdc5643fce876b72c062a55a04e32bcfc9721972857ce35,0x5541c13e8a0ccc60befd5929c9ff04fcf351b8e0,0x77b2ffc0f57598cae1db76cb398059cf5d10a7e7,0x15b85b203802400,11645675
0x8376483ec5efd12d84275d9e4d82bfd95a9a7d3d44c5913af10e7ae16bfaa3b7,0xdb9de209c276e14bd36aac18a1f551e09586e8ba,0xf8344cfd5c43616a4366c34e3eee75af79a74482,0x0,11645675
0x4f49f1a8471988075ad73c5b94ebe0116ef79a83cd53682b26699fc7d5865e2a,0x38b0cfe08c39da7bb9f2f6e5804e0ef7ca5a5af6,0xb6231d4d86b83cddbfa33876ec3c2c979dfb8a82,0x0,11645675
0x832abd53d245452545ef60ff7ebbf4d1da9c6f121ddd08b6f58094f218d72613,0xa9316963cfa8d89c9900d1103460d0eec682189a,0x2bd57c3ca216f0d38b18bcfd14595f12dfb13c35,0xf415ec8aa6000,11645675
0x52b481e22d4d48d5b692ef8b69bc9cf4fda9e3f06e91b5169b9242ff134f4144,0x7806db1b423b9c027dbf672ef4dd7dfe73ac8a5a,0x87a3effb84cbe1e4cab6ab430139ec41d156d55a,0x0,11645675
0xfe7aea66b3953aa7463bae937dc29a570615bfd9efee70a216cd820e6a4839c9,0x998b15b9c9f3ac9a497441463ab4a4678735335e,0x2bd57c3ca216f0d38b18bcfd14595f12dfb13c35,0xdcd630cf3d000,11645675
0x27531639d4e7c0404c70036b6b907d74fb12e9290868d5f18fe2c6ab78a977ca,0x2653255e8283db96f09cb4dc064c4d4543b62dd2,0x2bd57c3ca216f0d38b18bcfd14595f12dfb13c35,0x8cf8bff0b000,11645675
0x5b70ca21b486dafaa3c01e75b77b0eb3028e24b80f1f3d7eeff7b58f6e4f8f35,0xf993151fad35b816664f53c71a8e48467ba21686,0xea30c4b8b44078bbf8a6ef5b9f1ec1626c7848d9,0x0,11645675
0xfca56428e1ea4afdefa4c1019b0c727ce2696e467beea6b77759c3bbff44adf0,0x3441b738605ddfef4b377d417ebe78e8194d9a13,0x87a3effb84cbe1e4cab6ab430139ec41d156d55a,0x11c37937e08000,11645675
0xbe897e58165adf8ce206d2d07ee44bf47298d247542b560c9d7b3954ace86503,0xc0ab267b1be249fa5c04e1f9e3b497d38da0ea1b,0x87a3effb84cbe1e4cab6ab430139ec41d156d55a,0x0,11645675
0x1751cd5b8ffd0033bbd74ead33ed4a4bb7271ab9e1a4c7bbf296bdc4dd377dd2,0x25c87fbab7bbb7c42e35421171d92ffd4f1a7b66,0xea30c4b8b44078bbf8a6ef5b9f1ec1626c7848d9,0x0,11645675
0x7d953416e748b71d2937d5e8cad8fc56578b032c732c10164b2f5eaa1d73aa26,0xb71cb45443c2c4db3405ae2cf1f2c587fee3c4ab,0x87a3effb84cbe1e4cab6ab430139ec41d156d55a,0x0,11645675
0x35eabd375a0e04af9b28ee1e1735e671a99e8a37ae4479a75836ceeb6530ed9b,0xba7af4ff71f138f7f55dca2edf78fddd6cf2a066,0x99bb09726b22bdefdf1cfa87074c0fa8ed49edf8,0x0,11645675
0x5dee56c8e893d3e839cf26586dc9effeed229a0a5778bd20fec30a6b9cce6650,0x811115d6bcb065e87eed9a6f949419e5d787bbd9,0x60e8f2b6f4ae6cb53b034ca892e520b32ec129cf,0x12309ce54000,11645675
0x127306ba3e919bbd5641e1286523754a1e6b9ddd782001398bbb632aeaee86c3,0xc48c3367287e08416c8005136d381b8079d797b1,0x0c88262f03b183dd183c2fc7a78578dbce1e664c,0xaafc2937c000,11645675
0x6b79adb2f9aeed71ad106cc47e05869f6c1d18dca11e5ac6b664573d04dc5076,0x5e7612a4a69645ec13ff93eda41443be3fd54a0e,0x87a3effb84cbe1e4cab6ab430139ec41d156d55a,0x0,11645675
0x00822fbbd24d398697f9c8a8cc8f5ad3366f271d3889cf6914ceb726c241bae4,0x205f417d35aae79eef7681c9dc9db5876d0db264,0x69c6b28fdc74618817fa380de29a653060e14009,0x1,11645675
0xb923f476489d478b4ede2922b99c169102167434d4d86520acd5b7b380c3ec3b,0x25509a8c23b6ec84d181df48700944e50f424ee9,0xea30c4b8b44078bbf8a6ef5b9f1ec1626c7848d9,0x0,11645675
0xa38c45b2170b3ba7aa3c222cb3a0506536fd81c9bdf695091d01121038f5fdf4,0x21b9ae3880f1f13cbe4ae963822dbf2f93a98b84,0x60e8f2b6f4ae6cb53b034ca892e520b32ec129cf,0x12309ce54000,11645675
0x96e48be8aa6951c2d42ea9f6099f011e60384e97e23de7820e4ef9b5dcccebdd,0x48d22f52b50480a489c38fff906708818ad743c4,0xea30c4b8b44078bbf8a6ef5b9f1ec1626c7848d9,0x0,11645675
0xc964412db68c19a14ce7f267c9a4c537a84ecf3d0f85ac8e69ddd90b3986e718,0x30f5ed15e9e707abf136df3fe62d5205bfc233ad,0xea30c4b8b44078bbf8a6ef5b9f1ec1626c7848d9,0x0,11645675
0x65ade262e2162439faafa609aad0b8dd731112475e19d77f26f38b034ed0081b,0xa3bb48e9ba00e66246cc39346579dbc6d2677d79,0xee567fe1712faf6149d80da1e6934e354124cfe3,0x0,11645675
0xa65b1d86716dac0b8fee747026c3787be1b7727e33a5b7d3715099abde73e651,0x0694cd23397cb483898c00e773ce41a9360d09b3,0x49cf980c26d6af2979e9dce8662cd617a037d2fd,0x0,11645675
0x8a2975969d64d42b64075c65f29c43664d76b5e9fcbd179099eaf5001a3fd47d,0xde043f135db8dcaf46219bd612ff9f53fff5cb83,0xea30c4b8b44078bbf8a6ef5b9f1ec1626c7848d9,0x0,11645675
0x39172a34ac9db1815e4d04b0bac7823aad934f17ad15175df8735078e0532d4e,0xe1b9838b6264e0a8ce48ed06d0c8d7d3fa4d9d8d,0xea30c4b8b44078bbf8a6ef5b9f1ec1626c7848d9,0x0,11645675
0x7ea0e3d4a1f5b0dd81a20397d7a812a7ffea9087b6538bc31e9b5f163a36ff72,0x610f713fda8aa852223ae1f7d395f7a79bc6ca43,0xea30c4b8b44078bbf8a6ef5b9f1ec1626c7848d9,0x0,11645675
0xcf5f47c3ad4a81e0dd03c44d818122d816d7729673a4a7816c6bc63de9ef110c,0xeb9aec05c7da43a1bfe18151266cfa7b1d9ecfda,0x5f2e83ccdea73d60af400e03f1cd8fb9eab07b20,0x0,11645675
0xd0616b8e43c6535a71924bc75188e48ea788a8f158e4b3214cafe18fa15f57e6,0x3cfdc212769c890907bce93d3d8c2c53de6a7a89,0x433709009b8330fda32311df1c2afa402ed8d009,0x0,11645675
0x8a8d338b8c51cc4a11eadbb18934f8b2300e9522288311ee55f273883773cdb3,0x3f1a83d9f0896b3d022c69c094b4b9d430287274,0x87a3effb84cbe1e4cab6ab430139ec41d156d55a,0x0,11645675
0xc1ca4b57614dd18f09b9cde4326536ff39229d3447076a1ba3b5c559e30643cb,0xc84a0928632382e75c543acced101b9525027362,0xb2c7711b887cc1f867768be224f85ad30bb6da68,0x0,11645675
0xbd36403d9f2318e3d59b95bb07353076485070a848d6db12a1fa1f50d40f3a19,0xacab5e451b21a301de6d26963eca7b3a6e5a5dfc,0x1c7d4b196cb0c7b01d743fbc6116a902379c7238,0x0,11645676
0xc1d9c8472d3ae31f70758a37d80c152fd363ac696467e327168864a2ba58c9b9,0xd844ba11f64d23a7481e24474d2f184e350b9b3d,0x1c7d4b196cb0c7b01d743fbc6116a902379c7238,0x0,11645676
0x63758c5621f895fb3455a7854a20a8e6c396822ab864769647d49e5e1dbe5984,0xa4570b450feab35b6c4b362dbe0e522f64e362c3,0x00289c189bee4e70334629f04cd5ed602b6600eb,0x0,11645676
0xa59bf7c60018785c7d9c18b916c9cabbe69144b182b1707c1b1d736b4a624212,0xef7240dc0d5368b6d167be8c2f7b726331144af8,0x1e03345c9c3451f076c0c4fc0f2520a10adb6078,0x6851acc17800,11645676
0x5e9dab9c50d437ede7225964a0d3d5c4563ade3a99a6cf473913a1c5141f4ded,0xd75343f0463453a7d574d35effa473307cc1b29c,0x00289c189bee4e70334629f04cd5ed602b6600eb,0x0,11645676
0xa9b14f9f530888ad53811e3b0333053ef6868e454e57aa5c942716283d77d6ad,0x809cb1378cb2775816dd14d1a3754a536b066889,0xd06e0000000000000000000000000000005fdaf3,0x0,11645676
0x3c7338b38730a3c9920a8827988599c8239b61aa0d9ddb3405bbcfdcb08be819,0x70b81802da40306cec390a97d9a4be89ee3a55e5,0x10c15c29fb208047df6247514c0416c217e6f6e2,0x0,11645676
0xfe8f104152f816ec03d8e889a6170624bc8f523131149a304e95e9cba9e9acb1,0x6f3bb94eebb547d7cca02512719cb61c5176a9ca,0xac5de1d94778ebfa8c6602e955b56099d798bada,0x6a94d74f430000,11645676
0x4926d1fecc1919e483c91f2d87fcda709aec11c7a5c5ea94e110175456d4d02f,0x0d096d5de9f87fe2e2539ab2140a2504242386c4,0xdb9b1e94b5b69df7e401ddbede43491141047db3,0x0,11645676
0x0f1bfebf7bed8938b9911396032e94d1fdaba5d50506264130f3ef29b523c505,0x8e8a4496b6d4e13debb090d5b25dfb08378bce40,0x803bc3291b79c118eb6a8431a42b9946bbc4ee36,0x470de4df820000,11645676
0x9efca6376dba1a4e005914e9f8825690fa2abd432064fc630e966d3f7da5e042,0x600ac89841d3ab2c777c48a5aee8283ecd28d378,0x7c5bf43b851c1dff1a4fee8db225b87f2c223639,0x0,11645676
0xfc676ed78b7c2ff83d4143f7167a15107c05bba8cefefd176863360cfed1b988,0x219b980057ec58a8c5bfd8336934c587c94c2544,0xdb9b1e94b5b69df7e401ddbede43491141047db3,0x0,11645676
0x1f10853f94608ad04c0f282b2549474d87e9a59ddfe6dc60a93cf360f4fe9b43,0x47e5902a48c5fbaba166b118cd159f2f5a84707b,0xfa6419a3d3503a016df3a59f690734862ca2a78d,0x0,11645676
0x2e4b2be0c7dd5595fd56e6d863911883f110a848ddcf3a38c4c0da88a19dab9f,0x979708d69fb74036be0b8fe4afa8b09f479b4bdb,0xdb9b1e94b5b69df7e401ddbede43491141047db3,0x0,11645676
0x65b459c755c35dbd355066f6f7564c37e63f68557cc11e7ce52fea6c1d386f61,0x69394d9fb0cf4edab537804d8eb1639b07471ec4,0xf430240a61e0a5bd7a3637d616e0dab5632fbe89,0x0,11645676
0xd865fc607cad098de5fa0db57281f55706d71915f4bd07a53e502936ac9de03c,0x54846a638d883ecb2d4874f3265251e9cc744690,0xdb9b1e94b5b69df7e401ddbede43491141047db3,0x0,11645676
0xcb592b357d0ed5e6cb0c6ac69ad284d3bf23e62d0db825924ff295d3a7bdc709,0xba7af4ff71f138f7f55dca2edf78fddd6cf2a066,0x99bb09726b22bdefdf1cfa87074c0fa8ed49edf8,0x0,11645676
0xb21c7f3681ae52bde1ca96e64b6231d30ae07a49bac1d56ed2ade7063fbd8953,0x3c8af0bb4f2d7f9049de5e013d2723e7901762da,0x87a3effb84cbe1e4cab6ab430139ec41d156d55a,0x11c37937e08000,11645676
0xd1baa861123d5ff4e3a310ea0a86bb506e03a7e855e6480d89ad862e3d5720ad,0xd1b1d945396cf7b69a72caeaa376218bef094fa2,0x60e8f2b6f4ae6cb53b034ca892e520b32ec129cf,0x0,11645676
0x38681bcb4f67ac7bd2913d572e9506950b365b5c4878fa7ecb193023bf9c99f5,0xe0170f61621fab37a3f4fecb45bb09ad0d00fea6,0x87a3effb84cbe1e4cab6ab430139ec41d156d55a,0x0,11645676
0xbf2976ededa5b2cde461365bca8ced933735826c178f27a706b0471b89c23d4a,0x03eeb73365beededb0b643ffe67d11309b1c08d5,0x548959b4e1ff628a854acef9228161c972c750bc,0x11c37937e08000,11645676
0xabf4ae64908c7ca93f267fff5c6207ea25c227a00b35b2a54ea175b1ec7f0368,0xbad9cf68aaf7060edf520c298dcf07307a8faf53,0x87a3effb84cbe1e4cab6ab430139ec41d156d55a,0x0,11645676
0x33e4d0ae320df03c2d90dca5b9ed30f7348299103bcbf08e436bf264f8c6e7d4,0x17ec049833f5f581852ef7af462c51d9b3c703ed,0x87a3effb84cbe1e4cab6ab430139ec41d156d55a,0xe8d4a51000,11645676
0xc0f19262baac5af643bff6077947af91846a69c47bcec0befb5182620e238457,0xbc1a166f12dd422c7798b3e4ae21d4cc14e2e9e5,0x60e8f2b6f4ae6cb53b034ca892e520b32ec129cf,0x12309ce54000,11645676
0x9d70fe0c9bb2d002d04f2137b170330bff880e60f068c642c848155ec94d6cda,0xb223cbdfd2f019ff6d4318b5019975c04b56864a,0x60e8f2b6f4ae6cb53b034ca892e520b32ec129cf,0x12309ce54000,11645676
0xf825baaeaf8a2510ae77c3f5ce8bbd6c55ee332bd704fb120f51a9d4a3b5545c,0x3441b738605ddfef4b377d417ebe78e8194d9a13,0x87a3effb84cbe1e4cab6ab430139ec41d156d55a,0x0,11645676
0x19df97413b25f10b5241d02a646b7eab6df26eac1a69c8f99398935800262494,0xc5298c6211d978f4f660ba42f662183b55e6397d,0x87a3effb84cbe1e4cab6ab430139ec41d156d55a,0x0,11645676
0xf03aafb2ab804c36eb61d5645cdb487ffc389ec7e2a0a6db7a3d59efb5ec94a0,0xea60a7f1f3d68ba8def48f3a2007f84116e90ea2,0x87a3effb84cbe1e4cab6ab430139ec41d156d55a,0x0,11645676
0x39e5bd2fbc85281bd2c35cec6d39312590aab5fe003d46d12c751c8987fffbdd,0x1d52c466b815bea1b319dc44a57886b2c808889f,0x87a3effb84cbe1e4cab6ab430139ec41d156d55a,0x0,11645676
0xd36931068990c6dc0fb417d4afef5b23aea40ca15c3687e75eeaa8a433cf35dd,0xc7c81a9d070f317885cd26b9d95558a165e1efe1,0x87a3effb84cbe1e4cab6ab430139ec41d156d55a,0x11c37937e08000,11645676
0x724346d27bec5f278adb115b7507d86a27209cdbedd0eb354e7cdd298862e169,0x11ffc596371ccf2919c7f1fa9c1247286bf53b6e,0x87a3effb84cbe1e4cab6ab430139ec41d156d55a,0x1001d1bf800,11645676
0xb6cf0944b7038c00940b19ff5e671376fe910d668a8de671e3be33bf4b634766,0x693020957af707c1a9fa127bb44ac9d01fd6f862,0x87a3effb84cbe1e4cab6ab430139ec41d156d55a,0x0,11645676
0x7d2161882151b2ad78042ad15d1db10d9c355d58c84a46fee862935211495e61,0x232e274676e865e341b02348a2173e8856891b0a,0x917428cfdc0aa1c27f00c21ced3213905e126d36,0x11c37937e08000,11645676
0xc4550cdd2b8ffc4e5074c58bd65408a1a3de3789ec13eb4831ef4c0d390a7f87,0x4d0544594c38fb4922c86872fe6a8f43e18e8772,0x87a3effb84cbe1e4cab6ab430139ec41d156d55a,0x0,11645676
0x8725f02bb77abd32214f7e35d83eacc19b838f2daf691d81e92450464417a238,0x6a7480fbad047d39b7d6af6816b0379139c5a596,0x87a3effb84cbe1e4cab6ab430139ec41d156d55a,0x38d7ea4c68000,11645676
0xa437de110561a3d386d42f41cb10be2ae6d57564a0e6797190e95e5cc47474ab,0x205c9c4f6922c172c08c8948f1d060f192dd37f6,0x60e8f2b6f4ae6cb53b034ca892e520b32ec129cf,0x0,11645676
0x865b7df50e0c0e4ba5506b1843a69efa8e0c17b2012cf95fdd4eee6dcdc6bcb6,0x45e3a5c20d63d9c5951da48603b5d7fc8b5029b6,0x87a3effb84cbe1e4cab6ab430139ec41d156d55a,0x11c37937e08000,11645676
0x7721aa351e607201336e0d13dd769c2b3e2b7d4726713149beda3bf6374184e1,0x335127460139560aedcdea400c271255e23a909b,0x161e45d73835de5a7f2e7740c94c677b7c160e63,0x0,11645676
0x8402c6c56c3918d9c3f65b710907e948b5fcf607b8c26176edf6ac039c9ae932,0x03eeb73365beededb0b643ffe67d11309b1c08d5,0x5dc429e7557428881341c5c63600b190bdc4bc37,0x11c37937e08000,11645676
0x07d5f89bc682f80d47926d3d8c45fb71152998faeb28cbe36956551733f604f2,0x5391ea3ad13eba7bf91f7a69ba2c6f5db73426d0,0x87a3effb84cbe1e4cab6ab430139ec41d156d55a,0x11c37937e08000,11645676
0x21494946d81cf447ec7708e55454e81f0f1377f871ccff10caa049a67fc13cbb,0x941604790863b692f6f79474c5264d0fbdef89fc,0x00e71cbcf7e567977524993751ebdd088dc39ab7,0x0,11645676
0x6f4acc4209e2cbe5e1f9ae4ae6669b7e60cdc1a7c91ad56474221015480b6cf1,0x5120646f6bf546b76f82c05e543d194d3e651c27,0x87a3effb84cbe1e4cab6ab430139ec41d156d55a,0xe8d4a51000,11645676
0x66f368ccaf759cc6f15ca8dc072db06ee75d1de79cb3e8fc069e17e4b70e3ee8,0x1816fc7a0142ee126e980f3f2dd1479a20e04682,0x94a9d9ac8a22534e3faca9f4e7f2e2cf85d5e4c8,0x0,11645676
0xd34273165ccdd10b5efe6150cdb40d55a8924ecb0fd172f5c2b0aa703b681f06,0x12eb73e70300b9c8f46e9b290de3cc49ecc60c97,0x60e8f2b6f4ae6cb53b034ca892e520b32ec129cf,0x12309ce54000,11645676
0xee29ee395acb4189f3824d0e9366ee333bfdca87c2aed60162c303a341e5a4fb,0x114b0be521f4bf5b938398c467017674b5f6ae3b,0x60e8f2b6f4ae6cb53b034ca892e520b32ec129cf,0x12309ce54000,11645676
0x00b99b4260bf5aface5c48dcfe2cfa4ddb2da35604135839ebf223d2e02b5934,0x8cdd8959ab364bd03f7d512b4fdaeab4c3fd3b72,0x60e8f2b6f4ae6cb53b034ca892e520b32ec129cf,0x12309ce54000,11645676
0x6d76685f7bba677fc0f0d9f8b5abd7e8a2e3719b7f77a3af7ee81f6327fa922f,0x46dee90e70e49fb3efd83ca9b3249fb490631b89,0x00aed28667cc89d32e8b758f95e0b521afdcb876,0x0,11645676
0x1e95ab6715d17fa52fc3e22f61683d58295d0671cfd08d22a00cf29935997a2b,0xf0ab472e351fab9137a124ecc3b9b31704a2c1af,0xf0ab472e351fab9137a124ecc3b9b31704a2c1af,0x1,11645676
0x3e06fb74b559d05f4b7e895720c41db5d71cd49ec691047e09fb635fc3add3a4,0x216e9b3a5428543c31e659eb8fea3b4bf770bdfd,0xa3e36262f6899e27bb4b1802e8298e843e74cbc7,0x0,11645676
0x278b3139a3c94655d38cbdc899c18f9391eb83b6b874c449cf22d0cc359f01f6,0x11814064d5656c721c216832faf5c6d00f4c5fe6,0x0c88262f03b183dd183c2fc7a78578dbce1e664c,0x1056c421527000,11645676
0xd61618c495143f4f2c1b299f0580dab5a09281fdc77d3749f03dfabcce7821f4,0x3e8c69fe4f88bb8418661a85752acd0cd04216c6,0x0c88262f03b183dd183c2fc7a78578dbce1e664c,0x6239b5a2c000,11645676
0x5b10b86054a66b0ab6527d0d6b66fc478d8b78ee45b32733acea54b3348358fc,0x9c260e8180d19f01cb97801c37b7f03c377bda70,0x0c88262f03b183dd183c2fc7a78578dbce1e664c,0xb32ba3055000,11645676
0x7a5035c39def9cb223e45756cda65aa2893e5b6819340955468ab6ca838ac866,0x121f67f80818ac47ee227c4ea5f44db8a6b110f7,0x0c88262f03b183dd183c2fc7a78578dbce1e664c,0xb242ce604000,11645676
0x082ceb0f73aea291b7daecfb2ed4b8dc2423fb674f3e945dc89125acff867721,0xc48c3367287e08416c8005136d381b8079d797b1,0x0c88262f03b183dd183c2fc7a78578dbce1e664c,0xe276d48c9000,11645676
0x705b64d0e05720b8cd7370f9590b9c452f1a023467ba154948530ada56ab03f9,0x00482a63f8e7708eb212bd9f7cd15e4cf8b68618,0x2069b502dd917dc089171f96bee390fcb5bad29d,0x0,11645676
0x35c81a3877265a509562adc4006d2c440807c5aecf41aa47e7f8a90190f87d0c,0xeb9aec05c7da43a1bfe18151266cfa7b1d9ecfda,0x8f6eb7870334b1fd8006fd52413f01689f4e57e9,0x0,11645676
0xdad7a30019021778f4dfd8a561223aff8927ac0f4f9a918dc9d2dfe64476a341,0xb264749e82a7b7d06d30ad0dc08424922ca0f10c,0x480ec063442c253834d82fce71ccd60c2f3df9f4,0x0,11645676
0x48aad247ffb0d501250273f5f30855ede47f69277fe34aa613ea607e050b37a5,0xaf026e42f5f8a0dde581bc214091219b8f4a5e6b,0x0000000071727de22e5e9d8baf0edac6f37da032,0x0,11645676
0x3046c1e800b786c217f922fd239c48983fdeb1e6b36864a23f8045e5ed4af679,0x1e0fbf7334b631769907ff22da68741e8ad6cac7,0x08ddc3871b7b7cb42376dc13c518a063fc1c9d4c,0x0,11645676
0x37dc7ec9d05d01c89692cbb44b6a0a935abc155095fc0f43919d6fd078b5ebb4,0x6ae3171fd5ac6cf13b29b59451ec1b70e471ad53,0xe11b30e98e7c432fe5b02fc695d3de7a27e9bde7,0x0,11645676
0xbf2a89bc401e67322f7a80fdc20a72928684e2eecf737c6f402fd8247e2ccce3,0x63791870fad27fede4e8c07a249d26971e533599,0x8f5cb0172f38e7782df7f7e3c32951f6a8fc58f2,0x0,11645676
0x9d50501da88c9a2c5109ed456d17051371d388d3d759a07b609c2dddb446b5fa,0x5ddea5169f7f6d37b6fd4a22714f94d03ead0a63,0x6def475247206af9ddd9ac34f886946f21435508,0x0,11645676
0xd431964fb43ab17c53e06e709bc00191c11e88f70c9f068a8620be66b35858b2,0x995b5a82500bc2558fd37937e795f6468f14642c,0xe63e55c3b5f9dd81d5a2b5a2fa267e129c1768de,0x0,11645676
0xb9a0c82975c07c378e2bf9c1a0e61cc8b18f3684f528438b513f057a1d68020b,0x7c4db55dbc569915e821433aa3d0fad1649f009c,0x7e8b0dd71be6c1216fd7334e7e5eae8aa2e7276b,0x0,11645676
0x2879d7f920d288a2a7ce9a2955bad1816412c6396f162f9013d2b35d7ce42ef5,0x757816a5a4bfcb5ecccdff6a449696ed685b79c5,0xaf5c5352faad14b8eb04c9ee7231947d84475f29,0x0,11645676
0x76add5c3337dae1b633380727ce11fcfccee19187b5dd0a5a3703bc0db2f6d36,0x20e487d386b15d12d8794a47be379317837b4959,0x803bc3291b79c118eb6a8431a42b9946bbc4ee36,0x38d7ea4c68000,11645676
0xd599188288af70a84d727715d5c5501f3659471b9a2a4fd0dfb687d5e19e9ce9,0xb1e5a021c7bfcbb9685c844c9fee38c58b448abd,0x77b2ffc0f57598cae1db76cb398059cf5d10a7e7,0x15b85b203802400,11645676
0x4fd2b2ca354091fd011c2986b2079ab06d882b64c0248ae2e57d6d14ebaf9085,0x43370330be39d388f6219d8241dc1f76fb9df268,0x0000000071727de22e5e9d8baf0edac6f37da032,0x0,11645676
0x4d3cf9bffe2e327822de8b5f57128a1692965c9c2250be26e98265457d18a634,0xe073a3bbe728ff01d5bb48b0ba493d4e4906ce2e,0x2bd57c3ca216f0d38b18bcfd14595f12dfb13c35,0xe680042907000,11645676
0xf28820f8016b11f83ffb1ee6b0f75220bffddf67062fe3f5288ac63859bd6220,0x298a2085e56621335b0ef44dedda9cb4824a7e31,0x87a3effb84cbe1e4cab6ab430139ec41d156d55a,0x0,11645676
0x1a22982b29cdf6e84a305284b5013fc8f7988496e60a6ea64d5fc4a3733a5f5a,0x4dcd04039b557a767411e55add557f5a3d7ee277,0xa1f78bed1a79b9aec972e373e0e7f63d8cace4a8,0x0,11645676
0x66b143fd40451edbd1454cabf8f03d5bc83d7be4401e9ffa8e40783e1c098e42,0x7bf967bcca900624b1a0013ec84a6bfce76a889b,0xea30c4b8b44078bbf8a6ef5b9f1ec1626c7848d9,0x0,11645676
0xcb7d91e789c7a712379469526c2d273578dda0218832afed91c861f8816f72fe,0x0d216d7e596014b309190a28f5853846cae77bec,0x87a3effb84cbe1e4cab6ab430139ec41d156d55a,0x0,11645676
0x58e408a0d3f69ed3f39edc710a429bb1c29232942231e9d5a50043121a69619e,0x964822303c7f8dce1febf0f7217fa8de8de856be,0xfd0bf71f60660e2f608ed56e1659c450eb113120,0x9fdf42f6e48000,11645676
0x1e8050f56bf723cf57571c00aedd5eae1f1abc1f28e08285d3a98af6d8f3017d,0x81f522d0881039d1b6009ceafbbd798aebe7b985,0x0820f975ce90ee5c508657f0c58b71d1fcc85ce0,0x0,11645676
0xffa716aa67fca1142332e04df47d57b2fca39725f53506718920894dd55a55d8,0x39dcc0ac2cd69084570d7f89f586bfb4dc957ed2,0x73b668d8374ddb42c9e2f46fd5b754ac215495bc,0x0,11645676
0xe5e6f527c8fbe77efb2ac5e87a3c9556e7791605e4a37f3458f0102010f88014,0x7364882ccce649b2fcd3920c84b1175fcd55229d,0x87a3effb84cbe1e4cab6ab430139ec41d156d55a,0x0,11645676
0x3bb1ab8eb52d673c4ea60b60892174c083bb5f3ad78c53d754151dc08d6c4642,0xced9f2310bb6b7b4d13ddd20a1e5162fe41a81e5,0x87a3effb84cbe1e4cab6ab430139ec41d156d55a,0x0,11645676
0xf9d08c25d29fa47525111541978490c7323a180c682963c5b80b4eb914b60bd2,0x1219f56b5ad414ecf46f29d1af23b4ebb053bedf,0xee567fe1712faf6149d80da1e6934e354124cfe3,0x0,11645676
0x6eaa6aa5925ab678f201347f5fc3452876f973357ae300edbf9b302d0f25657a,0x34e91abb72856581117fdbf9c90fcdfe73b23580,0xea30c4b8b44078bbf8a6ef5b9f1ec1626c7848d9,0x0,11645676
0x54a738d8bd40d6ec0fa5436beebf5fdfffabbb65ff23664a94c89342a720b3d3,0x91a54dd6985531506dadf2f8dcc4c0ef50abbd58,0xe787c35f6a875567409c4970ba7b41a0cb9d1b4d,0x0,11645676
0xd0ba3ba0327d5c92bc04e862abe6bbdccfbea7ae37b6a1b9034f1ecd5ce0e289,0xcb080e52fda6231784bcbd0304940c54d749eb36,0x0820f975ce90ee5c508657f0c58b71d1fcc85ce0,0x0,11645676
0xfad98d5d4e52b279c63b331e0cd5f95fd7a6c8787c1d4178d780d89b3b93ac33,0x5525757ee5aa22ad0a8a7b647a1739757d7dd038,0xd3830c58accd3e6eeec8cd5688be5b1d04a4dc83,0x0,11645676
0x2b6a3887dca23caedc9454bc96820b749ae0b92b08becf1041fac7fa24d39f70,0x2de33e7247fe9b5448374218035df7a58fb762d6,0x87a3effb84cbe1e4cab6ab430139ec41d156d55a,0x0,11645676
0xa58be5cc0dff3ce023308a39a7cb4299ec3e8f9cc07ba6d932d7cdc47f7ae87c,0xddb968e5d31fd578115096f1e2be33bdb7f348b2,0x11abb46d6099d541e544ac8bb38820046de6d797,0x0,11645676
0xa2870847d6ffd454d9cdc55cc3dd4f34c91c3e19fb785ce225e87ecc582417e8,0x39fecda149365b88f4e02fce63c42f0dfe3c3a5d,0xa1f78bed1a79b9aec972e373e0e7f63d8cace4a8,0x19945ca262000,11645676
0xa5d5591dfa742a4959e20789125a52481403d4af10c887ec5adf06b26c5eef57,0x10c8521d9ffb48cea979eac53d1634073032aa95,0x09b39397d70a5fcdd221c77c909f8f68602fa77e,0x0,11645676
0x805f069d4f9b59b560af8490db08f83584723aa7dbdaa03cd76a429834afc1e9,0x622bb7f45030b89bbecf024190553e2c05148e97,0xea30c4b8b44078bbf8a6ef5b9f1ec1626c7848d9,0x0,11645676
0xafeb1d5dcfdc9ad5520abffef8dd81f9c6691d9963b593b1be21baaf374374d7,0xeab63a220618df473d8322dd1d9115509b6748bb,0xea30c4b8b44078bbf8a6ef5b9f1ec1626c7848d9,0x0,11645676
0xe7f3e47a1a3fba60a5bdaed17d999a82442cb9fbd05d3768d011244568001b6b,0x790bcb43358e01142fdaf6f097976d216676add7,0xaf93c5b321757ca9f37992525c4889bceef76726,0x0,11645676
0xf65b991fc214935b249adada38e8cd5c9ecf25fdc067948dadcfb82045ce594b,0x90cb8cdfe1e1c27bfe437d69dd9995dc29590162,0xea30c4b8b44078bbf8a6ef5b9f1ec1626c7848d9,0x0,11645676
0xc45f3cd7f53616a52fdd975c485f4f912365df79cf6db1b0cc2f11376cd62424,0xffb48de4711cb0431d14869fc1e0a0bd5216d5cb,0x87a3effb84cbe1e4cab6ab430139ec41d156d55a,0x11c37937e08000,11645676
0x55c84b98e9fa2af3acd9cee7ef938266323ab961de5b6e281156aa13980ea462,0x9e33a9ba508c07fff4527e42547a9a642fa17c9f,0x899d225d779f41fa1ab422ab1b8a9408296dd5c6,0x0,11645676
0x81474a2028a4c6fd7b5424e7fa246377f0cee5e5ee9b5c8821aa6cbcd57166b0,0x0ac9e90703134cb02d817d15ce736fe990427f10,0x2bd57c3ca216f0d38b18bcfd14595f12dfb13c35,0x174876e800,11645676
0x393cb18e491c5b0db35d80717ef1645a5d385835da6dee96a7b87fddaa531869,0x38f11b2cbfe0ca225dfd6cf3dcbed4e3be05b018,0xa1f78bed1a79b9aec972e373e0e7f63d8cace4a8,0x0,11645676
0x31f2951c479bf34f8925d4306140ec48fa5f46582ef6e192d7e68c09fa5a7c20,0x86e0d96da69084cfe14053c8805df1a4fcf274e2,0x87a3effb84cbe1e4cab6ab430139ec41d156d55a,0x11c37937e08000,11645676
0xd0d24b4b9ae22ae4d2f5430130fe9b9291405a96e12a1de9715f1f4e91f69563,0x4b6f1facdb71a2a742b27aa8e4a34ab72088afff,0x87a3effb84cbe1e4cab6ab430139ec41d156d55a,0x11c37937e08000,11645676
0x0502cdf2cfe9dcfd86e4f8a747b3038205ab89b525409aebd3b9e61e0f1e8714,0x2e2e491cc3797f228e06ddbdfb8f43630c4b97cf,0x18c6103bdc17a8c7f1ae315ccbdc9349205f248e,0x0,11645676
0xaebf91b6002dea58a4d8a17f721765e23572c65f2008ee30e0772095894908d0,0x125aadcc9897e92eb00b82a17757f0a821081ac6,0xd3830c58accd3e6eeec8cd5688be5b1d04a4dc83,0x0,11645676
0xbbeffb7a972b5ec362b2b248a011478ab67814b5d7b85c238cc04ab44a61124d,0x931bc5434ea46e426fbc54241b3995e4e83b2fe0,0x87a3effb84cbe1e4cab6ab430139ec41d156d55a,0x0,11645676
0xec91070cbd5ea93e27000d3ae8dea23e6c376de690dfba580ef47278ac680930,0x7ce347ce7dbf3fc95e1abaa6e9994f4217b03764,0xa73afb610ac79a729a393d679029fcf9618854ad,0x0,11645676
0x3ea16606c8560bcf312b77a1fcd91a7291bf14e882341783a0d6dd90ba0b3c5f,0x4a12c12843f469e9e310193a32d9934c2bfa0bd8,0x87a3effb84cbe1e4cab6ab430139ec41d156d55a,0x0,11645676
0x5ba8501f66ad7cd3025a6468893e2aa050fdd740e0cfef532c33ebf687e6b170,0xff594efef3652c6c620976334952af0d8bc00fc2,0xa1f78bed1a79b9aec972e373e0e7f63d8cace4a8,0x105ef39b2000,11645676
0x7f5d25795c3b511b869078352fe092cba53c03527d918323669bde46fbd57fa8,0x0caa36c2aa464fcd5181ef02c6c95060bfc2f2d5,0x87a3effb84cbe1e4cab6ab430139ec41d156d55a,0x11c37937e08000,11645676
0xe2ab5af6c2820789daa5bec3c858fca393a8462503b7a2fe3be1b01e1c5512be,0x23f94220b4988503a197babb54bcc66e49f498d6,0xfb13de1c5ac28fc8335ec5721b06eb4ea6e3897b,0x0,11645676
0xe8c29cd52a64a032a0969094df888dfc294b7d1efb3bb05bfc92684fe2a8914c,0xf554cf4613557f3c01c977ad9397edff0d3feaa1,0xa0785aacf30b6fe46edc53cd8a9db1d94fef5df2,0x0,11645676
0xa87906bfcc746f956df565122e71701ef46cc2215ef3b01ef4db57951b1e2f80,0x2c2ff804ed59bbe2533e0a8210d5a120414d4c93,0xa73afb610ac79a729a393d679029fcf9618854ad,0x0,11645676
0x00dbb4c359e3724fa8e27f80a277d201d7f5f04d16ae54ad2e7c417e305c7f38,0x49c66069d51bbb7a5ac0e2ae77eb23f4913d26a3,0x87a3effb84cbe1e4cab6ab430139ec41d156d55a,0x11c37937e08000,11645676
0xaa6a55554824ed27428da48c92ee128687da9217118a4cc1f06c078066544aa9,0xff92e87968c1a789e8b52680c33f9a334294f81f,0x87a3effb84cbe1e4cab6ab430139ec41d156d55a,0x11c37937e08000,11645676
0x476bad7e17233747243b52aabd62766cabe7f29350502c4a948db36b9cadabe1,0x9772446bd10bb69d47109654eaa352bad9f5eae7,0x87a3effb84cbe1e4cab6ab430139ec41d156d55a,0x11c37937e08000,11645676
0xb0c3775a05c25a11ae553e54ff193c0af85ddf019b6352f47d047b0c644967e4,0x21e30474071697cadd15ef073b56bee97973c645,0x87a3effb84cbe1e4cab6ab430139ec41d156d55a,0x0,11645676
0x6df84a930db3411f4b75d73526ce3061223bdbcccca852d9c82465bfba3b0a76,0xfc448b37f9f1e2f954eecf0f40c6cd8865c7b54d,0x87a3effb84cbe1e4cab6ab430139ec41d156d55a,0x11c37937e08000,11645676
0x5106c59833fff16f996d723a331291839212a57e10db906e2fcc1ca678b726b7,0xe1b75911ce7d2a8de88b325f3eee8d0233d66441,0x87a3effb84cbe1e4cab6ab430139ec41d156d55a,0x11c37937e08000,11645676
0x18335cfb57813924a29ecf2d313ed998598a6cad4109388f7061e5a02745f4d5,0x0fe690d1b3188bff8bf8c4d5117b4fc188277cbb,0x87a3effb84cbe1e4cab6ab430139ec41d156d55a,0x0,11645676
0x885d5bae0994ba730d08198b0a6b61fb5b4405bf0a5fb86cb5545c656d82ad57,0x9f61216fedd12f39c9881d1de849a7102fb87ce7,0x87a3effb84cbe1e4cab6ab430139ec41d156d55a,0x11c37937e08000,11645676
0x63fe90231b53c227921e09fc8bce5c190c58f9d7324c55ec33158f04f7d69132,0x5a9d2d754a74887bba66939062c177b765e1b6bf,0x87a3effb84cbe1e4cab6ab430139ec41d156d55a,0x0,11645676
0x2790c0e76601be36bbf4ce125a35e17932ee458c54946d90ffc3bf1fb7638d3e,0x92f5c7f79a7db24e87e94b8f3098e85513a04eb4,0x7b79995e5f793a07bc00c21412e50ecae098e7f9,0x12309ce54000,11645676
0xbbd4fffe1c5a91c3d6c5599bd33a9cac04bd85f6d21d7cf9a2809de0ff17cb78,0xf6b2b203a4f1203ea4a7aaba52e2cd4127642dc4,0x87a3effb84cbe1e4cab6ab430139ec41d156d55a,0x0,11645676
0x3c7b39e2c38f01020244ab208d99c23b963039f7f2458590f5c87ba87c1d0aff,0xffe4a49dfa57ab92993df36a4983f2f968159c1c,0xf8344cfd5c43616a4366c34e3eee75af79a74482,0x0,11645676
0xf4d7fb4718d59e6278194440d66703093c6edc5a9ef10fcf922f596248cfe615,0x4cbeec055a6a9674c296aa55f96c54ac6135a26a,0xea30c4b8b44078bbf8a6ef5b9f1ec1626c7848d9,0x0,11645676
0x929bf5b3038fb97253a10a76f575c949c6e352eba4450a2366d328b1d9ec7e72,0xc73ab7c997c9a437df3434a78fe64abe733a33d3,0x87a3effb84cbe1e4cab6ab430139ec41d156d55a,0x11c37937e08000,11645676
0xc780922f426e2469867f5fcf0c5a57bc33bd9e7d64518b6e284d40689a7c90b5,0x9dc57c76231717dc3030ba99200643cd22ee54f8,0xf95bbd331ab8e8d0cceec30e8e276503ff9f7d69,0xe8d4a51000,11645676
0xdc69865eef8285b6084005616e9216a8a0020ba1a8d4979816aad6a8bfb8e6f3,0x9a2bd7d90a9245b1d971a93548e917f9f061e1bc,0x87a3effb84cbe1e4cab6ab430139ec41d156d55a,0x0,11645676
0x01a684a95ea08a806d3067e6c68ff6891a43be15ab3ba50def6f04128c66cb77,0x35def0cfeb3f4952a316e4c7ec034d681bdc9e76,0x1068ed496d21bf5357b2f1e9d25f46934f43ca99,0x0,11645676
0xac1ddccb8aa5150c22ed51c25be5ed17e7a745afb3c06f85c5de224dee839b8c,0x50c52a15135ac5aae2fecccd05226d38cd92e2d7,0xea30c4b8b44078bbf8a6ef5b9f1ec1626c7848d9,0x0,11645676
0x967f8dc54405c06041fe21c2a2b5d5557d51a6262f75f7bf355d0845f16e8db2,0x6f6be62530c67a0267b3f5577057aa91f8164a22,0x87a3effb84cbe1e4cab6ab430139ec41d156d55a,0x0,11645676
0x4d6528addd4849d485e6a1da4b19c6a0dfc9f89a39a1f24e59cb20c2e60d8d34,0xbbd2c3438e28c1d226bbf7afbda6faeb5315eef8,0x87a3effb84cbe1e4cab6ab430139ec41d156d55a,0x11c37937e08000,11645676
0x9e14b739197326b490d5c0f6e55d54e08bca4b014f866c8fc399cf14ac1941cc,0x5ae1c8a172431c7fb2ee5ae78d5325eed42cdcf5,0x1a55dc4a015286f28f536786ccde1ca33a8ca166,0x0,11645676
0x0d9ca73e143e0521277f86d30298344349cbf8fad20a1fef19c999d7c093e96b,0xfa646594bf2241061314d53e850a466815b3600a,0x738e96d813a47552499fe1c82e8dd415f7afb7c3,0x0,11645676
0xa19041e996e5046aa008035abe14495d8de3e3696b63f1eeb43bb52914ee166d,0xf2755301822833f3e8ebff9de49b27bd899c0fe7,0xe8a3b616fa79c77908f304ab7c0b03976295c4f0,0x0,11645676
0x545b183706ba6f099bbf0595312eceaae30ef7e5363b4983c85425112b73d8a2,0xceb6509d700ac540f1e6198c85c92f86d61f7eb4,0x87a3effb84cbe1e4cab6ab430139ec41d156d55a,0x11c37937e08000,11645676
0xefed2ba31cefbd4c57b6a9f08fc6379a1f228e607a91f529d30ae6e589afec46,0x5e7612a4a69645ec13ff93eda41443be3fd54a0e,0x87a3effb84cbe1e4cab6ab430139ec41d156d55a,0x0,11645676
0xcab2230deeef71265eaf4ec4c0a9287f66e8aeee888008cfac0fc4d98b785174,0x0acc444a56632c54b04f4b15bcbcc79f8b27e645,0x87a3effb84cbe1e4cab6ab430139ec41d156d55a,0x11c37937e08000,11645676
0xfe6b8a3276400f48464574e63557c2c392bcf119bf9b987f12c8f20695759726,0xa2d68dc62ab2ae1359bde2ee827d96cd514bb458,0x87a3effb84cbe1e4cab6ab430139ec41d156d55a,0x0,11645676
0x93f87276ed0a457fbaac3376cdca3619cdcfe3bd694a50cd34de99880f0a211a,0x9c9eeb530ca181111116361903573256baa20383,0x0820f975ce90ee5c508657f0c58b71d1fcc85ce0,0x0,11645676
0xd1c87c0d3f7aa45ef20761104478bc4a24b79bc0d57d4c90b4c52e818002dfb7,0x0f6db021174433d0044dbd2b437948e8bafeeaa2,0x87a3effb84cbe1e4cab6ab430139ec41d156d55a,0x0,11645676
0xd97ea858e548c62251a4e99cc97b7b1963fbb8d8603b8fa624a8033792bd9103,0x315e5193633a962b3f369f9c3833d973d0588ccd,0xf32e24b7f739c7c17544cb972833ab551121a72b,0x0,11645676
0xc3308f8e018ed3a3c7867375836a86bcf5252eb8d9394ab25149d1e98d52f311,0x1276148ac726b149f43449a2055270c8018d9142,0x87a3effb84cbe1e4cab6ab430139ec41d156d55a,0x0,11645676
0xdd664274afd44fd6f60f871d0db797f4295cfb92751df1b0f81fa93522886bd5,0xb9b390cabcc2aa9a22cac4f39550e0fe0ecf25b7,0x0bf3de8c5d3e8a2b34d2beeb17abfcebaf363a59,0xe9598788b1e7,11645676
0x83fb71024b5797154299d77dec9fee347f6595dfe5ac97bc39e4f6e816fb4102,0x12d95b0d933076dfa65a64644fe8ff0eed519f79,0x87a3effb84cbe1e4cab6ab430139ec41d156d55a,0x0,11645676
0x6659fb9cbb2510807c458020130a3736d3b0811cc4fa763735d6007fa0eb2ecf,0x01c1b0a5aea01db7288e2615748d78f434b7d5b8,0x87a3effb84cbe1e4cab6ab430139ec41d156d55a,0x0,11645676
0xb0012047afb0f8894ad2b28acd6c670102d617ef6e27abc601df3041f40fbf16,0x1ad751858ce4d5491d7c4e985dbce6a2c9eaeae0,0x87a3effb84cbe1e4cab6ab430139ec41d156d55a,0x0,11645676
0xc73d333d9f0b4b31a8f5350896e94b2797ac1972977e6096c616b47a7bb8e272,0xa12931d27df35850c77d14fc4d7c1dc5999b710d,0xa57048658797e7d2691da929efe85cf635b82db6,0x6fde2b4eb000,11645676
0x177324dd6eddb51f5ec877424aeaef4ad8dff3940a428b428f22f55027b0372f,0xd0f62816a03eac92026f25285dc043471c4a7e06,0x73b668d8374ddb42c9e2f46fd5b754ac215495bc,0x0,11645676
0xe5f10ab9fe768a79498992be6c8d55ea832daae7ac6224536e7dedd86e423376,0xb3744678b10b6e264001aff61cf9982c457f8782,0xee567fe1712faf6149d80da1e6934e354124cfe3,0x0,11645676
0xc8aed2ac86361f0e2256126bb4c6819ab18609c13fb2942f04f98cb5054d8b47,0xe99e8592259493bf23f5e99b7d0e434d68eef77e,0x73b668d8374ddb42c9e2f46fd5b754ac215495bc,0x0,11645676
0x2934d136227b46289a413c2ba0fcc94cc4c4e6a71cf376b94f38f0cda79945c7,0xc84a0928632382e75c543acced101b9525027362,0xb2c7711b887cc1f867768be224f85ad30bb6da68,0x0,11645676
0x268f423a35e5e8e3f6a9ffa730b77762dd44a4004261c88260d19ab243cfc32a,0xc84a0928632382e75c543acced101b9525027362,0xb2c7711b887cc1f867768be224f85ad30bb6da68,0x0,11645676
0x143808dc939b16a0d9ffc6ada04a82aec452e617e0e1533543a1ba87563542a5,0xd8d3518701bb08baba3413d30e8cd32317c0e3cf,0x87a3effb84cbe1e4cab6ab430139ec41d156d55a,0x0,11645676
0x5393c08111effc21490d4fa802cfa8e11a3f5f6dc5f0ac0d504abb09db1c0e63,0x441ba94271c618c5d312f50e212987e94f5df1e2,0x87a3effb84cbe1e4cab6ab430139ec41d156d55a,0x0,11645676
0xe8e4af6ec40cd1e28c470d3941c82f9303a5b6c8a658f199716f89b2707af26a,0x7f3c05e7639d139d5c6a62982a1b4c90366b551b,0x87a3effb84cbe1e4cab6ab430139ec41d156d55a,0x0,11645676
0x77c126651fae8bead7a1de17c06d825a35024257a18ca17a4363be1c551a2ab5,0xa5c1b1f3c9461cbbb8462ab9b3a9e8db84e99aba,0xe787c35f6a875567409c4970ba7b41a0cb9d1b4d,0x0,11645676
0x5be3f2c1eae6ba4fdfd9133c50f6d1a5ad8e8786726ca36d5a85a6521701bce5,0x09a5f3a2655f1d74bb0d251cb61d308779afb093,0xea30c4b8b44078bbf8a6ef5b9f1ec1626c7848d9,0x0,11645676
0xd678478c81e6c6e794e833111f357aa1d8e0cf624b6c2b52660dca61ee9c3565,0xc0ab267b1be249fa5c04e1f9e3b497d38da0ea1b,0x87a3effb84cbe1e4cab6ab430139ec41d156d55a,0x0,11645676
0xbd74201c5c168fb2619231acaf79ba1b9981607aec8ae6f2d74c14beca879635,0xbf93a265332a2d01569918a9e2af4f20a32e9d7b,0x87a3effb84cbe1e4cab6ab430139ec41d156d55a,0x0,11645676
0x0ffd7b3cbcf53092d140e328d906e1627dce4aaeca0b8dc953249c81e6813334,0xcb2521cb15949c3ef9440e67eabcf4dd31133741,0x87a3effb84cbe1e4cab6ab430139ec41d156d55a,0x11c37937e08000,11645676
0xe65b550bcff641a04f59ab3aee51f7c0ba726767e340585cfe61d8ef939eb0b5,0xa34ff729c816d25a8c12d8534b7c828fe0c05975,0x87a3effb84cbe1e4cab6ab430139ec41d156d55a,0x11c37937e08000,11645676
0x30c1d8fcffaaac092a4108aceb4eb5b806ca26329ea7d203decb2692ed533939,0xf255d863bafb5694846688292f1ed481fadf2ba6,0x73b668d8374ddb42c9e2f46fd5b754ac215495bc,0x0,11645676
0x06f71a73caafcba2739ee8b239c8ffd275cd439ce5c33f045e2dd1889f862bee,0x2f8e1176ae8ce0538fbdcf4efd788664908b0125,0x2bd57c3ca216f0d38b18bcfd14595f12dfb13c35,0x25adcc38,11645676
0x79a61785b8013db21b90d0de06462fc3b9b5d7d715baf94260c5969ea6c3e8ba,0x7542f9169f637d9af9365a163c524e158046bc16,0x87a3effb84cbe1e4cab6ab430139ec41d156d55a,0x0,11645676
0x07dd6e10311b68e579a79058338cd89d74af573e0bdeb7d8eac7da3ef6bf284e,0xc03bfdf1c576bc3720dcd45b6b4ef6a0aef4dfe6,0x0820f975ce90ee5c508657f0c58b71d1fcc85ce0,0x0,11645676
0x3e6084f897ae20e63849e1ab16bb0300b7c56dd3d6bc7b72ce55e5e26a0b6419,0xb71cb45443c2c4db3405ae2cf1f2c587fee3c4ab,0x87a3effb84cbe1e4cab6ab430139ec41d156d55a,0x0,11645676
0x9218c2127ffbb2eb09fa22d9cd534b74dc50d74d8cde1057f9f2124e32566eea,0x732555f1c1ee461a7d25c2a390db5d26eb452b06,0x1068ed496d21bf5357b2f1e9d25f46934f43ca99,0x0,11645676
0xc3b3a97d414b3e64f75dab6853b2c144e03bb867c1b0cc27938608ca3e570e77,0x490f8192725255c2c3de0cbce66312335ca019ad,0x41e88b8f0a06d8851acedec66b9012b109cac2c0,0x0,11645676
0x29667b11e54cb80f592f07a2f8f473cbbcd1543f1cb66a425e5cb08785030cb3,0xb13944620ae764f5dff7b731f542c960cca96b32,0x73b668d8374ddb42c9e2f46fd5b754ac215495bc,0x0,11645676
0x4667a821bd833ea12df04434baaf49cfecc4d3105401d3cf6e92af1dc30cb09c,0x2f60ee8add3cbf1f32f52e0416ed88474702688b,0x09b39397d70a5fcdd221c77c909f8f68602fa77e,0x0,11645676
0xf8bb144b0d3ad403497ca9c7fa341f364e8b185b4ae2fa2600d9e621519f4669,0x3c838dec10146e36638c3f2f3d791f583903a9ff,0x73b668d8374ddb42c9e2f46fd5b754ac215495bc,0x0,11645676
0x2ecd88992c9977914210a1ab6b363956e8bc522c5d4aab3588a285e620b9e0ec,0x805a3703aa8b56842e433a15990d69ca950b8341,0x73b668d8374ddb42c9e2f46fd5b754ac215495bc,0x0,11645676
0x11fd2a28818912609192f9e1a99c3ba6eabf9e43693b7ab6dc0243bd65707cbe,0x805a3703aa8b56842e433a15990d69ca950b8341,0x73b668d8374ddb42c9e2f46fd5b754ac215495bc,0x0,11645676
0x49923127419833dd343e931c249aa86e6af4a0f2cf26bee2868b34dbabf17f45,0x805a3703aa8b56842e433a15990d69ca950b8341,0x73b668d8374ddb42c9e2f46fd5b754ac215495bc,0x0,11645676
0x4c5f67b690d33e571ef762c2baee1072c9aab8713c3aa09a51334dc14ddb9d1f,0x9dc57c76231717dc3030ba99200643cd22ee54f8,0x932b416fd1afec7b36053885813f155f2b079de4,0xe8d4a51000,11645676
0x360bfc5c73d0935376ef5765639fa1508c0f1474a395404966e94318d6f59d13,0x412cbfc57bb43aa61bcd0964d59d244d001e75ee,0xcf280e00acefb8e26011655fdf5e785ccd7a5e3a,0x0,11645676
0xaf9ec3800c090883c767294bc3175759b1f33baeb894967cbe319b8d67f0e716,0x514e085cfdfc8fefd8cfd011daf5f8c5e5e27d58,0x73b668d8374ddb42c9e2f46fd5b754ac215495bc,0x0,11645676
0x3cde7ba31eb3b7cba2f3c1178d315341617d61a6b79aa0fcbbff37a8ef3fdd79,0xa0a3fa72c6d6dc0682fa8d4480a09fc1c6ba0887,0x73b668d8374ddb42c9e2f46fd5b754ac215495bc,0x0,11645676
0x2e3a011ac71283477488b17d545450f004d17c9892093a45ec2b6fdefed46751,0xb2248390842d3c4acf1d8a893954afc0eac586e5,0x6c97864ce4bef387de0b3310a44230f7e3f1be0d,0x0,11645676
0xc1e0422cbccb6bbb9f7363b8f354252321eae5a585b7d4a6685968c23c4d2edb,0xea2893eefe2bd0eb5983f2cc655ccb6669483877,0x73b668d8374ddb42c9e2f46fd5b754ac215495bc,0x0,11645676
0x96757115b6987228928f50c1041a6f0def2e78c1047f77dbc67a647518ad2635,0x8d1914de684e60af618920cdb0e9db157f520735,0x66a844f8f451e861e95121fc4573f79cfe541048,0x0,11645676
0x0de9a43a85007478dec0b872716649e9ce2016b27d5caef67460442027610d25,0x9492bb5305d5b16850343b210568b6291ac90cdc,0xf61ff30067690f4ce202d8b2cee5d6c2fb1ee9e4,0x0,11645677
0x307b0a282f9fd9855c2d49389b7554129ba4d12eac240b67cecb38fa66658624,0xd844ba11f64d23a7481e24474d2f184e350b9b3d,0x1c7d4b196cb0c7b01d743fbc6116a902379c7238,0x0,11645677
0xa02e918e399ef8e38d265d4b5680e5c0373cf85d73086a4f2106a904399371e8,0xa4570b450feab35b6c4b362dbe0e522f64e362c3,0x00289c189bee4e70334629f04cd5ed602b6600eb,0x0,11645677
0x6db59ec34b57c30bf74b9d2a405625115e7e6fa48fdbddc691fea946b764814d,0xf2629ba5f05a154969a3b56fdf5077fecfe98590,0x5f70a709f9d884059c3d2a53a79d156a5eb108b0,0x0,11645677
0x41839238a3b6282c498c7b4e3a3d2cc35638fcffffae265403bb9e3b2f9956c9,0xaf23088b8284ecc0739855fd8ef3e83116c56666,0x7c12204739f27057b5ed07c691534b461517a212,0x2386f26fc10000,11645677
0x3014ae7819e59cdeb13c56d213d4295fb2f464f754afc93ab5afd23007e0b0ee,0x45d2aba26a96b8c99ba459e16915aa53f0eeb1f1,0x9b5cd13b8efbb58dc25a05cf411d8056058adfff,0x0,11645677
0xf3ca363dfb7a02a6602567538dba3e8f3e6a49f0faf9a6f65e890a6b146c3713,0x2ea8738879e7e3ca2d6ea22e9e9fdd740a698a42,0x7a9610fc709da8f4f808b9df40a45f80d425ebd8,0x0,11645677
0xe4c6b9d4035972fb8451037aaeb93d872d014ade721b75aee6bd10870c8d4158,0xd803253e7c9d60cee0c81bf5a43bdf12c462917f,0x93083f60f1877a6ba974d5ed88bb74943deb8390,0x0,11645677
0x02d102922b858213a36017c21d5b1c678b63bb41dc265bbf519e8122b97a2d73,0x47e5902a48c5fbaba166b118cd159f2f5a84707b,0xfa6419a3d3503a016df3a59f690734862ca2a78d,0x0,11645677
0xabe98d501f90a8784856d4535e319b386189243ed6048bd5dcad671458a58cec,0xc6ce63292e201aa860a14290f5471fc4663ca6b2,0x10c15c29fb208047df6247514c0416c217e6f6e2,0x0,11645677
0x2207707149f8572838a3150db9d516bd8cafc173e73daeb090ad09c7832d5e71,0xba7af4ff71f138f7f55dca2edf78fddd6cf2a066,0x99bb09726b22bdefdf1cfa87074c0fa8ed49edf8,0x0,11645677
0x44ec839aadc2b95ffcfabbead2cbedd70e41ed868894ce5a8afb8412b642f2a4,0xa3544c5e25ae2bd3be8cd08e8bb10c174482bd04,0x60e8f2b6f4ae6cb53b034ca892e520b32ec129cf,0x0,11645677
0xbb63ea056c57d9c10eee9cb2dc620d9e4978770d92f7afedabcef0a10310c185,0x9cc15e4b56290e698a8fb9c39f0a97954e1bb4bf,0x87a3effb84cbe1e4cab6ab430139ec41d156d55a,0x0,11645677
0xdeec5b9be6b658a884f45a5ff8dae32d52b44cef2b39b8c7e02b7b9b7dcd01f7,0xcab8130de60c6032f2fcf0a84dc0dfb4126eebd0,0x87a3effb84cbe1e4cab6ab430139ec41d156d55a,0xe8d4a51000,11645677
0x49dabdcbb3bacaf52c4bef2b9415861573800eb8a2dadc4089446671734db7c5,0x46e98ec90335c6ef8e25d8ea91c3892700934cc7,0x60e8f2b6f4ae6cb53b034ca892e520b32ec129cf,0x0,11645677
0xe2d90d48af9a6680bcc077cdf8f526f9f954fea87943a8a8f0c11f7d0aff4b74,0x3713791579c941534ad5a1e525957d04f25c85af,0x899d225d779f41fa1ab422ab1b8a9408296dd5c6,0x0,11645677
0x96df1182cd4c6ce99189c84dd4847e5c3dffc64a9c30e483c3cd3d98a2023bdb,0xfdaf0300620d62d34530de2269343ea66864c2e4,0x87a3effb84cbe1e4cab6ab430139ec41d156d55a,0x0,11645677
0x2e7ef2e8168e0d1bdd8c2ccb7add5e0deda0acbac8d29337e1c573c08d3f436e,0x232e274676e865e341b02348a2173e8856891b0a,0xc894085d2ea87ee188e8c4cd589ef508ebfd170d,0x11c37937e08000,11645677
0x15c74fdb6821f96e4c119a879f241f1c7ba83b33ac739099aa87753a5eb8c4c1,0x62096f6b700e09ae6f41e137e3f1d062d7107547,0x7a2b32665571a7e948c76d51be4483eab33a86f9,0x0,11645677
0xc6fcb7e4066828502c0c6074214286a35c935a99cba13fff56e731c68e471b4d,0x741ab9fa3412c283f9b3da2baf8b7060c5df864c,0x87a3effb84cbe1e4cab6ab430139ec41d156d55a,0x11c37937e08000,11645677
0x398903d7feb42701f6c72d50f3adbf7a89f8195cb4c56a792b4c6d1197ed9139,0x5c9b4433d491155b099499238fe340125135f550,0x98947c2d70e63b7cc551c0cac2c3cd7345b66353,0x0,11645677
0xfc011d2771e0741697041f434239b26243f301540d82383c1eeeed571953abbc,0x9988c4aa149ab2c2693b244b86de12ac606c5831,0x09b8c51c78b79beef0c74c3fabc269f67614c12a,0x0,11645677
0x0334d3e308837a21f1d4c7093e2026be3f78268ebb10af95fa63e8dbfd1f1b2a,0x7b2f104c3b13eac6e8842ca2bc4d46d00a151962,0x87a3effb84cbe1e4cab6ab430139ec41d156d55a,0x11c37937e08000,11645677
0x65dc27e9a88be67ee591e4af8218ed9e75a374bab6e541227f67462f5e07aff1,0x579562eb575be3cf7bcb229eea4740afa1ca98a8,0x87a3effb84cbe1e4cab6ab430139ec41d156d55a,0x11c37937e08000,11645677
0xafc4c8ead1608afe478d2cdd6ebc499511a4633cd02802def1b1ce540b1c7144,0x2f5b848af0512bd3521efa4b91ff275d230196be,0xbc5b398cd29d812f868d38a72bb14bc88e231192,0x0,11645677
0x57450783988f041f731e55fa3305d47f97adc5cb56db320e47d536581ff726df,0x941604790863b692f6f79474c5264d0fbdef89fc,0x00e71cbcf7e567977524993751ebdd088dc39ab7,0x0,11645677
0x8e755ecd6db37f473fc0901e81aa9a18c5b8adce8fd1267cc2fcabae11b19bb9,0x68dfd161aca2dbab631be60b104d8398ad98baf8,0xa90a5816bee7771f74fc6688ed152c33f2ce4a58,0x0,11645677
0x4985c8507850843bcc361823a0adaf965f1d2abb975f1415c4b712dab224c28e,0x88cdd38a3445f831c3dd11a325554d2d13a97a9d,0x7973de7a9da5a8a20ee6d62231502fd8b9259057,0x0,11645677
0x53cc8de4926b2c7ed20ad0d91e8967d2aa27765d6322ced7272444a2948a5b3e,0x2514c6f9654cd6eb42e5191d7784e08ee0d119e2,0xed5d44cfcf23fa7d0932c33d60cd2d808fd238c0,0x0,11645677
0x8e72decfb122bca7fbcf5e49cf11eb870a3eff9e92c7b67e0b6cabd7651c03d8,0x5120646f6bf546b76f82c05e543d194d3e651c27,0x87a3effb84cbe1e4cab6ab430139ec41d156d55a,0x0,11645677
0x6f43f4bf1e01eef54022081fa833435da4d8078bae6d07e9cfb1ca201a9dbfbf,0x75d76b2d261c1af6788d37b7a109e683194b4aa8,0x032583cb51e239f82d32ef659aaa1ab1f38a58c4,0x0,11645677
0xdb0401c4c0cb3d5ce3e3330cfc09f7d956e6cbac49fe52582126452638be88b7,0x11ffc596371ccf2919c7f1fa9c1247286bf53b6e,0x87a3effb84cbe1e4cab6ab430139ec41d156d55a,0x0,11645677
0xaa027d2039550e35905f1a285b2483ca7c466b7d37b625004e6ff24414688718,0x23c62b23d3bf56c89dcda0dff9c4111677e99b2f,0x580dbc98962026a407fa304642abdfca4cf62f71,0x0,11645677
0xc03a3bde53da5cea3b48bbbc795cd94c77889d1494bc03c2947f86a9de5fc8f8,0x17ec049833f5f581852ef7af462c51d9b3c703ed,0x87a3effb84cbe1e4cab6ab430139ec41d156d55a,0x0,11645677
0x4a745105ed7834743a907f77311852c220fdf933caf8cdb5f5b4f08fee0f28dd,0x8f0ce713bd3974b7996d3d2f370755fcd2ad4e44,0x87a3effb84cbe1e4cab6ab430139ec41d156d55a,0x0,11645677
0x118d8c975c5a500f20bb16264179716d6d733636e2c0543da9d516c84efa16c2,0x2f2798f0fcaefb72470cab202545ce0227f7e364,0x60e8f2b6f4ae6cb53b034ca892e520b32ec129cf,0x0,11645677
0x1e79a2e6f2c5cbc04d8527e71b8dbff7db31bc4ffdd221e5d0a46108ef9931d3,0x6a7480fbad047d39b7d6af6816b0379139c5a596,0x87a3effb84cbe1e4cab6ab430139ec41d156d55a,0x0,11645677
0x769ad3169262c269af775d2dd683620d2fa25244d45423c7f36a91eb0593f006,0xaf23088b8284ecc0739855fd8ef3e83116c56666,0x1862d55000f09aa762247e3212c6d2baf3379f08,0x2386f26fc10000,11645677
0x712f2e8aeb3888b93e6b46ead35dbba4c11a04931b84efb357b8cf1c3a51a9be,0x83e47cf7d37ee93346805c7cbd4ae49e62a82a99,0x60e8f2b6f4ae6cb53b034ca892e520b32ec129cf,0x12309ce54000,11645677
0x74f4cc6a5debea808a42d950b54c1551e90a1ece6eb9726af02e5dce2db611af,0x412494320555fcff33f27c03312c98b5e3731ccd,0x7750f6ded68435d6ea3415cea544126be54d208d,0x0,11645677
0x266e2132e95a1e9160db0f0cef98771a8934ef13a4371656f4f1e72ad2166846,0x232e274676e865e341b02348a2173e8856891b0a,0x3469375b5209169066069b4517ea2ae4f5895884,0x11c37937e08000,11645677
0x45274a284cc3f0b23f7524518cedf96ecdd0894af2f1d50dd2ceb094566b58f0,0x111403caff9287bf6b6b3820ab6871128e08e710,0x60e8f2b6f4ae6cb53b034ca892e520b32ec129cf,0x12309ce54000,11645677
0xa069167285b4c99cf2d0d3e5d6fbbbc29d21c12c38cd0cbd83ec0278bfe670b0,0x5dc429e7557428881341c5c63600b190bdc4bc37,0x87a3effb84cbe1e4cab6ab430139ec41d156d55a,0x11c37937e08000,11645677
0xb5c3fc355541fc11f09a5d5a0d6bbd7930cf5efb63c8013eda1c94028b8b042f,0xc7c81a9d070f317885cd26b9d95558a165e1efe1,0x87a3effb84cbe1e4cab6ab430139ec41d156d55a,0x0,11645677
0xac5a0ab432bc90ec97bb03ad9cb4536d327c7148b4d91e4cee6a6ee36a00ff74,0x03eeb73365beededb0b643ffe67d11309b1c08d5,0xbd2e6ba20b26123205c99191a525ee7d95929e30,0x11c37937e08000,11645677
0xea39f35b0ae16dc9ac7fcd937bed7d1db7f12219092d3efd2f55e5cf4c0a05ad,0xe80170a5adbb8a94f5385f5ec4dcdbba00bb999b,0x54f99a0607e689788464b0193737d6a8a78c16c7,0x0,11645677
0x8f8ffab20faadbebddac50ba9fa637287d8401c7d43cd699c32d16bb25ee647c,0xa5985bd81916b1f0b416c2baea836069a9f1a2d1,0x60e8f2b6f4ae6cb53b034ca892e520b32ec129cf,0x12309ce54000,11645677
0x93a8f51159a9ff0b08b9dc446a93f7df02bf984b64f5981fd9d2cc4a6c5d0cc9,0x3c8af0bb4f2d7f9049de5e013d2723e7901762da,0x87a3effb84cbe1e4cab6ab430139ec41d156d55a,0x0,11645677
0x7241f1759fa92a3ba1b75bdceb88e32a64decdf98b947376e2e62bf7c466e816,0x45e3a5c20d63d9c5951da48603b5d7fc8b5029b6,0x87a3effb84cbe1e4cab6ab430139ec41d156d55a,0x0,11645677
0xbe7f5ce35833e0ad22f785346626d9bf89b5a184ea68b867bd5254327c90af18,0xc186017f954b0a234c57a308315b179a7d75b068,0x87a3effb84cbe1e4cab6ab430139ec41d156d55a,0x11c37937e08000,11645677
0x9ed9db69fee8321480dfa5649aff9da5960094f3f0b4620e9ec4c6d75325ae20,0x5391ea3ad13eba7bf91f7a69ba2c6f5db73426d0,0x87a3effb84cbe1e4cab6ab430139ec41d156d55a,0x0,11645677
0xfbee7f24c177efcdc9e0e65e73f3170e6ab3666e1afbb6856d529f09c571fd4a,0x58397183d79a10704fda09e007d6455575a8bb6f,0x00b85df7acfa3f08b8b789650d49f24530329831,0x0,11645677
0x6c6c52f54f0687c08c62e01aab143c6a2bed5eaa093b8622c2dbfd39400594b5,0x46dee90e70e49fb3efd83ca9b3249fb490631b89,0x00aed28667cc89d32e8b758f95e0b521afdcb876,0x0,11645677
0xad86d5e70ae61b921828fec41d74612a05d2629cd3409f539ef992d66aa5ffd0,0x216e9b3a5428543c31e659eb8fea3b4bf770bdfd,0xa3e36262f6899e27bb4b1802e8298e843e74cbc7,0x0,11645677
0x2738174951405f25c4fcacefe723bb7e939295d9baeb6a3bfcc94634d7659f38,0x6a830c36e863e260d408a86083d2276b0902118b,0x290df9be25eafcc26d6c5e6c2ea8034113ccfee0,0x0,11645677
0x2dc07c45bd20b1303c42940ab66b4febce04748eab5cfef1312855fe61f70507,0x6a830c36e863e260d408a86083d2276b0902118b,0x290df9be25eafcc26d6c5e6c2ea8034113ccfee0,0x0,11645677
0xd36fdded080632d28ec7a648b0682e0a335faa683cf243cf59e7262b06570fb3,0x121f67f80818ac47ee227c4ea5f44db8a6b110f7,0x0c88262f03b183dd183c2fc7a78578dbce1e664c,0x7e6b759fb000,11645677
0x4728fd0ff5ffac7a980091ff263d74848a1754132a4663eebf60aa91063ec9bc,0x9c260e8180d19f01cb97801c37b7f03c377bda70,0x0c88262f03b183dd183c2fc7a78578dbce1e664c,0x7bb0f7b08000,11645677
0x8cee8d89d4d3f07995e7f6d7e3780621b2416a8c2d613582f1ababb9ad1832ee,0x3e8c69fe4f88bb8418661a85752acd0cd04216c6,0x0c88262f03b183dd183c2fc7a78578dbce1e664c,0x1711595e86d000,11645677
0x5f6fee8932f8457699d740dc7c00cbe9d41bdd7486d9d8a76fcb82733f00fbf9,0xc48c3367287e08416c8005136d381b8079d797b1,0xae1150b6b6147da6ebc0acb638febc234398cd1e,0x0,11645677
0x0d1418040f46fe06e07380e6ac09eae2c5f86e4e45de15e167cfcdceb163c6cd,0xec3568a3d5ecc0755d0e6c5f187aa24876d427c3,0x2bd57c3ca216f0d38b18bcfd14595f12dfb13c35,0xa968a7fdee20,11645677
0x8f9fa18864bfc7655d0ca6868039cada502d2d120e5520263714b8c12dc656d9,0xaf026e42f5f8a0dde581bc214091219b8f4a5e6b,0x0000000071727de22e5e9d8baf0edac6f37da032,0x0,11645677
0xa9102ba9598cffc95eb607e1d56a9f353e35ad48dfe98c4e0023b37785b74e90,0x1e0fbf7334b631769907ff22da68741e8ad6cac7,0x08ddc3871b7b7cb42376dc13c518a063fc1c9d4c,0x0,11645677
0x32e33109ba3425a8d5563af041cc2276a0015733fbed6110713cfe3eeec853b7,0xe4c9b43a08c054ef2b0a319aed3d7d4cf879ef49,0x5ff137d4b0fdcd49dca30c7cf57e578a026d2789,0x0,11645677
0x90fb1322103768efc9af38081eb7778db7ee5f45cd2a44eadedaec7b549f19f1,0xe32a96e9b408393e67546fe0ad6a998d8d20b3bb,0x983cfc9eaa1ed9a70a1be2b293a9cd64520b7a9d,0x0,11645677
0x385432ded1d8c8f13ea88768cb347c606807dbd6b9f28806ee084e21f6034042,0x7c4db55dbc569915e821433aa3d0fad1649f009c,0x7e8b0dd71be6c1216fd7334e7e5eae8aa2e7276b,0x0,11645677
0xf5ddc1eec9d206105db6ec6c63a59fd5d9e9c264bf0a52955799ef8fdda0cb4a,0x9e0533c638c3dcb3e9d5e38ad28c917315573017,0x803bc3291b79c118eb6a8431a42b9946bbc4ee36,0x38d7ea4c68000,11645677
0x905725714fa2dd1e181691da48cdb0a7b8a38c22ac289284ccdf01879b23d386,0xc2fece2c0fd2592593f6018183721fb8c3460c19,0x590c95c6bfbc5b95964701cc90ef6bc33a9e3427,0x0,11645677
0x5125a1ef9b2a5d3291bd1aa427da01d445673f8949a03854c72934e82e56acca,0xb77a7a4583e9dd6eaf2f1a845a3915ebdff2e395,0x590c95c6bfbc5b95964701cc90ef6bc33a9e3427,0x0,11645677
0xf722b30aea9854226b9ff53876c63ccf25200c43d0d9dcd6d63437b2993d60f3,0xd87873fa7b1a62c947ca7b3c2ae31ad356268cd6,0x590c95c6bfbc5b95964701cc90ef6bc33a9e3427,0x0,11645677
0xff18170fd3618a4fd6ca5b7c5857349881a7d2265b0f93196a69bf4df2200f2c,0x9fbab94921d3832bbb2fd3b93a06f17be2d1845d,0x590c95c6bfbc5b95964701cc90ef6bc33a9e3427,0x0,11645677
0xc1e54e4f82f205dca881efaf0e199915ca44446345b730a1013fef23c1b70af5,0xe87b33128c93cbca0398fe4e5b577ed861a59f79,0x590c95c6bfbc5b95964701cc90ef6bc33a9e3427,0x0,11645677
0xa041c5065ecc5abc995014cb15ff3bdf7c63fee4ab671355950a07ce0aed645a,0x5157592a233a7a8dc95b7eb916850681aaf1f098,0x590c95c6bfbc5b95964701cc90ef6bc33a9e3427,0x0,11645677
0xe7c89f371f4af56bfcae7bc152079e4d264396693229822c09fb0184005c6b59,0xe6cb61bda0681f1642ae345edcf6b30819de8181,0x590c95c6bfbc5b95964701cc90ef6bc33a9e3427,0x0,11645677
0xdfca740c865da85fa7c49f9684f79aa4783ab1c7eb1089b94564f943cba6a2ba,0x6f2b0686c7b5a831fae9073e3c403530a4e64bc3,0x590c95c6bfbc5b95964701cc90ef6bc33a9e3427,0x0,11645677
0x7ff5ddbb753ef40ab7828f3dcf656e171ac33f0dbc0e702aac0e9d932b3d214f,0xfd9265bb88101dc214df471b6251969be01910b1,0x590c95c6bfbc5b95964701cc90ef6bc33a9e3427,0x0,11645677
0x3d9d09fa87888150f74ec1d61ea12fe23333712158cb145b0b91791a9787e641,0x0169098f7ef457d386c78218d67c9f00d0394982,0x590c95c6bfbc5b95964701cc90ef6bc33a9e3427,0x0,11645677
0x4eeecf4f21e985d3d4610a11763fc2b59dc1f76b3a61a81ecbf7509c0aaf1a23,0x14a730f64980003df6f82f70c6083cf31e25b5e7,0x590c95c6bfbc5b95964701cc90ef6bc33a9e3427,0x0,11645677
0x16455aa34486f98b22e35610bbb5ae5c686e86a4c34c9e58dc8914e301671397,0x6c8c026d0f966defc937b9d536fe07f5915d14ad,0x590c95c6bfbc5b95964701cc90ef6bc33a9e3427,0x0,11645677
0xa7b42ed32f7395574c67eb1c76bc80d0536b2525abf0b5ba0cd3c523a103deea,0x07e64b127c70bc7d366367cb719b9ddbc55c20c8,0x590c95c6bfbc5b95964701cc90ef6bc33a9e3427,0x0,11645677
0x3815f5300c453b40ee083f149ecddcdf87ba7e62800bade291269c6db99ffb52,0x8ca045450dec3cea547a8a00b7abea7efa4b7720,0x590c95c6bfbc5b95964701cc90ef6bc33a9e3427,0x0,11645677
0x19fc924c91f5aced615457b3e3f46423191b4b2f7a28d7211e38372a761f2d9f,0xfff1ec5995c5e5c3fed9d34edcb4156f3a973cb0,0x590c95c6bfbc5b95964701cc90ef6bc33a9e3427,0x0,11645677
0x0b9f4b3a083a1672ea167a1ec508aaf8d1ec8945a7a8224766dc6f5830e7d9ef,0xadce9d903b8d71e47483ed6be7f50c264127b7ce,0x590c95c6bfbc5b95964701cc90ef6bc33a9e3427,0x0,11645677
0x6fd7d2a171db1efc516ad20dd2edc610a3ad0780faf94d3b062e523d159cad32,0x23ff3013f0d7788fda1326e842e36b4686a7e370,0x590c95c6bfbc5b95964701cc90ef6bc33a9e3427,0x0,11645677
0x492bc068bbca614ec1d1060a94e6a378afaf7044c37953dee60e908c24c6c40e,0x91102eabde35a559a10617771029d7e0b5ed97a8,0x1c7d4b196cb0c7b01d743fbc6116a902379c7238,0x0,11645677
0x16bad59e0939eced1f5705c1006a6fb1f6f13c39a3eb67ab252a568f5b5eed5e,0xa6833e47ecde4abe93cede5824a03595097cd592,0x2bd57c3ca216f0d38b18bcfd14595f12dfb13c35,0x84c946232000,11645677
0xc8389c50f4fc593661735d5a393c0f6434e33333c1d14ae4b2a57bc4d84384fd,0x2133ad035faba0a5e406cf89e732a21bb493ce76,0x2bd57c3ca216f0d38b18bcfd14595f12dfb13c35,0xcbe5b84cf3000,11645677
0x5f8cde70bf84e0e621b21bd7964307e565373ea7675fb3fc06a1392d2e63852f,0x277cfd002a7f8c6d025b13356ff2bdba1d66089f,0x2bd57c3ca216f0d38b18bcfd14595f12dfb13c35,0x4bd4414216000,11645677
0x98bb4a37e8304387fe1ba72a11471a32e66a9d891b5517a919de778f3c342d7b,0xb2636688d027d5b22d3edf23598f0c188c7ff737,0xb41a8d307167be5db945b78d997f6016da3bb6c0,0x16345785d8a0000,11645677
0x29e0fd513324544436e494061c49776de56fc97b554369727e97a674fdf6d0da,0x625119fee5bbdb7290f17a6fdd9826bc28e07329,0xb7407f5b76fad92a47bb0a4a318ccc7a3906d2b3,0x16345785d8a0000,11645677
0x6a72a2ca867d208e567d5d092dc6b044e7838ecc0037752e1ed95fe6277a1dc8,0xdc8dcf487a6421a2a2f268607a28f95522fd9ec8,0xea30c4b8b44078bbf8a6ef5b9f1ec1626c7848d9,0x0,11645677
0xfd851669bc80eddb176377d36bb88dc71a484780df2a0a8c2d26358503c1774c,0x6cd01c0f55ce9e0bf78f5e90f72b4345b16d515d,0x85090a672afe0d4197631ab1ad8622b6ce5f6dc3,0x0,11645677
0x76070791ec237d70111f854371e0e371c65462daa37e8cd02484364825b38175,0x45e1937d7e4207df8987ec96484a20c94edab148,0x87a3effb84cbe1e4cab6ab430139ec41d156d55a,0x11c37937e08000,11645677
0xc33c7497d1570d9677f646be1f0284b3947e63ab43d4524408c89bff1fbf52b2,0xf2755301822833f3e8ebff9de49b27bd899c0fe7,0xe8a3b616fa79c77908f304ab7c0b03976295c4f0,0x0,11645677
0x51a5ae376ae17bff4f4dc13d6690d7548c1625ec0cca08c93d8ae39691369adc,0x9dc57c76231717dc3030ba99200643cd22ee54f8,0x002ef50fe9eed64e224e2b36dcdc59cefc0ed2e2,0xe8d4a51000,11645677
0x75ae0467b7e1b630af80d5ee82618462d72c302eafb2edc48ded7b8fdcf15442,0x60a0165a974dc39144a801eb08e71a09c767f510,0x0820f975ce90ee5c508657f0c58b71d1fcc85ce0,0x0,11645678
0xdcf7c1b217bc240d3245644ba7660057c5073d144037be0595c17fa9d86032ce,0xf116201747b57e929db0785bd31adfdc7d829723,0x139e06b6dbb1a0c41a1686c091795879c943765a,0x0,11645678
0xa0bb1121af6148c12b0ad7acabdc9ee3bdee12c515ef378d83b89a07fb89e07a,0xd4c0b787aa2ff9eb751bb515c877ebbf2daddaae,0x1c7d4b196cb0c7b01d743fbc6116a902379c7238,0x0,11645678
0x8bb86408a798a4ceb09f7ef3c4f3c16eb946d8b5ad23ba341555d57632a02810,0xef7240dc0d5368b6d167be8c2f7b726331144af8,0x38356e672bf0d431cf2ef151924b662f5d106900,0x5cdc023b4800,11645678
0x0d7374d50a0919b4087bb79f6a2df4a57196173b57cb0702b35a5b8c24e875dc,0x4ab3387810ef500bfe05a49dc53a44c222cbab3e,0xff00000000000000000000000000000000001301,0x0,11645678
0x59721434f96768f8411d132fe97c5daee1cbd8a3d6ecc6fdc9fbc88e93098642,0x77719230bd2a120ac7a1ce82ee987e970cb8f19c,0x956962c34687a954e611a83619abaa37ce6bc78a,0x1b0028e44b0000,11645678
0x5ab643ec8c0c1040db1982d3d6dba36481c3894a65e4c61296270b84bd985c04,0xe6ad325573eb0b6f8edc7ee5c54d3d6179bbf687,0xf4f194dc199d79305ef03c796a1a449dfa57e951,0x0,11645678
0x31d573063be8fca7ab66a517d3add3225a6cf9c1dd142dc8b410381171570d1c,0x69394d9fb0cf4edab537804d8eb1639b07471ec4,0xd09416d328dfaa07a422a1df233d1d968b80fbf8,0x0,11645678
0x1c445e67e7758546e83e3bd6770b0f4f0a0e250ac1dfe6f4b1647a0b913ec59b,0x922421816b2404e94ba40c3e903a24671d5a61d1,0x022c60d6bdac7daa65a035e2aba297be6a26c64d,0x6a94d74f430000,11645678
0x3b0a2b99fa99e04547daa0ac5c79b1765c5518ef66906d205681a5631309d657,0x47e5902a48c5fbaba166b118cd159f2f5a84707b,0xfa6419a3d3503a016df3a59f690734862ca2a78d,0x0,11645678
0xa3d71d4abd95b88bad9af0dacaff78f9d136e7e49c89696280020978d541449c,0xbbdd4c20d756cecc08ac40027cf7711d8fc07653,0xf11cf5a42c0a4f7e5bade92c634fd2649f4ef53e,0x0,11645678
0x817800f6b9a7af3e96216be94ad99fecb4bae1cfba7f45196478ca6390ddc175,0x191f96b468fa35b721b993908674af29366ded23,0x87a3effb84cbe1e4cab6ab430139ec41d156d55a,0x11c37937e08000,11645678
0x3a7dbf6bcf3f1c0e863231dab8e30fd73b715a32ac6507f3754ebdf80368cbe6,0xb67d5b72c4ea232de0342bb51570c26287a2a651,0x024b90d5d543ab312604ff347086941d9c1513ca,0x0,11645678
0x18863bbea9cb1d5994c39fde0b57fc22582558d09f531cd4014f68a48aaa0bfd,0x8d46c826a71ee52d6588deac29090c823670a9d8,0x60e8f2b6f4ae6cb53b034ca892e520b32ec129cf,0x0,11645678
0xf5582904a04b3a7299ebf545914a2b7a6860c50e44cffc20dec490f551515b11,0x6823132e04d03a34db72f800ead316abe898f41f,0x87a3effb84cbe1e4cab6ab430139ec41d156d55a,0x11c37937e08000,11645678
0x77aed4a2c2aff82ba6671cee197e9c4f8a913e6086b497d9d1cda1d065ef87a0,0x661af99a40de4946f454923ea807179c49418edc,0x87a3effb84cbe1e4cab6ab430139ec41d156d55a,0x11c37937e08000,11645678
0x78fbdbc78735c1aa7371ac748818eb3bb5cc6abf883759c5adda7ca00ccd74d3,0x498a8e365b8a26db4ebf59ab6ba6cf9fdb73a1e3,0x87a3effb84cbe1e4cab6ab430139ec41d156d55a,0x11c37937e08000,11645678
0x6dd295cf9238961f5e1ca23fc9243a58ddeb22bb9cff600295c49dfe75e426c5,0xfdaf0300620d62d34530de2269343ea66864c2e4,0x87a3effb84cbe1e4cab6ab430139ec41d156d55a,0x0,11645678
0xdc0c97af402afe35cf3fdd34469077116c2c0590857ef4549b06008c6d7bc06f,0xcab8130de60c6032f2fcf0a84dc0dfb4126eebd0,0x87a3effb84cbe1e4cab6ab430139ec41d156d55a,0x0,11645678
0x56c30ab649ec166e4bf311c1a2eee66993a6a0a8dc669dc54e6b0fd15b9dbfe0,0x232e274676e865e341b02348a2173e8856891b0a,0x7080c0fa104781c124eba17a7f650879f6e72cf8,0x11c37937e08000,11645678
0x144a12321b9dac5eab5675fccfbe8acd0cbdd50076f0a66da136d8bf29b84e73,0xaf23088b8284ecc0739855fd8ef3e83116c56666,0xd5281364aed77572ec8f3a56b3c9aad8d36ada8e,0x2386f26fc10000,11645678
0xe6090e902ae1d845fbc25ba538286ea1efb5457d7ffecb0b9076303974ac33a1,0x45e2cc620a49565cf06ae53b319ce944b95779a7,0x92237c4312a8cfe9b2f55bf6fb8e9c622b08c875,0x0,11645678
0x38d579f15c8524c5ee2fe054f2414434cbf61abbcd50a9132ffcb75ed3e80dfa,0x5dc429e7557428881341c5c63600b190bdc4bc37,0x87a3effb84cbe1e4cab6ab430139ec41d156d55a,0x0,11645678
0x77e3daf9744e87c6caf44e631d195d98f405a305f602429a146cdad6cc9bf18c,0xc186017f954b0a234c57a308315b179a7d75b068,0x87a3effb84cbe1e4cab6ab430139ec41d156d55a,0x0,11645678
0x237d1d7c2e2ec5bedfc23ba32382a7df2e3f2aec25089a30e3dceee8e96157bd,0x579562eb575be3cf7bcb229eea4740afa1ca98a8,0x87a3effb84cbe1e4cab6ab430139ec41d156d55a,0x0,11645678
0x41d132f717a3b44fcaa8b875d9cb9cb1949a3c2e46a0ca9dc6c2ece6ae0738e4,0xc894085d2ea87ee188e8c4cd589ef508ebfd170d,0x87a3effb84cbe1e4cab6ab430139ec41d156d55a,0x11c37937e08000,11645678
0x7ad481dd4d628a70b6482cf52a66d12b9642bcf551ad2ad9fddf3f492926002e,0x741ab9fa3412c283f9b3da2baf8b7060c5df864c,0x87a3effb84cbe1e4cab6ab430139ec41d156d55a,0x0,11645678
0xf65aafff137e9b3682867971a607753b1ec937ace7ced978d0b75dd6685e906f,0x280db72ffacb24a712308adcacaefcf8218254fe,0x16f5d6995e535f215a292d685a8a04e2427fe6a8,0x11c37937e08000,11645678
0x059dc7af08a6a31d0f61ef345a7fae03831724aa8ec22908cb1a44af34966121,0x4e0bf6f12cbd3d7829401cc8102b1f77f0dd083a,0x87a3effb84cbe1e4cab6ab430139ec41d156d55a,0x5af3107a4000,11645678
0x884fa2353cc97636ee12e188a3172f9d57f31f0712a8595cecb2e4bda22e17e5,0x7b2f104c3b13eac6e8842ca2bc4d46d00a151962,0x87a3effb84cbe1e4cab6ab430139ec41d156d55a,0x0,11645678
0xb1ceded78cbc22e7f3b560b6ba42abbd85711ddbdc5ce7042b20505982b80377,0x386d6b1747ee9ef9e6d51b36f6ef5740de2db6b9,0x00134aaa9760fb7f77e5a7780200e1fe5f3b030f,0x0,11645678
0x6cd0f008434bd9746fbc8ba6d37a8f7cec2d6f970a4fb9c135df685832eefc3c,0x0632215e32658508fc985bb80f22ee71377f7aae,0xff00000000000000000000000000000000743111,0x0,11645678
0x2aec301be21ab8ac08f7e4c6ea20a810b0d9eaeb1cda15deac34910acc917400,0x46dee90e70e49fb3efd83ca9b3249fb490631b89,0x00aed28667cc89d32e8b758f95e0b521afdcb876,0x0,11645678
0x7e51f5f15be02b551ff3ddf66df17b191537a50c3accd1a54ad86b52e6336bd6,0x9c260e8180d19f01cb97801c37b7f03c377bda70,0x0c88262f03b183dd183c2fc7a78578dbce1e664c,0x8b2716a69000,11645678
0xbcf464e445cc0d9cffc2f13b72e64d9444792e8c0ee03ffd9642c5a30dd9e289,0x121f67f80818ac47ee227c4ea5f44db8a6b110f7,0x0c88262f03b183dd183c2fc7a78578dbce1e664c,0xb32ba3055000,11645678
0x0b2148de5d58d4b0e86465261cb56a8756995198a7b8dd6d8e9457ab206d2cde,0xcfc987a4e9ff8ca9525a59a25e28f2313f665113,0x0c88262f03b183dd183c2fc7a78578dbce1e664c,0x6fde2b4eb000,11645678
0xa8cd7f0528e6182424510af4a9e5a134a937f040544fbf4c2b9dde60880ac114,0xc48c3367287e08416c8005136d381b8079d797b1,0x0c88262f03b183dd183c2fc7a78578dbce1e664c,0x16bf7e9c7f3000,11645678
0xc2f802e3e8915f28b6952ab76119c5de99d377c4746aa1bc9599f126a7c82599,0xaf026e42f5f8a0dde581bc214091219b8f4a5e6b,0x0000000071727de22e5e9d8baf0edac6f37da032,0x0,11645678
0x837f07e7da583b7d0e19a35363e68ca09495988145eb2b0c689a5987ee421a04,0x1e0fbf7334b631769907ff22da68741e8ad6cac7,0x4b365c2568dabda5fb4e2443840390f1372b26ae,0x0,11645678
0xee558c1afb6b323e962c88cd8ce6d10d28723a2a47eec12f99aa0ca9c0e46ad2,0xe4c9b43a08c054ef2b0a319aed3d7d4cf879ef49,0x5ff137d4b0fdcd49dca30c7cf57e578a026d2789,0x0,11645678
0x642dc990634e3dba3969bc3b42934fa462ce395707ad0f78606d98e9b1383b17,0xc9938624a05c727e8814553c5c985fd1e2e4806f,0x918fefb442154b66592b3500d45892efa6dd7526,0x0,11645678
0xbca8b6aed7c87aa0d43ac8ed9a187a011f640d129e772ddd398f6b29de39bdba,0x7c4db55dbc569915e821433aa3d0fad1649f009c,0x7e8b0dd71be6c1216fd7334e7e5eae8aa2e7276b,0x0,11645678
0x3bb64d53f79330b7772815b599b1c16352316353617a240ca89c77ed5152494f,0x216e8270b9887110548f6b70caaa453f455c2baf,0x1cf53fd9cd0b713be29f2b41ca17a943f138727f,0x0,11645678
0x48bc896ddfe7061334268791068c257e062c4bb9ed18ae1986955fc6ebb6d09d,0x3778f66336f79b2b0d86e759499d191ea030a4c6,0x1cfa2457a71a4fe8086a3fee61b90c347cff9813,0x0,11645678
0x2d52a5334963c6561ef1a003e3b27cea5b08c25186299ceaf9ce7da4f319f0dd,0xf50c72163f9e62922155907316fddce898c89e19,0x1c7d4b196cb0c7b01d743fbc6116a902379c7238,0x0,11645678
0x4accb47f590c8c71ab9b276d49d82c25aecb9b64f7b3dd137da77eaed314c865,0x3053c70212fa80903ca98b72cde30333896c559a,0xe2ef6215adc132df6913c8dd16487abf118d1764,0x0,11645678
0xb58bef587fa3c1ba75e34d28e1c44049846f30957176a0108b016236f29cf308,0x3dd83f07d76aae1b7d7eb8942713a51f924e2db9,0xd3cbf9e6aea5eb532b73da4b76395c0d00f7429f,0x16345785d8a0000,11645678
0x0a21b8db08745466533d90f35f74d4c707b2697cc898cab1150141da86e8070c,0x895e52d11d27fbbad776092a657cc021f2cd23fc,0x2bd57c3ca216f0d38b18bcfd14595f12dfb13c35,0xeb8f22ff3000,11645678
0xa71af3e2350389001e828e65ddecfc286b1648a34b3cf83c8dc0a01aebb512ec,0xe4765a5d7335dad51b3058d0b8edee540d149a21,0x83458e8bf8206131fe5c05127007fa164c0948a2,0x1,11645678
0xc895c3bb012cff0a3e0de6ddf39cbd0e3d353479d04347414d48f4830614a91b,0x15095ec8fb1fc9c664b3223459dff43158ace7ad,0x29f7853816fcc1fea55d286e587ebd9d8e826f8a,0xb1a2bc2ec50000,11645678
0x1e1fa5ac23852e410443d7b5b449afb3ee17af3fd566084e54e8a8c3271b934b,0x6cd01c0f55ce9e0bf78f5e90f72b4345b16d515d,0x85090a672afe0d4197631ab1ad8622b6ce5f6dc3,0x0,11645678
0xd0afa71cbccea68400d572104b7ac12bf0533640e2da969ae126fc6417e9b51f,0x6cd01c0f55ce9e0bf78f5e90f72b4345b16d515d,0x85090a672afe0d4197631ab1ad8622b6ce5f6dc3,0x0,11645678
0x391b8b19f590245426ad06ac881b6620dffdaa5fcffc70e1d6b78a75c81acd53,0xf4d1e7fa5ae05323a2abe747373c252a9b7413d4,0x73b668d8374ddb42c9e2f46fd5b754ac215495bc,0x0,11645678
0x0d276b322a558ed5f042f994660e5c75ae1eccb9ff3eb8748b4e72bdc50a451e,0xff594efef3652c6c620976334952af0d8bc00fc2,0xa1f78bed1a79b9aec972e373e0e7f63d8cace4a8,0x12309ce54000,11645678
0x4430e0e9a7165909ead1b5d5fd9cbf55cbbf38321e1751fee79007183cc96fd3,0x63791870fad27fede4e8c07a249d26971e533599,0x34114c6dee8c0660555d01d013b454f0a1dc4c82,0x0,11645678
0xa2d8627d4761a82f12b917e8fddf817326a38437d674399f7b7a00fe76581dd3,0x0000f46dad1c0124004e1b6528e656ef3bbff845,0x34ecfa42241d7473eff2b4d61c854d80b72f1210,0x0,11645678
0x9378a97708c9a48bb7c0f0de9af8ce27d17fa3bb1abbb8dd8cf14980cbfb60f1,0x7ce347ce7dbf3fc95e1abaa6e9994f4217b03764,0xa73afb610ac79a729a393d679029fcf9618854ad,0x0,11645678
0x461a5a5b4f2d5612642f97cb56bff92ff97b28b26c648f967f5afb28c99866a2,0xddb968e5d31fd578115096f1e2be33bdb7f348b2,0x11abb46d6099d541e544ac8bb38820046de6d797,0x0,11645678
0x55d68ba620826d41da53a4d626fc25713c95a03044a4a7536d6507ee1bd87279,0x9dc57c76231717dc3030ba99200643cd22ee54f8,0x65d15b2a8a4f3aea354bf11fa87b10b9125616ec,0xe8d4a51000,11645678
0x606335e1b73b6998ce763b2ad32ab8533fff058500fe48be7518578c917044f5,0x5525757ee5aa22ad0a8a7b647a1739757d7dd038,0xd3830c58accd3e6eeec8cd5688be5b1d04a4dc83,0x0,11645678
0xceaf539305d88aecb211030b237295663d51ff8577e9526483e311e5e784a059,0x125aadcc9897e92eb00b82a17757f0a821081ac6,0xd3830c58accd3e6eeec8cd5688be5b1d04a4dc83,0x0,11645678
0xdf61b0c377f83a453325622efb1d2bb6444e5c6a50c55d5bb9c1f27149c011bd,0x35def0cfeb3f4952a316e4c7ec034d681bdc9e76,0xee567fe1712faf6149d80da1e6934e354124cfe3,0x0,11645678
0xa71a58747ce1f83c4c5161baa873639a0159a40bdb539aee0e2bd82e4c2debe6,0xbca4a3bad35cd78ba21a2441cf2ee0a6e1fe3a2b,0xe6b11c6010237c885b8a332920745b35ebebb3c5,0x0,11645678
0x3dfae4573173da6e74b9f771d2b8de7ce622df9f400a438c5af5dba4c854a18c,0x2e2e491cc3797f228e06ddbdfb8f43630c4b97cf,0xc4c187f1a499bf1f565f9816bd0427f676b772c2,0x0,11645678
0x5ead86a653d96702c5a2f39c03959295a5e2c160703412247e947673e74ff3ee,0x9126f3f68f1411aea2ddc3820db4ecb557157872,0x5f2e83ccdea73d60af400e03f1cd8fb9eab07b20,0x0,11645678
0x6dd4cd48c02c07f0834573d542daa063a1247d1f490106404c221aba6a26ce90,0x6252d4f4f90327d1d99022cd583f46e339cebbfe,0x87a3effb84cbe1e4cab6ab430139ec41d156d55a,0x11c37937e08000,11645678
0xb300f70c13a07b441626e76e568521953b71b3e31e275db5ca310efccaa45fb7,0xf554cf4613557f3c01c977ad9397edff0d3feaa1,0xa0785aacf30b6fe46edc53cd8a9db1d94fef5df2,0x0,11645678
0x18aebb85c78785e6aaa889b525be9ea061e8a795a8783af55164961c09cedc82,0x92f5c7f79a7db24e87e94b8f3098e85513a04eb4,0x93310a56147b1ea7486ab84f8d850fd0a216429b,0x0,11645678
0x79d1b9f815adb886d1cfbf7c0f766f6efb1110288ea60bb06d33e973ef535e84,0x9e33a9ba508c07fff4527e42547a9a642fa17c9f,0xee567fe1712faf6149d80da1e6934e354124cfe3,0x0,11645678
0xe8d6d975242446f7a24ddd1737f0565e0c9ad7e637738d42bc6686b637bfd6f9,0x1ad751858ce4d5491d7c4e985dbce6a2c9eaeae0,0x87a3effb84cbe1e4cab6ab430139ec41d156d55a,0x0,11645678
0xa1e189be39c6f91f23dc7ba1f1db9336dfbc785023ec303c66745a1c2421645f,0x38f11b2cbfe0ca225dfd6cf3dcbed4e3be05b018,0xa1f78bed1a79b9aec972e373e0e7f63d8cace4a8,0x0,11645678
0x14b96a5ed7af02f006ee43fdf6e4a9e3b494671288b41b36172a38907b4293c0,0x9a2bd7d90a9245b1d971a93548e917f9f061e1bc,0x87a3effb84cbe1e4cab6ab430139ec41d156d55a,0x11c37937e08000,11645678
0x8b3a7b284cf671983ed21414a713cbcb38b1e1cfd647c28ff4ab03d0c200340c,0x0caa36c2aa464fcd5181ef02c6c95060bfc2f2d5,0x87a3effb84cbe1e4cab6ab430139ec41d156d55a,0x0,11645678
0x2ffc9092d4dcb28c69449170671e0e56a58f5295b8219b8f8316f35c16d4698a,0x732555f1c1ee461a7d25c2a390db5d26eb452b06,0xee567fe1712faf6149d80da1e6934e354124cfe3,0x0,11645678
0xa5f1cbabae43b0f48f13ff30aa5bcac8216e830c696bff35670c168fdef66578,0x0ac9e90703134cb02d817d15ce736fe990427f10,0x2bd57c3ca216f0d38b18bcfd14595f12dfb13c35,0x174876e800,11645678
0x5a439c00c9dd7f91ce067f5397649324043af44ab8ca162ccc73781de2302185,0x0d216d7e596014b309190a28f5853846cae77bec,0x87a3effb84cbe1e4cab6ab430139ec41d156d55a,0x0,11645678
0x0459bac4b0e638636186cb100b0c9fe3dd915f1473df3c4f2acd30fd2c2cfca6,0xced9f2310bb6b7b4d13ddd20a1e5162fe41a81e5,0x87a3effb84cbe1e4cab6ab430139ec41d156d55a,0x0,11645678
0x5517b808ca59674c092a2fa58f88e1bb4c9f8a1782691f85280710434b5f2a27,0x7691400edf0ecf251ab9affe9fcc13f583141f7b,0x87a3effb84cbe1e4cab6ab430139ec41d156d55a,0x11c37937e08000,11645678
0xb29bcbf19d764aa7f99f95ad98969185dee35409d12683f11982eab103d15ee7,0x4dcd04039b557a767411e55add557f5a3d7ee277,0xa1f78bed1a79b9aec972e373e0e7f63d8cace4a8,0x0,11645678
0xbf9d9a26a8a31ac5adc29b2d99eb22bd61b14f3e459515fe6e6ca8ea09413ce2,0x2655b5083cb73642bcfe4ec673c31a9b93010c36,0x87a3effb84cbe1e4cab6ab430139ec41d156d55a,0x11c37937e08000,11645678
0xadd3421648f3a7c86d05921409b8fccfb48fbd4546d052800d7535d6cc5fecab,0x4b6f1facdb71a2a742b27aa8e4a34ab72088afff,0xea30c4b8b44078bbf8a6ef5b9f1ec1626c7848d9,0x0,11645678
0x22991302521a2d7e443d98fa16d9612b948706baee3da96b53551c4a9c1ca5fa,0x0f6db021174433d0044dbd2b437948e8bafeeaa2,0x87a3effb84cbe1e4cab6ab430139ec41d156d55a,0x0,11645678
0x1b95f7fedef646ee6577e33fa0f894d66b915a254e89c4e1a2733098aa97c67b,0xf6b2b203a4f1203ea4a7aaba52e2cd4127642dc4,0x87a3effb84cbe1e4cab6ab430139ec41d156d55a,0x11c37937e08000,11645678
0xc2b47d3eba6575bb3018a3dbf5fd6c98066dab3f98a6b4cdc2e307b18f8fd2e7,0xd8d3518701bb08baba3413d30e8cd32317c0e3cf,0x87a3effb84cbe1e4cab6ab430139ec41d156d55a,0x0,11645678
0x633e83a2bd04fedc0de1405bfa75f3deee51e4117d6b6f56378ce54f90eb21ac,0xa34ff729c816d25a8c12d8534b7c828fe0c05975,0x87a3effb84cbe1e4cab6ab430139ec41d156d55a,0x0,11645678
0x6f2a3bc13e2d1b8f7fe9a8763a054cebfa8a42daf3cdc37b50cf7c80c806478d,0xffb48de4711cb0431d14869fc1e0a0bd5216d5cb,0x87a3effb84cbe1e4cab6ab430139ec41d156d55a,0x0,11645678
0x284e4a33ba77edea01e7af3dd4a322ebf348b20423d00d3b789113c860798054,0x701a67859f14363e2a64f932646051435d7029d6,0x87a3effb84cbe1e4cab6ab430139ec41d156d55a,0x11c37937e08000,11645678
0xd6ce4a545d7bed8c797bda1c62b4603c0b9564819599bcd5414cff3b225f60d9,0x9eed7a734b77966b995e6c0b32c87d196a594bfa,0xe787c35f6a875567409c4970ba7b41a0cb9d1b4d,0x0,11645678
0x98bd43471bcbf2f1e5b0976c76cb0ab0da58524e61f73619320bd818b72834a8,0x32726637d546e1099657d8b05c1dd69a5c44bacc,0x87a3effb84cbe1e4cab6ab430139ec41d156d55a,0x11c37937e08000,11645678
0x16b7f89392581f5f9b622a78bd9d2d040fc0b12a72fe144b2606fbb0bf172fec,0x931bc5434ea46e426fbc54241b3995e4e83b2fe0,0x87a3effb84cbe1e4cab6ab430139ec41d156d55a,0x0,11645678
0x2747ab0b36b8d8d47c3918cb239c4660ab0aeae6a54a50c86792a73115525ec0,0xa2d68dc62ab2ae1359bde2ee827d96cd514bb458,0x87a3effb84cbe1e4cab6ab430139ec41d156d55a,0x0,11645678
0x0f8bb45104e3ba5ed391bcc4f84882847612e4658b29ba9ad5d06c93b3e65465,0x5e7612a4a69645ec13ff93eda41443be3fd54a0e,0x87a3effb84cbe1e4cab6ab430139ec41d156d55a,0x0,11645678
0xb3251d69de1a936d6643c72ccfc1d1320c7d87e5e51953927032a378292a3099,0x7542f9169f637d9af9365a163c524e158046bc16,0x87a3effb84cbe1e4cab6ab430139ec41d156d55a,0x0,11645678
0x4c1d11c7335a9647e01110cc7b05802a50b08b303489f7c631f2fd6d723e6a64,0xb71cb45443c2c4db3405ae2cf1f2c587fee3c4ab,0x87a3effb84cbe1e4cab6ab430139ec41d156d55a,0x11c37937e08000,11645678
0x834623d15c3c04674c77184c25b0943e1e9a4ffbca4db774437ae64317501c67,0xc73ab7c997c9a437df3434a78fe64abe733a33d3,0xea30c4b8b44078bbf8a6ef5b9f1ec1626c7848d9,0x0,11645678
0xb891211ac62206e9759246ef781095a36bb55f3dc09f83c33a14a75eb99a84e3,0x441ba94271c618c5d312f50e212987e94f5df1e2,0x87a3effb84cbe1e4cab6ab430139ec41d156d55a,0x0,11645678
0x771cf9d1b248b16d8d5fa0f97bd81f65598c134b9fb6091189653767c71bcfec,0x4a12c12843f469e9e310193a32d9934c2bfa0bd8,0x87a3effb84cbe1e4cab6ab430139ec41d156d55a,0x0,11645678
0x0e6b4facfba6604b86d240a9e2ff885a5e7dc1fca1f181570e414018c1f826f0,0x1a16b4704769c5bdcf5435483be0120830da997e,0x9cbc225b9d08502d231a6d8c8ff0cc66adcc2a4f,0x21f489c9319d,11645678
0x67ce13eb744bfa8c96965ea872f0ec3b21e1fc7cdd9c3c54d77e50265cca57ae,0x298a2085e56621335b0ef44dedda9cb4824a7e31,0x87a3effb84cbe1e4cab6ab430139ec41d156d55a,0x0,11645678
0x11e4ece3728efcf61fef7ddb52ac0cfe3b5584159551f7692824a9bc154782cd,0xcb2521cb15949c3ef9440e67eabcf4dd31133741,0xea30c4b8b44078bbf8a6ef5b9f1ec1626c7848d9,0x0,11645678
0x2ad57dffc2bc4813361efc13c18c7e1bd15b137139a206e4fcc7adcbb23dbf3c,0x7364882ccce649b2fcd3920c84b1175fcd55229d,0x87a3effb84cbe1e4cab6ab430139ec41d156d55a,0x0,11645678
0x077ad4f583f3433c571bed969e1bee3e3288734c65aa4b48f253f01e92df5b08,0xceb6509d700ac540f1e6198c85c92f86d61f7eb4,0xea30c4b8b44078bbf8a6ef5b9f1ec1626c7848d9,0x0,11645678
0x654cb9b5344b9b08a8b5234d1a02153d70e76d7fee34ab4d42f2e08d479df75f,0x9f61216fedd12f39c9881d1de849a7102fb87ce7,0xea30c4b8b44078bbf8a6ef5b9f1ec1626c7848d9,0x0,11645678
0xc895d6160f9e9998b068b05d2bae6cce3eb3a71d4b14ea11f13c736b2cb36c92,0x2de33e7247fe9b5448374218035df7a58fb762d6,0x87a3effb84cbe1e4cab6ab430139ec41d156d55a,0x0,11645678
0x502c5049dcadc17fe9881d348d5d379baf02465f7e872975f0a21da7a9c05ca3,0x78ad2e8f243e1d940090a7c43c0cd3b2068a0038,0x87a3effb84cbe1e4cab6ab430139ec41d156d55a,0x11c37937e08000,11645678
0xed9c5250265760a1e172e8d825c6718a8264fd34a6a1eba599341bb9caf8ab7e,0x29cac3ee7e7a763d9dd0a44013e5c50c210c16ad,0x87a3effb84cbe1e4cab6ab430139ec41d156d55a,0x11c37937e08000,11645678
0xf1d72130c184c535f0bfa25bed823e19d174ac6062320e10f2ff69c0871ef7fb,0x0fe690d1b3188bff8bf8c4d5117b4fc188277cbb,0x87a3effb84cbe1e4cab6ab430139ec41d156d55a,0x11c37937e08000,11645678
0xcbb805d3ed9ea7ac7d27c2e5fe60311a77e7c75fa9f836a88b3a7686299391ff,0x12d95b0d933076dfa65a64644fe8ff0eed519f79,0x87a3effb84cbe1e4cab6ab430139ec41d156d55a,0x11c37937e08000,11645678
0xbed8a23329243b080c4144742a2dfdf8f263cca42adaf11b030e5ea45c9af210,0x27a88b8846882507bab868974805339d4c438667,0xa73afb610ac79a729a393d679029fcf9618854ad,0x0,11645678
0xd46e99bf91ab919d347e19cd1aaaf3518938d366058c1fd4d4c5c0ec65cd16c1,0x6754df568115a1d34e37224f6f0b6b78da40b231,0x33a5f045eecb8c17b0cbeae29ed08e6d0e2ec5f5,0x2386f26fc10000,11645678
0x3e5c868fa219aeb4aed891a72ca81d56f0bbdc75cf8e2aacdf9790ee326bfbd2,0xbf93a265332a2d01569918a9e2af4f20a32e9d7b,0x87a3effb84cbe1e4cab6ab430139ec41d156d55a,0x11c37937e08000,11645678
0xd2c85d9b3909af6e0ae13b0ac308e1a29085395ccb94f90680a7d8324bb24807,0x86e0d96da69084cfe14053c8805df1a4fcf274e2,0xea30c4b8b44078bbf8a6ef5b9f1ec1626c7848d9,0x0,11645678
0xe45d4968212e9247e41f60c4ec0246317f3c83435ee532d23f33902718658f5d,0x21e30474071697cadd15ef073b56bee97973c645,0x87a3effb84cbe1e4cab6ab430139ec41d156d55a,0x0,11645678
0xc0e580ce8445fef4fa96e2c02d7e27774c198167efca6111a8bf704cc1b87697,0xfc448b37f9f1e2f954eecf0f40c6cd8865c7b54d,0xea30c4b8b44078bbf8a6ef5b9f1ec1626c7848d9,0x0,11645678
0xec858d00dcc35713e57d27c58b966bd1e8ae68168713007fc89ac98349d97dc6,0x775a7321be735d468041abfd951af3e3ed219c7a,0x87a3effb84cbe1e4cab6ab430139ec41d156d55a,0x11c37937e08000,11645678
0x4c6840fbef15d3dff0f09971540258f74a1cbc98492a0c0fd41d4d99798bf473,0xbbd2c3438e28c1d226bbf7afbda6faeb5315eef8,0xea30c4b8b44078bbf8a6ef5b9f1ec1626c7848d9,0x0,11645678
0xe78a90b425bd485084d1af022953a942595f0a70910762a14b4355894054ee04,0x5ae1c8a172431c7fb2ee5ae78d5325eed42cdcf5,0x1a55dc4a015286f28f536786ccde1ca33a8ca166,0x0,11645678
0xce23e94523a7d4bca7c3c8ed9bffd895abcaa9e03bb32884dbe1515fbeb0587a,0x5f6eec1ba1610bc5c50ca2127dc84387b015729e,0x87a3effb84cbe1e4cab6ab430139ec41d156d55a,0x0,11645678
0x1905c459b92f43fab17d78429943d21ea1e6900fe791de3ab7162e9791d95b94,0xe1b75911ce7d2a8de88b325f3eee8d0233d66441,0xea30c4b8b44078bbf8a6ef5b9f1ec1626c7848d9,0x0,11645678
0x96432170abf7bbd9abbbf5c53f7dc192e807e82c34779149b65a13791f46ee1e,0x5a9d2d754a74887bba66939062c177b765e1b6bf,0x87a3effb84cbe1e4cab6ab430139ec41d156d55a,0x11c37937e08000,11645678
0x44154b9631606abb20d6c33e758fee6655d2df5f452f5a1f68efb51a8e772ec5,0x1276148ac726b149f43449a2055270c8018d9142,0x87a3effb84cbe1e4cab6ab430139ec41d156d55a,0x0,11645678
0x7d9a0352f2ea91d0ecad0b59a8c0f2aeedd8b3b4b2d7d60e636c632c558d57ac,0xff92e87968c1a789e8b52680c33f9a334294f81f,0xea30c4b8b44078bbf8a6ef5b9f1ec1626c7848d9,0x0,11645678
0x3dfe20cff6d887e4d79aec80d5c5c280dbae8a25b5b70dd5b92b5b445285ca35,0x9772446bd10bb69d47109654eaa352bad9f5eae7,0xea30c4b8b44078bbf8a6ef5b9f1ec1626c7848d9,0x0,11645678
0x7db6e0736a63c27fdd69c53253e4ad6f71aafe4e123284a932f0a122650dc05f,0x207d430716d4f12e7e6d9acb39bbc73fd4cb4e1c,0xa73afb610ac79a729a393d679029fcf9618854ad,0x0,11645678
0xcf5a2fd188ca6963bf330b7c0d5bbebcb88ef798549ef0a316d23564ce78c539,0x202600f312dc1dc44ca46d9ef7fd134995038fd0,0x34ecfa42241d7473eff2b4d61c854d80b72f1210,0x0,11645678
0xab1c4739b2b96da3e8452aef724473208bcbc858798104d98dccc2971cb69321,0x0acc444a56632c54b04f4b15bcbcc79f8b27e645,0xea30c4b8b44078bbf8a6ef5b9f1ec1626c7848d9,0x0,11645678
0x1db776ca67338b5c6cb1a596f9e4e5b6835b948e73d0341be1ad1213e55cd737,0xa12931d27df35850c77d14fc4d7c1dc5999b710d,0xa57048658797e7d2691da929efe85cf635b82db6,0x6fde2b4eb000,11645678
0x22d3e5e5b9078091d4ecf5de0c1b32ba762dccf23efe4c6a288db85b8d770914,0x3f187a61f2f0fcb3564a6e0d31050ed2df9efa66,0x87a3effb84cbe1e4cab6ab430139ec41d156d55a,0x0,11645678
0xe1a00f9d1ce831b1f2053e432876afca8f3dbbc652f9fb2a09de7884da5398c9,0x791fd5a9227fe1a8c0ac7269428eb7caf7c0b50a,0x87a3effb84cbe1e4cab6ab430139ec41d156d55a,0x0,11645678
0xb3f415c9191e936aa66d1341d426697e0c7238c52e182a8811db575a4ab31770,0x49c66069d51bbb7a5ac0e2ae77eb23f4913d26a3,0xea30c4b8b44078bbf8a6ef5b9f1ec1626c7848d9,0x0,11645678
0xda5d146738855ee883edd8e8ab3ece5f15cbfdf86411e53886634e852651d952,0xf2755301822833f3e8ebff9de49b27bd899c0fe7,0xe8a3b616fa79c77908f304ab7c0b03976295c4f0,0x0,11645678
0x492d5b8b930cd124b39b4ef3cc42ff0d1536d374b782a0daf5a842af5fbef0d0,0xfa646594bf2241061314d53e850a466815b3600a,0x738e96d813a47552499fe1c82e8dd415f7afb7c3,0x0,11645678
0x4a292be3175dd8d1e3e4e5d0ee8497cf15244b4dc99c49520f8a02ce42dba82e,0xe24f4a2e0a2e3b9842864e7c9407aabd00772459,0xaf93c5b321757ca9f37992525c4889bceef76726,0x0,11645678
0x316ba3cedca440f76e8f3c880fcbf1ff897bbc1e8af4481445032a7a1bf20e36,0x2d1a477e22f93b66f70a781d1f6ab73c3a62f09b,0xa73afb610ac79a729a393d679029fcf9618854ad,0x0,11645678
0xf328676f0cb2de59520573652f092d883e4f74b283cf9bf0b66c51c1a9df4d32,0x2f8e1176ae8ce0538fbdcf4efd788664908b0125,0x2bd57c3ca216f0d38b18bcfd14595f12dfb13c35,0x89a84e8e0,11645678
0x059e18d26896131f8b7022665a43095a1b5a4a718b6b1be4839f382db40203bd,0xcb4cbf79081ceda89c449d9c0eafb83ea54d8272,0x87a3effb84cbe1e4cab6ab430139ec41d156d55a,0x0,11645678
0x9ae27abc6235ff2d895ea5154c361960fbe2280fe2f880503b458030f0b16aa9,0x670c6144d02ca65d0a53ddd57dbb99ae1ef4619c,0x66a844f8f451e861e95121fc4573f79cfe541048,0x0,11645678
0xae60b1c87521e2f9204fa7d3668f8b4d375ba56cfc8624bd625d4e5cb7678cae,0x1219f56b5ad414ecf46f29d1af23b4ebb053bedf,0x6a506c0738e238784d171c2062ce7dde246e542f,0x0,11645678
0x740345a86cca7adf5bd47f09df599b143bc846e92434e31225970652a924d387,0x45e1937d7e4207df8987ec96484a20c94edab148,0xea30c4b8b44078bbf8a6ef5b9f1ec1626c7848d9,0x0,11645678
0xad26f6387ea348d7d8e99aabca23d3fdd355a3954962e56aa5d3600fe587b6de,0x805a3703aa8b56842e433a15990d69ca950b8341,0x73b668d8374ddb42c9e2f46fd5b754ac215495bc,0x0,11645678
0x602b5e1d8ffe9c1064a5daef70e28a6803833e904d0ce62b417a4fc3df8496df,0x3c838dec10146e36638c3f2f3d791f583903a9ff,0x73b668d8374ddb42c9e2f46fd5b754ac215495bc,0x0,11645678
0x9a733a50ef24093314390acb412740b7482036ba596aaf7862e822bdac239fe5,0xc161933677c81c7d3642f70da8a4422e1b4ced4d,0x899d225d779f41fa1ab422ab1b8a9408296dd5c6,0x0,11645678
0x2364a88a475324917bc0f93d1185997609a4e4d46c42c95056c029cf6bb3930d,0xb5f0dac0fcf26e43d184f7bece29eff1f9585a85,0xb5f0dac0fcf26e43d184f7bece29eff1f9585a85,0x0,11645678
0xc9e3026dd404601b5363a4ae9060043451f160c6fafe8d368d8cfda3a2b3d25b,0x5487c0e82f7e97196faef2c5891fc70f96ad9080,0xa2735425ec95e5e6ec8d69dc78c1510d87c671dc,0x0,11645678
0x50b2456322bc27e917b8c907d485e2e86d895c2eba7de35f70501a57f5ac56b8,0x2475742e7f76162b063e098b383a3ca3ae569a71,0x1685c610007a33a25ff6e5fb00aa8e570328b505,0x0,11645678
0x26651664adf3359cc67a6d5a389cd0eb687c9318d361bb82309438a400955e02,0x5edc8a6cf1fc7a7fc0eed900f5fc881754e56879,0xdfe1f6a4f26add4cb688027b2e86d8cbf7cca1a7,0x0,11645678
0x04e7bcdae51a86b12ffe68c07887eb5da955f98f072b1117516c95fc462fff45,0xa4692b1948c50ce276257e4548e444b3ffa85edd,0x87a3effb84cbe1e4cab6ab430139ec41d156d55a,0x11c37937e08000,11645678
0x64516b609dc02a1e883aa7e2781a166934bd0818bab8e75018d25ec01f2ea735,0x9cdd05183be573042fc11eb923eb695fb2202fc8,0xe6b11c6010237c885b8a332920745b35ebebb3c5,0x0,11645678
0x1a4e744d83bc0940b6d8cdbb55e03d2f4ab3f92ccf2347a8bb9dff27d81adabb,0xda22c80eb66b3fa3055c9271c478e1a3eb54ccce,0x73b668d8374ddb42c9e2f46fd5b754ac215495bc,0x0,11645678
0x136b5da136f60b1b07462ed8087b7e79bf8ddc77a84ab4063fc45729147eb0bc,0xb2248390842d3c4acf1d8a893954afc0eac586e5,0x6c97864ce4bef387de0b3310a44230f7e3f1be0d,0x0,11645678
0x1e564fb4a37d78cc2fb8138d96b21c82e7c9ac165db08d8c313d0ae139b29c88,0xb2248390842d3c4acf1d8a893954afc0eac586e5,0x6c97864ce4bef387de0b3310a44230f7e3f1be0d,0x0,11645678
0xcdd2ff274eb6ba512cf495b8e7d9ed47caa449f356de26064dea8e4f193a30cb,0xb2248390842d3c4acf1d8a893954afc0eac586e5,0x6c97864ce4bef387de0b3310a44230f7e3f1be0d,0x0,11645678
0x747fa27dadddfe4312daefb7fe5c22e93e551b65e0b4c43a27565a312ad4ece7,0xb2248390842d3c4acf1d8a893954afc0eac586e5,0x6c97864ce4bef387de0b3310a44230f7e3f1be0d,0x0,11645678
0x8e1889a7aee4e957c3f76080ab17cfe45f91f90a0737fe68e466497097698746,0x0f89c194eb1b7cca16c5184e1867df2542fad6a5,0xffeeddccbbaa0000000000000000000000000000,0x0,11645678
0x1fc5f79f74c22a65d7eddb2751780b2f4024435e45f11cf91d3c3f6eb6b176b6,0x6cc9397c3b38739dacbfaa68ead5f5d77ba5f455,0x71849356cdf11e3439006bf174eeb444949e3c64,0x22b1c8c1227a0000,11645679
0x1fb0a5018fb382da271f3d811202c0d8ee49610481598a18f8114bb9a8c155a5,0x1caaaa58002a7e8b4c6f427ac2c943767b4d6cd7,0x00ef2e3b7754f2a65f1e897a27a3306d9b52f544,0x0,11645679
0x36f518123b8bc70dd75ae2a58087566ce9e96f7d27944c3c353ad05634e240fc,0xd75343f0463453a7d574d35effa473307cc1b29c,0x00289c189bee4e70334629f04cd5ed602b6600eb,0x0,11645679
0xb4bb3e7773ef94ab686e8bed7a2121947d43818c1e2748d8b506d371c4c4a8d0,0xbc1bfc99547287695a5e7a0ba7e06a0bd3c73c14,0xf4f194dc199d79305ef03c796a1a449dfa57e951,0x0,11645679
0x60751976d1f54f4766c5e378dd309db613157c471eb13f977b0c42d76ef0f1ce,0x54846a638d883ecb2d4874f3265251e9cc744690,0x18d18a40614b6d8c6154309f517acf9829308842,0x0,11645679
0x5af9f297153e6f22357e13ffec6867868a35e604fabf7acdbcac1fec61f33dd5,0x600ac89841d3ab2c777c48a5aee8283ecd28d378,0xae632380554140dced81d1bdc43e8eddc4c6e143,0x0,11645679
0xf834d9468c900954867e296ab7ef47ac5a455f15e7696f4767c204d241b599da,0x219b980057ec58a8c5bfd8336934c587c94c2544,0xdb9b1e94b5b69df7e401ddbede43491141047db3,0x0,11645679
0xb8934e27e4c0dc00af4fbd3e25b5bb4a178de9a67d089c8f5b7cd771b81a648f,0x47e5902a48c5fbaba166b118cd159f2f5a84707b,0xfa6419a3d3503a016df3a59f690734862ca2a78d,0x0,11645679
0x1cd6fa87006bf246149614786c610809ef623f49ac8f2883c5423a1bbe2f641a,0x45d2aba26a96b8c99ba459e16915aa53f0eeb1f1,0x7c5bf43b851c1dff1a4fee8db225b87f2c223639,0x0,11645679
0xbdc5359d77a69b221cc86bfd0781546e4901b6d199cd930b4d65b48b3415c725,0x70b81802da40306cec390a97d9a4be89ee3a55e5,0x2c41ed6294a15f5fbc731396fadb4723ee397f25,0x0,11645679
0x1f228140f754b37fa6c9f0386844b7a1222b079d5cbf06116e9f11129ae1056b,0xa2012a556a9d116d29c2fc1d2d965a9de6430a61,0xff00000000000000000000000000000001000001,0x0,11645679
0x0868938fbbfca4ecb1c55928925860cd9d7a8659e8d060df8b60ba3e68e7eef7,0x46dee90e70e49fb3efd83ca9b3249fb490631b89,0x00aed28667cc89d32e8b758f95e0b521afdcb876,0x0,11645679
0x8ab6bcde6ef532e452c8b055ce5242383cffcc1819c234c01621d4017c794e3b,0x25f78e485e7dcba1b97c43de0612465f68256f55,0x87a3effb84cbe1e4cab6ab430139ec41d156d55a,0x11c37937e08000,11645679
0xf15adce1daee7117c4e2742636035d6bb1ca09cc6478c95736619ba827437ad6,0x941604790863b692f6f79474c5264d0fbdef89fc,0x00e71cbcf7e567977524993751ebdd088dc39ab7,0x0,11645679
0x6376ae1eac90a6177d1669c6be0f3b6d2718e5d72c49cb7512bc8ad622faf617,0x6fb6ce41777615b8f08cc3d56a00347bacb84003,0x87a3effb84cbe1e4cab6ab430139ec41d156d55a,0x11c37937e08000,11645679
0x766d965f3907c87b0641660c3f525b3a62525b3e9f78705de0f16ef6f2c3b0a8,0x232e274676e865e341b02348a2173e8856891b0a,0xbc2e97f20c117b52bffe7455374ce520d29d7656,0x11c37937e08000,11645679
0x8b0fc621b5d4c7012a86c6096e804a73d914443ddde1b73013675d8a5d2f5eba,0x4e0bf6f12cbd3d7829401cc8102b1f77f0dd083a,0x87a3effb84cbe1e4cab6ab430139ec41d156d55a,0x0,11645679
0xae00ca9d221dc9aa8d809240362c4fa323bee2c144e16d8a905ddcab64b6565e,0x1361234cdd2598d5c49be7b460936ed1a718b841,0x4231396df13accd9c1ab682d69adefcf9aa4463e,0x0,11645679
0x4ed69f3df2a12b2f15c51d1d8019a1a1e4da5958e51f4cbc57fb8ae6a092a398,0x16848ee3f819c5ea8892d64b0a4aedb72ac464a8,0x87a3effb84cbe1e4cab6ab430139ec41d156d55a,0xe8d4a51000,11645679
0xaab61f094ca1c5a4c71e5c434a93e8777da49efc4b366d91b56463cd6129efcb,0xc894085d2ea87ee188e8c4cd589ef508ebfd170d,0x87a3effb84cbe1e4cab6ab430139ec41d156d55a,0x0,11645679
0x0e2cf163fa14c6e4d0065ccd0fd6f0b7449948ebaefb6f08f71db97b83b64e1e,0x498a8e365b8a26db4ebf59ab6ba6cf9fdb73a1e3,0x87a3effb84cbe1e4cab6ab430139ec41d156d55a,0x0,11645679
0xd84f3cad01985db7fdccf4add6895938d7caedd9c24268c129511687b214adeb,0x8890a998017a397da0b5c9782509b39419470fc7,0x87a3effb84cbe1e4cab6ab430139ec41d156d55a,0x1001d1bf800,11645679
0xc7e4562a7031d794a72ef5e0ddc321cfe3274dd56a5d6ff5795c13ead23aac26,0x191f96b468fa35b721b993908674af29366ded23,0x87a3effb84cbe1e4cab6ab430139ec41d156d55a,0x0,11645679
0xc8932934ec4deb1cacd67d78647b43053d5263453525bdc4b498fdb31d0893ea,0x03eeb73365beededb0b643ffe67d11309b1c08d5,0x0f90ae70eb391267e82e99c18661f55d015483a4,0x11c37937e08000,11645679
0xcb05ed8f90082d5720b50e560f647354bbbeed5e2374a4e1cbcaa8ebb3b2dddf,0x6823132e04d03a34db72f800ead316abe898f41f,0x87a3effb84cbe1e4cab6ab430139ec41d156d55a,0x0,11645679
0xce3b753d4ead76df1aa5f8cffa6544497663237fde6d82443aa618c73df0a2a7,0x555d0623e2f8f8f4361f615ab834c65165c1643c,0x87a3effb84cbe1e4cab6ab430139ec41d156d55a,0x11c37937e08000,11645679
0x2e21a392a251d96b01728130cb7efa7479a0f3bf94ea38992b9fb24a9dfeb858,0x65583b241c2d5dc08bce8d92181ffe71db0db288,0x60e8f2b6f4ae6cb53b034ca892e520b32ec129cf,0x12309ce54000,11645679
0xb8f2103e1daa535f0bd09a12b69e7f56d638e0e48b968f4e3d86ce134c008efa,0x04fbed631a43f05dd54f6f87c00c833c3bce53c9,0x60e8f2b6f4ae6cb53b034ca892e520b32ec129cf,0x0,11645679
0x293ccfc853ed70ec9d969f0e2f9dae8f9b8dd9e5817e8462a6362220fb7ccf9d,0xfaefd22e01e0e15602af02ad6670ecd99c949375,0x141747635d429da6a523958363b745f01b3c2c68,0x0,11645679
0xa0a23cd9d97cea42a641bea95fd2f968efd423df48d823073e68a930ecca9ed3,0x661af99a40de4946f454923ea807179c49418edc,0x87a3effb84cbe1e4cab6ab430139ec41d156d55a,0x0,11645679
0x30baf04f1e4895192cea1e017011c57a6848fd22f9e1fa811f315f4ae33f56db,0x7b5971bad5540ec22a6dc94a7889199f0a5a64ef,0x60e8f2b6f4ae6cb53b034ca892e520b32ec129cf,0x12309ce54000,11645679
0x9eb305f9e4a38610e4d8933e60a3e399eed882d4584a40f7e6bc4957a0e8d423,0x335127460139560aedcdea400c271255e23a909b,0x161e45d73835de5a7f2e7740c94c677b7c160e63,0x0,11645679
0xbea2741ace0cefa06cfd2f5a7c9665c237b7f5b8ae61599f8d5668fd2de53f12,0x127b3d50e62ef3c7e21705aad4d44dd775d1a6da,0x4577576fcce2b39ca91d795ba1e73818d713aa7c,0x0,11645679
0x7ae2bb6ab6bb620633529ed721a8d9dcce4db7cce5db64d2653613e81ad0012b,0x56794b268d415f1f1b3e98d45ced45418229562f,0x0e47dab0c0c9cf4b63dfb4d063179bc8b56708ef,0x2386f26fc10000,11645679
0xa1e443dd28e0199f20995e689e971ed82b02f81146c4dd6cf7ad2146d274ba63,0xba7af4ff71f138f7f55dca2edf78fddd6cf2a066,0x99bb09726b22bdefdf1cfa87074c0fa8ed49edf8,0x0,11645679
0x8c1b7b5a36d27abf3b991584858c30e353c5862af18eb552c80ea1a7c72c2dac,0x216e9b3a5428543c31e659eb8fea3b4bf770bdfd,0xfa6419a3d3503a016df3a59f690734862ca2a78d,0x0,11645679
0xc7de619c027bff8020a9d7262eb93601a48b7c5744299b02e76cc51dd8106eea,0xcfc987a4e9ff8ca9525a59a25e28f2313f665113,0x0c88262f03b183dd183c2fc7a78578dbce1e664c,0x83e0717e1000,11645679
0x6878952c5a32ef81ac1da3deb0457a3a62d2d497ea8544031a67b5cd2a112811,0x121f67f80818ac47ee227c4ea5f44db8a6b110f7,0x0c88262f03b183dd183c2fc7a78578dbce1e664c,0x5af3107a4000,11645679
0x64931dca01b039e7a45b3340173a98273e6e0a19d19b95345501b7e0355ff0bf,0x9c260e8180d19f01cb97801c37b7f03c377bda70,0x0c88262f03b183dd183c2fc7a78578dbce1e664c,0x17d6b59e716000,11645679
0xffddb6ffe2096f14f7625fcaafc825a2b7a649059aa0cadc17200576c686693f,0xea96d2056f8c92f02562bddad05e20ec21ff3cef,0x137a913554ace7826c9437a3c6e3610dec40d547,0x0,11645679
0x7faafd855bfdcdf580034e95118ae9b01a653df6e4574c8d20fd409a6bc4aaa1,0xaf026e42f5f8a0dde581bc214091219b8f4a5e6b,0x4337084d9e255ff0702461cf8895ce9e3b5ff108,0x0,11645679
0x6e5b8aa4ccc4071b61bf14c141282ebb203306f80b1abc2e89893fc78f42e80a,0xe4c9b43a08c054ef2b0a319aed3d7d4cf879ef49,0x0000000071727de22e5e9d8baf0edac6f37da032,0x0,11645679
0x30a72653d99d213ad2e67050877b9859a0eca300a01213d2d33fd678fce7a5fa,0x046734b1888358760cfe4c45601eb0edd0aa174d,0x5ff137d4b0fdcd49dca30c7cf57e578a026d2789,0x0,11645679
0xa2d366f40381bd272e1f49205daab88aad3e77de4abc07694cd18483a6c66de4,0x20b6f3321c6b12eb309024155270a813ca3e5533,0xa1f78bed1a79b9aec972e373e0e7f63d8cace4a8,0x12309ce54000,11645679
0x78c8b3faa6ce5b23d46f8504c1bc8b27b1866378f48b95ef38cb160313303aea,0xfae26c1ed71573345cc98fcf9f85de82dba465db,0xa1f78bed1a79b9aec972e373e0e7f63d8cace4a8,0x1b48eb57e000,11645679
0x87b6851905e2e3242fbeea84349d0ca8a0987db9d6ea0ab1c7e49016e9cabe85,0x6a36be0c068933bbc0e44b5a6309625051da644c,0xa1f78bed1a79b9aec972e373e0e7f63d8cace4a8,0x1b48eb57e000,11645679
0x4bbbf3ce8192391027c70f5652df8821d648640f2852670b5e104a0251c5d240,0x7c4db55dbc569915e821433aa3d0fad1649f009c,0x7e8b0dd71be6c1216fd7334e7e5eae8aa2e7276b,0x0,11645679
0xa435e5669d36d20f8b132ed28c54a95ffde7d2071ed8e41bdc2d7a3539fca60a,0xe32a96e9b408393e67546fe0ad6a998d8d20b3bb,0x983cfc9eaa1ed9a70a1be2b293a9cd64520b7a9d,0x0,11645679
0x47bae9c9b55561c5476520f0966329dec66bb86ff4fea65be130fa9cf57b11a4,0x2653255e8283db96f09cb4dc064c4d4543b62dd2,0x2bd57c3ca216f0d38b18bcfd14595f12dfb13c35,0xc38a96a07000,11645679
0x4183867d9841a5a8bcda3faf51eb1900b3965b164e2fa4fd622e67312de3f4f7,0xa0127a18e00e29a99307c2d4b3000d9092989a76,0x69c6b28fdc74618817fa380de29a653060e14009,0x1,11645679
0x75b4a586f5d47cb3f76d4477414f819bab5f009dccc7780561f49b9ed70b27c4,0x48812e5fb4424a8ded9de35cfbff718c78bcba9f,0x2bd57c3ca216f0d38b18bcfd14595f12dfb13c35,0x3dacd3f94d000,11645679
0xde8868c86a37e34ea0f926ef1c204d751017b858bad4a952e0680060b7a52578,0x81dd4c20cdd5abfe5494bf8fa6557a3c8ccf8a00,0x2bd57c3ca216f0d38b18bcfd14595f12dfb13c35,0x3bf84543cf000,11645679
0x0f55c191e52c217df436629eeee0d804193d894fe207ce8c1b18cc746255531c,0x1d1146ee48c7eeaa2c350f744d5f44094d663ff3,0x2bd57c3ca216f0d38b18bcfd14595f12dfb13c35,0xfb30e9d433000,11645679
0xede2b0a62df9926ac896a8c5a985354b02f439eaffde076242adc20864f2dcc5,0x514e085cfdfc8fefd8cfd011daf5f8c5e5e27d58,0x73b668d8374ddb42c9e2f46fd5b754ac215495bc,0x0,11645679
0xe7a1e6524cced4d0b4592d3c85b627173cd86788b6048c5d4aa2cc6d6f9f9603,0x514e085cfdfc8fefd8cfd011daf5f8c5e5e27d58,0x73b668d8374ddb42c9e2f46fd5b754ac215495bc,0x0,11645679
0x8106bb702ab7d7ea9503fecda73907613cc429a0d0d976fbaa0ec0d7cec8b280,0x514e085cfdfc8fefd8cfd011daf5f8c5e5e27d58,0x73b668d8374ddb42c9e2f46fd5b754ac215495bc,0x0,11645679
0x3c5db08bb054491065d281142fbf9e41c74cb16b25566fb4f1254b5b50a90d6a,0x3b4fc970684a1fd994329c6a15ffcfc1633b8dfc,0x66a844f8f451e861e95121fc4573f79cfe541048,0x0,11645679
0xf5a4b86a55aaeb3df6523f6188a7692a8f919c1e0c245a11d8dc0b55a1ce51ba,0x3c838dec10146e36638c3f2f3d791f583903a9ff,0x73b668d8374ddb42c9e2f46fd5b754ac215495bc,0x0,11645679
0x0612aea9afbd80e9d40e9fffd305eaeb59c9ee588cf3585a59d3ce99185d4c00,0xc903169c4b7c479e68aeb301fb74eb042887a7f4,0x66a844f8f451e861e95121fc4573f79cfe541048,0x0,11645679
0x70a56c9198278f343b7d26416c5003c92048fbc000695c9a1cdbd224017b5921,0x805a3703aa8b56842e433a15990d69ca950b8341,0x73b668d8374ddb42c9e2f46fd5b754ac215495bc,0x0,11645679
0x42980c74cb80c022a728e0137b4b5db26fc2bd781b052d9b9f9ecb11ed3c084c,0xbc1cbd9a9d6d34c7fda9490e4c3c70e41cc43bd0,0x73b668d8374ddb42c9e2f46fd5b754ac215495bc,0x0,11645679
0xbf3671af1bff7fcb68d88071124d073363a369df7c28b5e2abb2f02e4333c246,0xc28a2af7965adefc19e7644a7dbb80b4e39dd64f,0x73b668d8374ddb42c9e2f46fd5b754ac215495bc,0x0,11645679
0xd33b4ecc7abdaf3f733640c04bc99ddd52fb3e392e8e539f83780ff576eaa84d,0xb2248390842d3c4acf1d8a893954afc0eac586e5,0x6c97864ce4bef387de0b3310a44230f7e3f1be0d,0x0,11645679
0xeebaff5bce29b596b02849a08db605aac3c00d53cb1e9e77d5e1988600920a57,0x0bd3da91d4608980378e0b453841847f5d37d083,0x1685c610007a33a25ff6e5fb00aa8e570328b505,0x0,11645679
0x1214f402a58791a9a38eab0f0c17704b8a9116fc2e74b7fcf304a0cf704d81f0,0x52065f6a3ede9a8937a49ffd46bb16423977d0ab,0x1685c610007a33a25ff6e5fb00aa8e570328b505,0x0,11645679
0x125374d5e2e23c0b75237f249e25020842ce3280fb087d5adf68ba55fd4a4b59,0xec157be926daf48dca50a5719bd68e6d8bc66847,0x1685c610007a33a25ff6e5fb00aa8e570328b505,0x0,11645679
0x04845f5270f35d04cd6fb38c4fafeb3be878ad77341fee90388e177b34e88951,0x1219f56b5ad414ecf46f29d1af23b4ebb053bedf,0xee567fe1712faf6149d80da1e6934e354124cfe3,0x0,11645679
0xcdc78e16e9878a173f9bc9837ed7288a19be5a10a030433444f45a614a47fb91,0x5ae1c8a172431c7fb2ee5ae78d5325eed42cdcf5,0x2f965b4618d0dbe09943d4bc45af9f320f4588b2,0x0,11645679
0xfe13bc7127e6ada9c43dd19749bb7042af44df72e6848ae4a8619cd424f61666,0xf2566ce28bbc19935d4a953770bbe8413874586c,0xffeeddccbbaa0000000000000000000000000000,0x0,11645679
0x300a0c87f56e6348fd11567dda1b3db269078814fa0749f7f889d35dbc120577,0x202600f312dc1dc44ca46d9ef7fd134995038fd0,0x34ecfa42241d7473eff2b4d61c854d80b72f1210,0x0,11645679
0x256dbf85f1370db7efed181dc93fa70fff18fc40efa7f1fcb64588a2ebedeab9,0x72ca203a5caa4b623d7cbb86afc2deca52c92273,0xa1f78bed1a79b9aec972e373e0e7f63d8cace4a8,0xcbba106e000,11645679
0xcada6d1cbc76c500e6e527ee81f8711c82cacbfdd5639cba5ba3688d0d02837d,0x0000f46dad1c0124004e1b6528e656ef3bbff845,0x34ecfa42241d7473eff2b4d61c854d80b72f1210,0x0,11645679
0x4c6be42f87ac4d738ee83c7963ef6e23dcea715b316809d5e8da65fd1a42b30f,0xf554cf4613557f3c01c977ad9397edff0d3feaa1,0xa0785aacf30b6fe46edc53cd8a9db1d94fef5df2,0x0,11645679
0x486ce2d2039fe7f5e9f34e17cf3ff1ae8276b39d4d33b40aee9cba7330013ff6,0xff594efef3652c6c620976334952af0d8bc00fc2,0xa1f78bed1a79b9aec972e373e0e7f63d8cace4a8,0xae9f7bcc000,11645679
0x80906fb36c617f2427c11192dc567c3b16163e384552d923fb584e19bd1539ef,0x0d216d7e596014b309190a28f5853846cae77bec,0x87a3effb84cbe1e4cab6ab430139ec41d156d55a,0x0,11645679
0xd4ba9eb164725e89226656c459966ca270bf511d33546d06612c0bd5ed7825f3,0x0ac9e90703134cb02d817d15ce736fe990427f10,0x2bd57c3ca216f0d38b18bcfd14595f12dfb13c35,0x174876e800,11645679
0xace85d81be1a98ea4a14e697bf3c47e2d78da5b62add1d64a79a274ce87e024b,0x12d95b0d933076dfa65a64644fe8ff0eed519f79,0x87a3effb84cbe1e4cab6ab430139ec41d156d55a,0x0,11645679
0xf812c07d38f0194c288229debc744fa960a9d827088ba235a56eee5b7387f189,0x5e7612a4a69645ec13ff93eda41443be3fd54a0e,0x87a3effb84cbe1e4cab6ab430139ec41d156d55a,0x11c37937e08000,11645679
0x989a7bb2d9688fbcd556f9b9a7e32b2af9b5477f664cccb5878712efec2df38a,0xc161933677c81c7d3642f70da8a4422e1b4ced4d,0xee567fe1712faf6149d80da1e6934e354124cfe3,0x0,11645679
0xb15129e76b4bb2e2206e999733947d09f81d13230b13b2131f9b46a96c5e4b25,0xf6b2b203a4f1203ea4a7aaba52e2cd4127642dc4,0x87a3effb84cbe1e4cab6ab430139ec41d156d55a,0x0,11645679
0x90f0dc737686e923928a984507e2a9c672f0974999eea642cba2e3886a15753d,0x441ba94271c618c5d312f50e212987e94f5df1e2,0x87a3effb84cbe1e4cab6ab430139ec41d156d55a,0x0,11645679
0xde2cd63eb8febaad792cf19c8b58fa9d46c52a60ac901d4b63b9633b6ef4f1d6,0xb71cb45443c2c4db3405ae2cf1f2c587fee3c4ab,0x87a3effb84cbe1e4cab6ab430139ec41d156d55a,0x0,11645679
0xbc7d3ef9a63d45500aa826fb1c6470a4daa5410ae14cd6b0ede13c14d3108eb1,0x0f6db021174433d0044dbd2b437948e8bafeeaa2,0x87a3effb84cbe1e4cab6ab430139ec41d156d55a,0x11c37937e08000,11645679
0x541c07afbb9674704d57bbb5b53667356ccec891b3418380c4caa5bd0f974c06,0x0fe690d1b3188bff8bf8c4d5117b4fc188277cbb,0x87a3effb84cbe1e4cab6ab430139ec41d156d55a,0x0,11645679
0x3a1948f6cbc9888eca21fdff9e87d15be3399e8aecaedbf9419c2c83d057abba,0x7542f9169f637d9af9365a163c524e158046bc16,0x87a3effb84cbe1e4cab6ab430139ec41d156d55a,0x0,11645679
0xfeab50561a632331b9d9d4dbcdd80c5732a60bb4d21a129f45050937b60ef8c8,0xa34ff729c816d25a8c12d8534b7c828fe0c05975,0x87a3effb84cbe1e4cab6ab430139ec41d156d55a,0x0,11645679
0x1f94819e2b403f4306a4f0d8982e2fa218636d9e1173b3cde56ae77e72a2124d,0xcb4cbf79081ceda89c449d9c0eafb83ea54d8272,0x87a3effb84cbe1e4cab6ab430139ec41d156d55a,0x0,11645679
0x94f6b74a0ddb3a7bd92f5b59f9ab01bb281ee70f58b3437ed46db915bd338ed8,0xbf93a265332a2d01569918a9e2af4f20a32e9d7b,0x87a3effb84cbe1e4cab6ab430139ec41d156d55a,0x0,11645679
0xbc9987c8fca86fa56d5f725576aedb753513b5656345251f78f0f11db0656d41,0x4a12c12843f469e9e310193a32d9934c2bfa0bd8,0x87a3effb84cbe1e4cab6ab430139ec41d156d55a,0x11c37937e08000,11645679
0x651a937e4e1154a1494a52c29d5c3fd4b4456adf0ee1775a79fb3a0a43f4fcdb,0x9e33a9ba508c07fff4527e42547a9a642fa17c9f,0xee567fe1712faf6149d80da1e6934e354124cfe3,0x0,11645679
0xc463c8d0aea5ad581f182d770f8e05b2f8798c7d6c5c7ad464a6ddea9a37f1ad,0x21e30474071697cadd15ef073b56bee97973c645,0x87a3effb84cbe1e4cab6ab430139ec41d156d55a,0x11c37937e08000,11645679
0x35f2fa1b79db9d0d1cdb89015f14a18bc3ee00a4e85350cc1ecf82a61c041a09,0x3f187a61f2f0fcb3564a6e0d31050ed2df9efa66,0x87a3effb84cbe1e4cab6ab430139ec41d156d55a,0x0,11645679
0x5d7af08f86894eee9b5df26e4e15a58f8721d2bb2b9732284bcc0f30d9284d96,0x4e2f9b15dbedd27a8899913282681b51b129f8d4,0x7efeb6a70e6b16a8e361e235e05e78775ba3aae6,0x0,11645679
0xffcc54e705de355cd615a9df800fd63ca7410b4f248a4ff0ca1b3ee28bb55145,0xffb48de4711cb0431d14869fc1e0a0bd5216d5cb,0x87a3effb84cbe1e4cab6ab430139ec41d156d55a,0x0,11645679
0xc9af586cfd4fce370896740a2c6af4aed78423b19b657837e9582acdd39f053e,0x5f6eec1ba1610bc5c50ca2127dc84387b015729e,0x87a3effb84cbe1e4cab6ab430139ec41d156d55a,0x0,11645679
0x4297a37086fd3611b445eaf08d5a75df911e8e5973bb1d05553f8646b615f195,0x5a9d2d754a74887bba66939062c177b765e1b6bf,0x87a3effb84cbe1e4cab6ab430139ec41d156d55a,0x0,11645679
0x6d3d1fd9d52bcceafe778fef7dcf34c91c5eab2f41efc91ca987fc4b1c2b3707,0x1276148ac726b149f43449a2055270c8018d9142,0x87a3effb84cbe1e4cab6ab430139ec41d156d55a,0x0,11645679
0xe875c61a7af02b0944c2b79e120e2a7e463198372e6c9459c448490b7192fa74,0x9a2bd7d90a9245b1d971a93548e917f9f061e1bc,0x87a3effb84cbe1e4cab6ab430139ec41d156d55a,0x0,11645679
0x95c320b108876e9e89388cbed14b1a76e60c2662d67f9542ee0e6de9cf633ecc,0x2de33e7247fe9b5448374218035df7a58fb762d6,0x87a3effb84cbe1e4cab6ab430139ec41d156d55a,0x0,11645679
0x90fb47141a302aa4290c4241ef0cc7bbe7ee4ea4780f3466ba8dd1eed9f1efbf,0xd8d3518701bb08baba3413d30e8cd32317c0e3cf,0x87a3effb84cbe1e4cab6ab430139ec41d156d55a,0x11c37937e08000,11645679
0x9243898abe6432209293c360c70b543dc06d4eea674318d395e6023ea3d6c816,0xced9f2310bb6b7b4d13ddd20a1e5162fe41a81e5,0x87a3effb84cbe1e4cab6ab430139ec41d156d55a,0x0,11645679
0x945e06ce2dfed85aabb9e4a3f1ed15ba702da10517eedaf9757e0c22c2de3983,0x0caa36c2aa464fcd5181ef02c6c95060bfc2f2d5,0x87a3effb84cbe1e4cab6ab430139ec41d156d55a,0x0,11645679
0x85c84c3f17a2c123b6503c39327c7f7828b2b596bb106bfaf9b4f06103a8141f,0x298a2085e56621335b0ef44dedda9cb4824a7e31,0x87a3effb84cbe1e4cab6ab430139ec41d156d55a,0x0,11645679
0x48b3bc2f43ee92bab3f37d695606d5a60f72af7d2408e72725cea2e07ceb400f,0x7364882ccce649b2fcd3920c84b1175fcd55229d,0x87a3effb84cbe1e4cab6ab430139ec41d156d55a,0x0,11645679
0xec6b21935bfccf166a31c72eb61b85eb09de43fc0ecf76f7acb3b736c68f06b3,0x791fd5a9227fe1a8c0ac7269428eb7caf7c0b50a,0x87a3effb84cbe1e4cab6ab430139ec41d156d55a,0x0,11645679
0x0a2ea1ad8a07b22b3a0d3bcb7070c93df137c442e7fec56e1a1ecd56f84759da,0x931bc5434ea46e426fbc54241b3995e4e83b2fe0,0x87a3effb84cbe1e4cab6ab430139ec41d156d55a,0x11c37937e08000,11645679
0xd3c07917f3d80ae34b98f639fc19b18ea4a8e0c6a5437aebc358346e2d01e095,0x1ad751858ce4d5491d7c4e985dbce6a2c9eaeae0,0x87a3effb84cbe1e4cab6ab430139ec41d156d55a,0x0,11645679
0x80b216564c34c820d0ba5f8984e50cbb0145947744e3aa80d5179288d485149f,0xf978a6a9ef8365fe71bb22d5c1cbfe72ca4510c1,0x87a3effb84cbe1e4cab6ab430139ec41d156d55a,0x0,11645679
0xb2b5ce888a7fbe9c7745f9c3283256445b52496e49f9111a85026855b452cd5f,0x5246315245118ea23844e5afed53f95c7f35657c,0xee567fe1712faf6149d80da1e6934e354124cfe3,0x0,11645679
0x1908cb0d062828818cd512c5864211901f364f531d01501f850f4e5e36c68473,0xa5c1b1f3c9461cbbb8462ab9b3a9e8db84e99aba,0xe787c35f6a875567409c4970ba7b41a0cb9d1b4d,0x0,11645679
0xe02a6f68a470da9449ef1d73ec0d52520ad86caf42dd0c4c4de7ae02bdfb6b85,0xffe4ced440194608eaea14d4da6e027150e08087,0x00ae7a5cbb08944ed6640f870fd93d593ff37a7e,0x0,11645679
0xa191fb4d98507a2dd2ca60826575be36ed9ef1da13a98354e4977b00a11bc768,0x727118de743654fff8cc2de7d09de605d4d977d6,0xad95827a575398307fd21a944b30e416ce9981f0,0x0,11645679
0x49e4d5a0e2d754c384e63b474f4761d5e2ae9e468ca3b3667a2b1588d31f3584,0x9dc57c76231717dc3030ba99200643cd22ee54f8,0x57e3eec210b9a0536a5704e7e2f74361edb7273e,0xe8d4a51000,11645679
0x108fdbae59b974f6db4ea4a7110144582c6382ff4fbca771e2991978a527aedd,0x9dc57c76231717dc3030ba99200643cd22ee54f8,0x3915f6107909af059fd36b9a59e984dcfedd0f23,0xe8d4a51000,11645679
0xb9575b3b903076bb9efbef091bee13760ea851926015d766998012040f855461,0x2da0fc66c0b36bb1c187a6f2601cb872ad123f8c,0x8cf7c7afa3457343cd8c3950498a0eec6dd0e2fd,0x0,11645679
0xfa71a8273cc7d9fc562d141924d8b0ad4aec330c8ef2d6cba06bd8d2b46015e1,0x065def72621cf2fc1560ec79958e059905339aa4,0xa73afb610ac79a729a393d679029fcf9618854ad,0x0,11645679
0xc67a1e8a9a52ecec045525e1f85b787e36a8534315150cb688de1876bc29c6d2,0xe70ad440096b35808f643b9bc0deebecbc79a406,0x803bc3291b79c118eb6a8431a42b9946bbc4ee36,0x38d7ea4c68000,11645679
0x782f9ee8ee5e35a8872feabe8c3c92d1b1b5bce713a59ab67d7662cc293125cd,0x2e2e491cc3797f228e06ddbdfb8f43630c4b97cf,0x079a30c8aa3d34fcf17b9e288bd05c04df203e23,0x0,11645679
0x6a6ec522ae43994c507545ec7cb99d2eb7e6fa547ad818e26d130a0c2f6a207b,0x074e9050b73d10625af956295bb803415b87b200,0x87a3effb84cbe1e4cab6ab430139ec41d156d55a,0x11c37937e08000,11645679
0x83404e33e4dd7e78f310c6f68c5e29f3efaf426d479248d42c1fc459ff75b313,0x20cd3479594879c988cb7b9438648af078128c96,0x87a3effb84cbe1e4cab6ab430139ec41d156d55a,0x11c37937e08000,11645679
0x7b35eb22444bafa62c503101120fe82b19f452927a8d3a91abc286ba9bba9281,0x2fdeb1fd47578e9297273474643c89a51c2ab2f2,0x87a3effb84cbe1e4cab6ab430139ec41d156d55a,0x11c37937e08000,11645679
0xa220e696cef935f1c4b49bf027ca7f444fe148c6a012683593bcadabadeb6ac8,0x4da68a9a56c380bf545c068986221112dc13d1e4,0x87a3effb84cbe1e4cab6ab430139ec41d156d55a,0x11c37937e08000,11645679
0x3bb5ce97eab325edc797b155ce94e2fc874b3d571b1ac6693750be233321ad5f,0x2c4454d7be419231538e3569d3acbbec8661eeb6,0x87a3effb84cbe1e4cab6ab430139ec41d156d55a,0x11c37937e08000,11645679
0x91acc1009606f9f250df9d4ab10ea97cf89884e01602aa033c1f5ed14f1c0ce9,0xab50157e27557097c20dc3215b83fb22f1230d87,0x87a3effb84cbe1e4cab6ab430139ec41d156d55a,0x11c37937e08000,11645679
0x51c5f90b1aff00406ad013fb8ff274674bf06325a8efa2996e0f52a3e62fb779,0xa4692b1948c50ce276257e4548e444b3ffa85edd,0xea30c4b8b44078bbf8a6ef5b9f1ec1626c7848d9,0x0,11645679
0xcf0ef2431464d7834c87e37d322ec8c9c20aa8fad3528086f4d17c6ea6a528db,0x55f9cc534974af55bdc5f5be1c3abe28f8f72bad,0x87a3effb84cbe1e4cab6ab430139ec41d156d55a,0x11c37937e08000,11645679
0xaedb535efbdec6c779817e37db0a42a51421acf52a642aac44ee360a20026729,0x00fc7d46e97da2f4784e12a98b9a2856a82e7505,0x87a3effb84cbe1e4cab6ab430139ec41d156d55a,0x11c37937e08000,11645679
0x0ba9238ec265c6731e8f44c16deae7372be91ac65cb35487b2844d2d4a66fea0,0xcc7deb338c4fdc7758762d6ef45f19c2a171dabe,0x87a3effb84cbe1e4cab6ab430139ec41d156d55a,0x11c37937e08000,11645679
0x885848dd9f0e87bafff83e041ffe95f820acc6337a958fd8d8b293210b7fcf54,0xe85ee9903b69b7055f0a03fa18f503fa87aaf0dc,0x87a3effb84cbe1e4cab6ab430139ec41d156d55a,0x11c37937e08000,11645679
0x5afb238626fafb5309ea388c2e5d43b2b306406e1583523a35139be3f9a53b59,0x29cac3ee7e7a763d9dd0a44013e5c50c210c16ad,0xea30c4b8b44078bbf8a6ef5b9f1ec1626c7848d9,0x0,11645679
0xdbf9d72d4f045bbccd746144d4c7eec01da223fb2bd6eff2797d5ac3f03e3464,0x775a7321be735d468041abfd951af3e3ed219c7a,0xea30c4b8b44078bbf8a6ef5b9f1ec1626c7848d9,0x0,11645679
0x3bdd16ac7bcbae450da3fd642623e03dbbbc870040d7b5e6c5d89d393927bc90,0xc47ca837487e05c69442d2b720336955ea6d51ff,0x87a3effb84cbe1e4cab6ab430139ec41d156d55a,0x11c37937e08000,11645679
0x043967cc22ea0065861c045c7b91dd71008c6270312b399a35a302ca21e3ec4c,0x701a67859f14363e2a64f932646051435d7029d6,0xea30c4b8b44078bbf8a6ef5b9f1ec1626c7848d9,0x0,11645679
0x6dbeb4a174bd8d84d730047826af08f0bc76f140dce3b2844ac22b50bae904df,0x7b62390c823a6a1fbccc3a3cd6fdcf194c4b40ac,0x8e91a2beccedacf8204be71cd23b37f2d47583fb,0x0,11645679
0x13170b49b448e0ec4260208c021aa05e6267714518c70c5a2f7a560c1816a5ba,0x4815d897653f55a481d31a6edf1dc489e049424a,0x87a3effb84cbe1e4cab6ab430139ec41d156d55a,0x11c37937e08000,11645679
0x857b04cadc32c14f733181c5232fb19675c341782b4ab4e7b2cd9a96c7d011c3,0x2655b5083cb73642bcfe4ec673c31a9b93010c36,0xea30c4b8b44078bbf8a6ef5b9f1ec1626c7848d9,0x0,11645679
0x342b09b40751184b9b1b5dd5cb2e3350bb97069baba597a3cc39378e9c714f36,0x7691400edf0ecf251ab9affe9fcc13f583141f7b,0xea30c4b8b44078bbf8a6ef5b9f1ec1626c7848d9,0x0,11645679
0xba38420d0c521fbf64181ebec97db7405212aecfab6a7bbf42540b8c0a402bba,0xd11d8865b3b2e8d6a0dde0faf5a16e67baddb0b1,0x87a3effb84cbe1e4cab6ab430139ec41d156d55a,0x11c37937e08000,11645679
0x51fdf9f63eb92da3b4d0ca2ad93396abcf5f6b8eb1518b1a8ba26349bece103e,0x78ad2e8f243e1d940090a7c43c0cd3b2068a0038,0xea30c4b8b44078bbf8a6ef5b9f1ec1626c7848d9,0x0,11645679
0x2cbaade14e68b68d2e41800344f60bff7183eb5ee5b5b115f986982edc5a9108,0xe434fc187f7761469ddd3741de8ea98b3d1998da,0x557abbdf9180fe864e38dd88e0af8cb454556886,0x0,11645679
0x57976ef01a34ca0583e38a832d0eb0bc929445adac3e62b2360ec9d8f8936e83,0xa0bcc64d1382473affeaf1fd0acb283be3c637e6,0x557abbdf9180fe864e38dd88e0af8cb454556886,0x0,11645679
0xe03c6176eef72c1c0b3cb0e205cb8253196ad5c133bc0fdd2d9934ab2611dba8,0x70e3fb28e1794bb91d5bceb7d66b731d0c61af8e,0x1c7d4b196cb0c7b01d743fbc6116a902379c7238,0x0,11645680
0xc99c7844f6e60268677ae73809b056cae19d892bd118e787d87525e8ddc20c4c,0x790bcb43358e01142fdaf6f097976d216676add7,0x1293ce1489dc2b1f987439c58a691697619ebb03,0x6a94d74f430000,11645680
0xf3dd7ded2d1752d767dcc1587e8dcd9a9f98bdced80bc22cd1c8b1c011600cf7,0x80d940194b986be8302184104604e982dc5f7c2a,0x312ace69db3098eea20808b39d9fdbeaf7a462d6,0x0,11645680
0x2053348c50d24bcc2202c139ff9b1c72b6510fc369333dfbefd949e161daffcd,0x00482a63f8e7708eb212bd9f7cd15e4cf8b68618,0x18d18a40614b6d8c6154309f517acf9829308842,0x0,11645680
0xbe85f926857674a08ab30a8b879b01a03ece9942244a375da64e58fd16a482a6,0x6ae3171fd5ac6cf13b29b59451ec1b70e471ad53,0x760e7bbc9c593a9734075c60b106c5bbf981b308,0x0,11645680
0x745884d5b0274ab68cd01f44c49f82bf9e930cf915e6df90cf267a486f9d29ef,0x3d73bb418bc4b000ab495a743354d4284edbca53,0x760e7bbc9c593a9734075c60b106c5bbf981b308,0x0,11645680
0x1921dbfad364272d7f8555c1dc2c60f503ead6628f0f9a17a33e8dc4f47d0d85,0x43370240c309f6cc0815929a176609267971224f,0x5ff137d4b0fdcd49dca30c7cf57e578a026d2789,0x0,11645680
0x54c3d0053b596c23b1ad7df770bde8c04086e9e95fc912d1375401b93196a4c9,0x3cba8933ebd4908060f2f4c736c31332d4991a0f,0x98326d5b9f67cea765280455f45877605d8500e7,0x188621a1dac2,11645680
0x6cee212e7f3a7d65a6db7b88b3bb36412609f4ac4c21289e4e98647c4cd085ac,0x32726637d546e1099657d8b05c1dd69a5c44bacc,0xea30c4b8b44078bbf8a6ef5b9f1ec1626c7848d9,0x0,11645680
0x2c0bf80f2fbe28e2785bf9d7b1663e9ce1ec930231796f39740b5402b9da3f0b,0x6252d4f4f90327d1d99022cd583f46e339cebbfe,0xea30c4b8b44078bbf8a6ef5b9f1ec1626c7848d9,0x0,11645680
0x449d1c6c83dba7a4702ed2b0ee93fef28809214de4c8021fdd0e5a0e8d16f5e7,0xa12931d27df35850c77d14fc4d7c1dc5999b710d,0xa57048658797e7d2691da929efe85cf635b82db6,0x6fde2b4eb000,11645680
0xf48a7c7811ef2f4eba3828e0e44127a6aa1a1845addbb52f51fbac3bb8ac2b87,0xeafc8fd2ab77e25fe80d80932ceb44cbda01181c,0xee567fe1712faf6149d80da1e6934e354124cfe3,0x0,11645680
0xe086beb642d4add40c7b381b2ec27214e782ed8fd93671b53b0e793310068110,0xba000521f2f8507de29557f736d93f23f39a830d,0x66a844f8f451e861e95121fc4573f79cfe541048,0x0,11645680
0x16bcf2ee14563b9ee4ae69e3eee4d991607588892ccd5cea5d88855b73c0a7e8,0xc9d75be112ecfeaed4a99e675989c396853d9ee9,0x73b668d8374ddb42c9e2f46fd5b754ac215495bc,0x0,11645680
0xf32dd67ecc513329f4e09c2327dd1d6d4f33f12f9b069df534a08c6031457e50,0x53ceb67cd404adef71e0131c644a3a03397a137b,0x7099e48a96eeecd93c9a1bba535d8715826df70e,0x0,11645680
0x3bcd10be08a4496d9be7300f569ba289c8a87829a4860f8028fe7498b463e455,0x4dcd04039b557a767411e55add557f5a3d7ee277,0xa1f78bed1a79b9aec972e373e0e7f63d8cace4a8,0x0,11645680
0x3f51948473103842e127ee01e24d16023831e9b6babc44ae03c0838dd4114e44,0x941604790863b692f6f79474c5264d0fbdef89fc,0x00e71cbcf7e567977524993751ebdd088dc39ab7,0x0,11645680
0x2cc76af188db5bb64272d79e26cb6463ee0973d6274e2f0f5a106493cc2a1431,0xcfc987a4e9ff8ca9525a59a25e28f2313f665113,0x0c88262f03b183dd183c2fc7a78578dbce1e664c,0x746a52880000,11645680
0x960f983cae63dcc72091728034a580e3c1f185e5ac3fca1847ceb8bf88739fe6,0x3d3fdc0c6a8fce37e48f45ca571fb8dcd07e42fa,0x73b668d8374ddb42c9e2f46fd5b754ac215495bc,0x0,11645680
0x85c47d4bfa3583365f690786c31fa1201db9e461cc162cf1e151aa2991507ee8,0x319dd63e0ac72e7ac74443029d074032c043460f,0x1c7d4b196cb0c7b01d743fbc6116a902379c7238,0x0,11645680
0x1807089e1f579f4e60b270aa7390da1c8837da0841058bf98ac80981dce1ebfa,0xde9f04b6be194d69474ee940065dfb984e58bad5,0x60e8f2b6f4ae6cb53b034ca892e520b32ec129cf,0x0,11645680
0xf847be9be19308986f023cb20805a72fde5d605df7b6eb516e1c4ce1aabf866c,0x03eeb73365beededb0b643ffe67d11309b1c08d5,0xf2b2b6d857dbc143e51ef4fbb27318077725a398,0x11c37937e08000,11645680
0x64d9d16a2694eb132d099df03f0970a90068f950f7b21153081b6f3796125486,0xc31025628c222e652ee757c4f285f0d0c7cf8aef,0x60e8f2b6f4ae6cb53b034ca892e520b32ec129cf,0x12309ce54000,11645680
0xb738732ab04d846b8f356923d22ae6e049df7605b9b6cf6061630e20b0b93d28,0x3116374d91a73f9f658bfbc66e393a23c6b6eec5,0xca11bde05977b3631167028862be2a173976ca11,0x0,11645680
0xdd5c6f070348b5612d3aa9e0e1e2358d3077d5d725654f85faec770bd5220836,0x074e9050b73d10625af956295bb803415b87b200,0xea30c4b8b44078bbf8a6ef5b9f1ec1626c7848d9,0x0,11645680
0x1fc21498f456260b0f8d857c0ffba60252cdd3f84089fa309b017df382978154,0x0ac9e90703134cb02d817d15ce736fe990427f10,0x2bd57c3ca216f0d38b18bcfd14595f12dfb13c35,0x174876e800,11645680
0x4147ac86547e174087de0ed0d9225e083ecbea181550c340bc315d83be73f538,0x121f67f80818ac47ee227c4ea5f44db8a6b110f7,0x0c88262f03b183dd183c2fc7a78578dbce1e664c,0x1597e8a6f1e000,11645680
0xe2611762d993d436853a5696f6b5704bf165ede44207540a5db336bd8d3edb54,0xd0f62816a03eac92026f25285dc043471c4a7e06,0x73b668d8374ddb42c9e2f46fd5b754ac215495bc,0x0,11645680
0xa34d6928aa1df49b86101f51c75c924c88c6e2173c536c99f20893a71f712d64,0x486bef8ff5b37ea85814057738e0972d999bc5d3,0x87a3effb84cbe1e4cab6ab430139ec41d156d55a,0x11c37937e08000,11645680
0x51070f18fae04e98b2a87f12934dd29163700a78b27f8ac520534160c75ae43c,0xf2629ba5f05a154969a3b56fdf5077fecfe98590,0x5f70a709f9d884059c3d2a53a79d156a5eb108b0,0x0,11645680
0xe7ffedb29f6734f4910febe63c86b0b401c60701d4be8c1ae8ea63a2ea84bb47,0x1cf86f24fb3cc2cfde5efb91fdb1cda88beeda48,0x87a3effb84cbe1e4cab6ab430139ec41d156d55a,0xe8d4a51000,11645680
0x2c347abe9a3a51db3530be632a3ad838f8713dc7a6c7bc9200b8fdca5b246997,0x38f11b2cbfe0ca225dfd6cf3dcbed4e3be05b018,0xa1f78bed1a79b9aec972e373e0e7f63d8cace4a8,0x0,11645680
0xd0886d627190908a3644d13579654d07f39648ab1947afc13f0792682a68d576,0xba7af4ff71f138f7f55dca2edf78fddd6cf2a066,0x99bb09726b22bdefdf1cfa87074c0fa8ed49edf8,0x0,11645680
0xbaf8dc5d37c3c6beafbb318588ce92ee001e7808938eeec0919ddba94014a1c4,0xc6f0c7e4ba0b01251bf6566c557190b7b0a2c505,0x87a3effb84cbe1e4cab6ab430139ec41d156d55a,0x11c37937e08000,11645680
0xc56cfd453f2f4bec376a831bed2e4427cd8ef705b43554e7a2af60dcbc0adb26,0x2e2e491cc3797f228e06ddbdfb8f43630c4b97cf,0x15df002e93168cf574bdad50d05ac2baaac6cd6a,0x0,11645680
0x23af5428b19167b00cae54196e541e4d3063410ca6ae2d2cee80240c2079d969,0x91a54dd6985531506dadf2f8dcc4c0ef50abbd58,0xe787c35f6a875567409c4970ba7b41a0cb9d1b4d,0x0,11645680
0x8829354879b84acb6cc14d1abc305ac2cfc97491f8bd0b2f625ddfa6d930840a,0xe2052421d005850898559db10d6eab46a8bec839,0xee567fe1712faf6149d80da1e6934e354124cfe3,0x0,11645680
0xd9aa0607dfea445b112397068604d09b42c7510bf640f8c663b7f3f6d635032f,0x964822303c7f8dce1febf0f7217fa8de8de856be,0xfd0bf71f60660e2f608ed56e1659c450eb113120,0x9c51c4521e0000,11645680
0x6ba6763fca4d98b455843aaad3c97450b1412f42fe140c83f11a056d49637e9e,0x0caa36c2aa464fcd5181ef02c6c95060bfc2f2d5,0x87a3effb84cbe1e4cab6ab430139ec41d156d55a,0x0,11645680
0xc78d4aa2f2546ccb2f75224f747692d89dc53203abbf715b8bff0d9ad159aad5,0x9a2bd7d90a9245b1d971a93548e917f9f061e1bc,0x87a3effb84cbe1e4cab6ab430139ec41d156d55a,0x0,11645680
0x75af39082b5db13fa422490e563e32d551083ef74426523650688e533e322dfa,0xcb080e52fda6231784bcbd0304940c54d749eb36,0x0820f975ce90ee5c508657f0c58b71d1fcc85ce0,0x0,11645680
0xf0ebbbdd90a8e14a52363a892670664625bfe8665e1a159a1a5d5311c2632c89,0x92f5c7f79a7db24e87e94b8f3098e85513a04eb4,0x7b79995e5f793a07bc00c21412e50ecae098e7f9,0xcbb8168dd62,11645680
0x8a96276bfe6797cf54b738240cb22c69953cb262a1c04b875e0174a6ea797ef3,0x4e0bf6f12cbd3d7829401cc8102b1f77f0dd083a,0x87a3effb84cbe1e4cab6ab430139ec41d156d55a,0x0,11645680
0x16c3d4cc6b10bd9381238f3b93609d0099aaa6a3812e4760bf2235bbf02f9122,0x513c48cfaeb3fd0477307b2334269f82ba90f496,0x87a3effb84cbe1e4cab6ab430139ec41d156d55a,0xe8d4a51000,11645680
0x73263d87ae5687a6481c3741dc752379410436d6300c3bc5fc3c8ced93be451d,0x7ab705faa77cc9c6469916b9138cc22b7d816f0d,0x3fa9e3fd3e5e70f26ccf4b67825489276f9cbb27,0x0,11645680
0x949117c2530aca75edfd0a1178cbfe1dea935484fd3f99521509349b8e9295f7,0x39dcc0ac2cd69084570d7f89f586bfb4dc957ed2,0x73b668d8374ddb42c9e2f46fd5b754ac215495bc,0x0,11645680
0x86dc4c8e53d8d3fe040b3b4fb58aead369dcdbd4fccc1c569ea6ce104143f065,0x2de33e7247fe9b5448374218035df7a58fb762d6,0x87a3effb84cbe1e4cab6ab430139ec41d156d55a,0x11c37937e08000,11645680
0x8073dd7c16ff48d75472f67884e759f388156025af9282d7e016121d11c19d25,0xe24f4a2e0a2e3b9842864e7c9407aabd00772459,0xf467ec26cf1911a0ff87e3a6d36b3aec915506a9,0x0,11645680
0x94a04ec1d92de1027bd70b5a3dcd811efb74c0c69a6501db6868a117dc556b39,0x72ca203a5caa4b623d7cbb86afc2deca52c92273,0xa1f78bed1a79b9aec972e373e0e7f63d8cace4a8,0xe8d4a510000,11645680
0xfeb96026dc3856aaca0cdd61662bcaf8e72208ca10d2ae6b26180b997ba8dea2,0x4ea09d8f3fb494a11072ff05b1be2241adceed09,0x006b2223248d0e45296d7d4f3cfff325579954c4,0x0,11645680
0xf6f36a1d0eb56a2009283ba55fa07c1e005214d01a60a0b41efea08641d0e35b,0x8890a998017a397da0b5c9782509b39419470fc7,0x87a3effb84cbe1e4cab6ab430139ec41d156d55a,0x0,11645680
0x87dfdd66f2a85e1e2fad8cfc5aac6b80ee00cab64a83c15662f6a9709d2b8cc3,0x46317c1b4168a94c8e3cf1c9f2b7ff55d4e65791,0x73b668d8374ddb42c9e2f46fd5b754ac215495bc,0x0,11645680
0x9d8156ebc7bb8f511dcae9de37d9312b1476dbeb6097e55dfaa17315dd8aa611,0xf6b2b203a4f1203ea4a7aaba52e2cd4127642dc4,0x87a3effb84cbe1e4cab6ab430139ec41d156d55a,0x0,11645680
0x48482682ea28ee46c23758a15528668ac0d1ca93af1e5328beac5564458dba71,0x39dcc0ac2cd69084570d7f89f586bfb4dc957ed2,0x73b668d8374ddb42c9e2f46fd5b754ac215495bc,0x0,11645680
0xa6538881194f47fa63651686169c4ee33ba798928d17022c94ff2166f37aa5fb,0x16848ee3f819c5ea8892d64b0a4aedb72ac464a8,0x87a3effb84cbe1e4cab6ab430139ec41d156d55a,0x0,11645680
0x1c256172984bad07016e0233163d9c22e60c5b02a348b831b183cda5bb9d5f33,0x43370188473a398394e4ba4a7c7cbb2c6265e22a,0x5ff137d4b0fdcd49dca30c7cf57e578a026d2789,0x0,11645680
0x3232c2340fe1f4909dfae01f893417ae5b868f96c05b2e9376c3fe49c1fec0da,0x7ce347ce7dbf3fc95e1abaa6e9994f4217b03764,0xa73afb610ac79a729a393d679029fcf9618854ad,0x0,11645680
0x47f5db054ea0a19b136ec38fd2e333e1cbe649e9cc986823ce8878613c9c6d27,0x069a442acf516ba83a68468f3b3695906caecb92,0x803bc3291b79c118eb6a8431a42b9946bbc4ee36,0x470de4df820000,11645680
0x77eb3f09d134236809458ec680725d7dddfd412a8e14277c2bd54506cbafe8ca,0xb3e380c2109f085088944baea401876017c4eef7,0x0f003315ed77bcbaa9e3bc750f147a1733644418,0x0,11645680
0x26f00372090f043748ff166d851dbae3753e7a1005880aefc4c0cbdc929bf565,0xfe6a6d143791702678fa13e910ae4362a32bea6a,0x87a3effb84cbe1e4cab6ab430139ec41d156d55a,0x11c37937e08000,11645680
0x4734325a78de48f035e0b37e5748b704be450fda402cc80c3f17e41e46afb5a6,0x5e7612a4a69645ec13ff93eda41443be3fd54a0e,0x87a3effb84cbe1e4cab6ab430139ec41d156d55a,0x0,11645680
0xfed20f663c04dc772bb8379d09eb8da0491ff1e5cad28931fb2e0b4f4053f15e,0xf1cd66919eaa149bf2e1ac83cbf1dce484c9ab84,0x60e8f2b6f4ae6cb53b034ca892e520b32ec129cf,0x12309ce54000,11645680
0x8ed3419f3decf9eedda48119038266a9ad463a2cc3a8c5a5b3c6a3367cf372c2,0x72d5c1f0d6744838ec93dad3cf31950aaa2144aa,0xa1f78bed1a79b9aec972e373e0e7f63d8cace4a8,0x1b48eb57e000,11645680
0x197b262cf4e247b17ae204549f0c46fc9236e8fec2912301507b794e9abddfb2,0xd8d3518701bb08baba3413d30e8cd32317c0e3cf,0x87a3effb84cbe1e4cab6ab430139ec41d156d55a,0x0,11645680
0x05697c2efe534ec52be580c8f3bd130527c0dc212728f8fa2101677dd32f774b,0xcc9644ec26a647de0b9b86f1560d5180232f70a3,0xcac524bca292aaade2df8a05cc58f0a65b1b3bb9,0x0,11645680
0x9deb35cda08c83226356209028b77c1f2c85c8010338675538409ccf9fbe1f91,0xdc52bbf4d800182d136e02761ea58f505face40d,0x2bd57c3ca216f0d38b18bcfd14595f12dfb13c35,0x3be9b7f97e000,11645680
0x1402e88fc558374acaecb8c85e2b17723dc4078f5d20b16534dd5bcfb2f53128,0x2670ca86ba68e3b69ed4bdf83366f4cf70783be5,0xe787c35f6a875567409c4970ba7b41a0cb9d1b4d,0x0,11645680
0x9e85495b4afba188c2534c725d52f7a8606d3d9b6ad9d024ef8a186371e16d93,0x34d2ec660915e52f2439aea404b7306a9168ac04,0xe787c35f6a875567409c4970ba7b41a0cb9d1b4d,0x0,11645680
0xe80d08af16ca54c07bb7477a7dbd241f78ccece93c453aab297e8743e30e91e0,0x12d95b0d933076dfa65a64644fe8ff0eed519f79,0x87a3effb84cbe1e4cab6ab430139ec41d156d55a,0x0,11645680
0xeaa9dc39d44d49f9cbd9c1c8d2135e7cfe644b1883a6a9065dc302e7f5146d79,0x7c12204739f27057b5ed07c691534b461517a212,0x803bc3291b79c118eb6a8431a42b9946bbc4ee36,0x11c37937e08000,11645680
0x6ab8ee31fbee7cb9064175df6a4c059fc4994213ae5c7fffa1dbc9e77f4c6fc6,0xcc9644ec26a647de0b9b86f1560d5180232f70a3,0x7a68df8a4c6b5187c3287b57112e99378466cbaa,0x2,11645680
0xe990418f11b552e4960feb5ef6f1fd5fc36ccb97a66d4c460c7ae4abce36b1ff,0x791fd5a9227fe1a8c0ac7269428eb7caf7c0b50a,0x87a3effb84cbe1e4cab6ab430139ec41d156d55a,0x0,11645680
0x30292ce424763c4ec8f3642e084024c71bc2782f6b25475842b65e051da8431c,0xb7e74cbde6f72b42256aef2924b92b82d8a7e3be,0x87a3effb84cbe1e4cab6ab430139ec41d156d55a,0x11c37937e08000,11645680
0x34150d870a09957d2b7d13918d6aadd3f1b56be01674007533434766cb91fc77,0xc6ce63292e201aa860a14290f5471fc4663ca6b2,0x2c41ed6294a15f5fbc731396fadb4723ee397f25,0x0,11645680
0x3f7c3e3feb3a7c4af2500ea3ede14fdc40b429d9bc015ca44b95c0d6136316e5,0x555d0623e2f8f8f4361f615ab834c65165c1643c,0x87a3effb84cbe1e4cab6ab430139ec41d156d55a,0x0,11645680
0xe89daca27fd1b179d9c6d9ceffdfbe51909df0a2e70a469fc74f4792c73479bb,0x97dcd1ac22e05634dccd04617b573feaca0380ea,0xb71c47316315bcf4e30a3590f6b2a25fd087cc3c,0x0,11645680
0xd0a3fe8cdcf58126070a70f57190c8d5f6e2cf6965f12b7d578f06bb89d49867,0xcc9644ec26a647de0b9b86f1560d5180232f70a3,0xcac524bca292aaade2df8a05cc58f0a65b1b3bb9,0x0,11645680
0x7329ddb7257a1d7951889802753b0c677ab8e06a179814dfebcbe74e7476f2bc,0xcc9644ec26a647de0b9b86f1560d5180232f70a3,0xd04a3e1fae7202d516a95aa28327ef7f39c71c88,0x2,11645680
0x9fd74e73158b0a8ec6f1d654eb881a9b442720b3753420cdcf70af5053b5bcb5,0xcc9644ec26a647de0b9b86f1560d5180232f70a3,0x7a68df8a4c6b5187c3287b57112e99378466cbaa,0x2,11645680
0x9622a4b02a13ac3180328eadff701706c12b390934aec3ea15f39c0f180a0546,0x7364882ccce649b2fcd3920c84b1175fcd55229d,0x87a3effb84cbe1e4cab6ab430139ec41d156d55a,0x11c37937e08000,11645680
0x870c8560817a7391c291e820c0b7d1f94231e8cdeac35044e310e45f3e0e791c,0x06ca7d00372a8bb171427eb52b979e4bf8cd15bb,0x87a3effb84cbe1e4cab6ab430139ec41d156d55a,0x11c37937e08000,11645680
0x9b480a61bc144ce91fec4970f236a32ec6e840bdcb5d168ef97c31811364be50,0x441ba94271c618c5d312f50e212987e94f5df1e2,0x87a3effb84cbe1e4cab6ab430139ec41d156d55a,0x11c37937e08000,11645680
0xc7dbb3beabab952748355e7e4a2778a5dacb53f4aab0c5d9979a72c863f175cd,0x0d216d7e596014b309190a28f5853846cae77bec,0x87a3effb84cbe1e4cab6ab430139ec41d156d55a,0x11c37937e08000,11645680
0x86de963e4ec94c16af10c016e3d7259b008b22cdf2434041fa8169eb6ccb2e9d,0x62a6ed699757efa7c6d7e14e11aff684e904e91a,0x00ab2d21a3e869a42603c37731699d1eedf89eb3,0x0,11645680
0x5a81703f29bd2a7ee21508b4d0e684175a51ae2120bbba80229cf4087d9da64a,0xda6e9475ac52d8c2b93aac8a85d0852466f58b4f,0x00005ec2d25436aaa3ca04d74877a79bb217445a,0x0,11645680
0x0d5619da6ab88b1591bee22240c06c8452144d1b5a45a6be3593e5ebe3dc1401,0xca0bb82b3bb815416e23c23847355de822a6b509,0x803bc3291b79c118eb6a8431a42b9946bbc4ee36,0x38d7ea4c68000,11645680
0x74043cd0e59b9759db60a575eb543d2a75662362842c6a85fa11f3b7c251d9af,0x0fe690d1b3188bff8bf8c4d5117b4fc188277cbb,0x87a3effb84cbe1e4cab6ab430139ec41d156d55a,0x0,11645680
0xeeed9163c2ec28beb3e5b0637facb52c3944b32e4c8b7071d8c1d58fe503832c,0x5ebbdf1a936d9f5f1a9a2f517b2ec65944600dad,0xfa6419a3d3503a016df3a59f690734862ca2a78d,0x0,11645680
0x17ea9f9445846d50ac252a9901a3e5cdc1e4610e6303a94e9dc5aba57a2feb85,0x1862d55000f09aa762247e3212c6d2baf3379f08,0x87a3effb84cbe1e4cab6ab430139ec41d156d55a,0x5af3107a4000,11645680
0x61f33dbe606ad86fa74e0ee5663593d18a641598eed41a7aa78c08e88af2b4cc,0x0f6db021174433d0044dbd2b437948e8bafeeaa2,0x87a3effb84cbe1e4cab6ab430139ec41d156d55a,0x0,11645680
0x37526e7e2960c6290acef7d7d59a195dbe575f0a6973dbbdfd29483d6fcf79f8,0x4a12c12843f469e9e310193a32d9934c2bfa0bd8,0x87a3effb84cbe1e4cab6ab430139ec41d156d55a,0x0,11645680
0x6db12f93a5606cee8792318fc677dc28b06376ad501634fe2734d9ca6a7745f7,0xcd2cc1ed9d826ae1ed1f75f9e6da40af7ba2bec6,0x87a3effb84cbe1e4cab6ab430139ec41d156d55a,0x11c37937e08000,11645680
0x1b43d87f00fed2445ea20735c6b0749d12a8e7188d032ebee00281e149a2288f,0xb71cb45443c2c4db3405ae2cf1f2c587fee3c4ab,0x87a3effb84cbe1e4cab6ab430139ec41d156d55a,0x0,11645680
0xbc04b1a9a5317bd77720d860d65496d75a5743bbf6542a13cf097e80a4a739b8,0xa34ff729c816d25a8c12d8534b7c828fe0c05975,0x87a3effb84cbe1e4cab6ab430139ec41d156d55a,0x0,11645680
0xab0c59eae1745f24d218dd925bef8fd8ef7101c20f3fad51fed0ce6c0d041a84,0x298a2085e56621335b0ef44dedda9cb4824a7e31,0x87a3effb84cbe1e4cab6ab430139ec41d156d55a,0x11c37937e08000,11645680
0x0009be5eba0afec173e0c39b5e3bb2597b844377910fb601024eaf5732e37c16,0x6fb6ce41777615b8f08cc3d56a00347bacb84003,0x87a3effb84cbe1e4cab6ab430139ec41d156d55a,0x0,11645680
0x78d59a5c1b8b299566a754c88a7a0e2dbfa5f1c8187201401bde0825318d3c8c,0x46dee90e70e49fb3efd83ca9b3249fb490631b89,0x00aed28667cc89d32e8b758f95e0b521afdcb876,0x0,11645680
0xcea29dc84dcb62cdf6f36028c167c44df2ddcc5c66cdbdfce2a9caaf7dc325c0,0x25f78e485e7dcba1b97c43de0612465f68256f55,0x87a3effb84cbe1e4cab6ab430139ec41d156d55a,0x0,11645680
0x79b3a581b2af710ad0cb95c7cda3cec27913f0cd2738b17026b57a384dd865d7,0x78a00249854dc8ce430ede9b68b4b4e7008d62e6,0x60e8f2b6f4ae6cb53b034ca892e520b32ec129cf,0x12309ce54000,11645680
0x12bc1696b0367454cdd7ade8b9027d9ec0d4261bbae716dab51408b5db508b56,0xdc9d3015a4a391607a835b87a292bcf030af24e2,0x9e841c03218e36a785c1c50f2f74fac5d54656da,0x0,11645680
0x37c6401406a3324b237fae9bd20a1469fa7bbe4afc5dc2fb9eeeee1c6245ed04,0x47e5902a48c5fbaba166b118cd159f2f5a84707b,0xfa6419a3d3503a016df3a59f690734862ca2a78d,0x0,11645680
0x5098587b87bc39b638409e95f71c12f32a3b22cf6ea6fa2d5a39f1133ccb1c64,0x40b7850d254a4c41262ee3bfbdd8ed8952dc24dd,0x87a3effb84cbe1e4cab6ab430139ec41d156d55a,0x0,11645680
0x8f05cfc27f1a9a1da109f31ae53d94457adcbb45f4f4517d5b21c4784a0eba2f,0x931bc5434ea46e426fbc54241b3995e4e83b2fe0,0x87a3effb84cbe1e4cab6ab430139ec41d156d55a,0x0,11645680
0x41f40f1a5f51ebbc5d240af4b9d4981dcd1b0f4e4629b5d797c8bd2a888349e6,0xcc7deb338c4fdc7758762d6ef45f19c2a171dabe,0xea30c4b8b44078bbf8a6ef5b9f1ec1626c7848d9,0x0,11645680
0x860fa3576d1c958c1af129742495abb2c1cf3463564444584e04f4476b908ef1,0x42fad9d9197846ef2bfb1418e953ca449798e022,0x139e06b6dbb1a0c41a1686c091795879c943765a,0x0,11645680
0x6cfd4cb8d4674318280c0e68da0ad6f7cbd1829ddd04c25657a50e191eead1e5,0x3f187a61f2f0fcb3564a6e0d31050ed2df9efa66,0x87a3effb84cbe1e4cab6ab430139ec41d156d55a,0x0,11645680
0xd91df1249079db5cee3c5428654022a2d424cb3b3268efaea6779289bac59014,0xced9f2310bb6b7b4d13ddd20a1e5162fe41a81e5,0x87a3effb84cbe1e4cab6ab430139ec41d156d55a,0x11c37937e08000,11645680
0xbc56ccc61c252e939f4b3f0f2be3c0a9e958ffec1a8ecd509f27093569adc0a2,0x232e274676e865e341b02348a2173e8856891b0a,0x56cc248b0b6819caec846f846a47492974a401f0,0x11c37937e08000,11645680
0x1f8640eac02a618ee0fc928bafdc655ce58512424df3c467e367cf1d67041e39,0x47f865c60f0f22bf80310c1603ef81eeb8f811f6,0x7b79995e5f793a07bc00c21412e50ecae098e7f9,0xed0101538de,11645680
0xf3367f2ff5c3924548e2a896a5b2919cddc4c1b1d9b0a11ebe07e6f6a70cba94,0xb5bfdf5542ca2b63a4929cfb45fa4d8a8390baea,0xee567fe1712faf6149d80da1e6934e354124cfe3,0x0,11645680
0x937d3ed1720fc8c044bc2fa64ac9425a64465668da6b44e062c185905471975c,0x00fc7d46e97da2f4784e12a98b9a2856a82e7505,0xea30c4b8b44078bbf8a6ef5b9f1ec1626c7848d9,0x0,11645680
0x9a510afd95e5af2b4c42d993680f7568e192dc972b48aa97d918d8d8534f6b66,0x4815d897653f55a481d31a6edf1dc489e049424a,0xea30c4b8b44078bbf8a6ef5b9f1ec1626c7848d9,0x0,11645680
0xbe3d42badb9882855951ba08aa4365408f0773a739f94dcfc430a0e7d94d4ac4,0xf978a6a9ef8365fe71bb22d5c1cbfe72ca4510c1,0x87a3effb84cbe1e4cab6ab430139ec41d156d55a,0x0,11645680
0x388764175a63c759d42445ea30e64919883b5d323ddeaaf1a76d025f675921c0,0x7c4db55dbc569915e821433aa3d0fad1649f009c,0x7e8b0dd71be6c1216fd7334e7e5eae8aa2e7276b,0x0,11645680
0xcf6b80a5890d534ec5dbe3c7d7b698488cc74d3d32da77ae70af240855b4e5a4,0x20cd3479594879c988cb7b9438648af078128c96,0xea30c4b8b44078bbf8a6ef5b9f1ec1626c7848d9,0x0,11645680
0x6620fc615a208d48d0004fb3cd5389db7db5a85210f68e45155c0d2035d19072,0x02ccedce548b62515c1b71ecbd649ef6f6156d3c,0x1e03345c9c3451f076c0c4fc0f2520a10adb6078,0x78df314a6800,11645680
0xe208eb10c88eee143a14f261ba80117e2c02f89a902e75ca946b5667bebb3299,0xcc9644ec26a647de0b9b86f1560d5180232f70a3,0x1b536e41fb3729dff38df21a207b06c7c33223a2,0x2,11645680
0xfe7001b82f7346788b3144d74af629d7530b1a22fbfba598ec72d7011ca44dbc,0x5ddea5169f7f6d37b6fd4a22714f94d03ead0a63,0x760e7bbc9c593a9734075c60b106c5bbf981b308,0x0,11645680
0x8291b88daf95e2fd251f9f947acc06ac742a8dc4404d1fa98f9360ffb7b64bd6,0x1ad751858ce4d5491d7c4e985dbce6a2c9eaeae0,0x87a3effb84cbe1e4cab6ab430139ec41d156d55a,0x11c37937e08000,11645680
0xa0919c286f0fe47d2a6fc1f41f9660e06fa34964caf75a9967a5f9def3d68b3f,0x5f6eec1ba1610bc5c50ca2127dc84387b015729e,0x87a3effb84cbe1e4cab6ab430139ec41d156d55a,0x0,11645680
0xb4bbeffe6a2cebce01683a9c8d25bf5bbc485ccaf3b52d32bb5b1f444e65aa28,0xc47ca837487e05c69442d2b720336955ea6d51ff,0xea30c4b8b44078bbf8a6ef5b9f1ec1626c7848d9,0x0,11645680
0xa0f10042f7c7ed150f35c67bd7eab55598f6adfca588f9cf0212bb55a93eff66,0xcc9644ec26a647de0b9b86f1560d5180232f70a3,0x5e82802590f65736f8d218316eb2b014b3bf74dc,0x2,11645680
0x50930b1d2a7f7320c3aeabafe257a0814a6914cf754f50f46d3dc0667e556b5a,0xcc9644ec26a647de0b9b86f1560d5180232f70a3,0x7a68df8a4c6b5187c3287b57112e99378466cbaa,0x2,11645680
0x948480f945932149d8038f3fda4d4e4deada5975231c04375501c4b0c81ed0a7,0x21e30474071697cadd15ef073b56bee97973c645,0x87a3effb84cbe1e4cab6ab430139ec41d156d55a,0x0,11645680
0x572410226e391ba7d3f4afe288142ae9431ba78c62c9f5bdb71efdec581f648b,0xd11d8865b3b2e8d6a0dde0faf5a16e67baddb0b1,0xea30c4b8b44078bbf8a6ef5b9f1ec1626c7848d9,0x0,11645680
0x12ca9014a6d309fa73c8be8475b7284ee6f43817ae9487e224ae917a46d434b2,0xab50157e27557097c20dc3215b83fb22f1230d87,0xea30c4b8b44078bbf8a6ef5b9f1ec1626c7848d9,0x0,11645680
0xcdb0460c7cff16d7747835e7dd878adead0dd7ec6b26ae2ed5f62091d270af46,0x2fdeb1fd47578e9297273474643c89a51c2ab2f2,0xea30c4b8b44078bbf8a6ef5b9f1ec1626c7848d9,0x0,11645680
0x2d51c82ee95e694905f0ac564742e0230368cc3ed3cde0641336d25ab6c2d35f,0x40cb65f6743f091503b3e4d74efab1b99d420c73,0x87a3effb84cbe1e4cab6ab430139ec41d156d55a,0x11c37937e08000,11645680
0x61ddd49fc78f26c8ec81ea5762fd03dbd61e90c77a646f02de38307969ba8b4a,0x5487c0e82f7e97196faef2c5891fc70f96ad9080,0x3b7721f6560bf144ec9168a9afb71891f86da8b5,0x0,11645680
0x85f4b30363d496987f5a9f0a434d82a8348bbe00e9796e50be72a715a0a59248,0xffb48de4711cb0431d14869fc1e0a0bd5216d5cb,0x87a3effb84cbe1e4cab6ab430139ec41d156d55a,0x0,11645680
0x86befa124748ee9a5b81db7270d8f90a8e41c1e0bb9357d9d31d6656d9ca777b,0xbf93a265332a2d01569918a9e2af4f20a32e9d7b,0x87a3effb84cbe1e4cab6ab430139ec41d156d55a,0x0,11645680
0x7eefc0e73e7ec1cfc6c506b5259d2d9ad55998aed2a1d885cf26fcead716e07a,0x4da68a9a56c380bf545c068986221112dc13d1e4,0xea30c4b8b44078bbf8a6ef5b9f1ec1626c7848d9,0x0,11645680
0xd67763fbc4c5e750d1ba2fb89fbf0402696f46dce03ea4b9347f639193ec604f,0x8b814597f43cea1a33a55eca87b5baae03292834,0x87a3effb84cbe1e4cab6ab430139ec41d156d55a,0x11c37937e08000,11645680
0xaea2a04efbef62d270b1e9adf32cd160b519bacde4498e4f4a37e04cb9acbe62,0x2f8e1176ae8ce0538fbdcf4efd788664908b0125,0x2bd57c3ca216f0d38b18bcfd14595f12dfb13c35,0x32a8c0,11645680
0x309b98ea90a1c98df9881a9b7ac75efea8ff9f9127fea9f25a35849c8cfd217d,0xbceb0247dc98c45cd766dbfcc05926a2f488f944,0x3cfde5e29fba55d2194da00d14d1ff8e44d84fa7,0x0,11645681
0x690c40c1d378d1714ea3924fadf017c6568356777576be5e9fcb78c9ad006515,0x5c9b4433d491155b099499238fe340125135f550,0x98947c2d70e63b7cc551c0cac2c3cd7345b66353,0x0,11645681
0xfbf878ac0db00d351da3f9c6485969f042548b628d4c3a8264cd95cb061d8a65,0x216e9b3a5428543c31e659eb8fea3b4bf770bdfd,0xfa6419a3d3503a016df3a59f690734862ca2a78d,0x0,11645681
0x61392e24720dad8a17f9cb93aa7a4918d6ce2377ba31a728973b92a51c466c38,0xcfc987a4e9ff8ca9525a59a25e28f2313f665113,0x0c88262f03b183dd183c2fc7a78578dbce1e664c,0x85b21ac83000,11645681
0x1e1329c8cf543e7df2e1131976a700d5c4b604e70b1952e82c8253dcf36bc4c3,0xaf026e42f5f8a0dde581bc214091219b8f4a5e6b,0x5ff137d4b0fdcd49dca30c7cf57e578a026d2789,0x0,11645681
0x6a9506c7074d71b38cbcfa08792356784c2387ab59ac8619e42afda090b5d508,0x1d1091e25ddcdcf4df04cb960b6a157a7157e00f,0xa1f78bed1a79b9aec972e373e0e7f63d8cace4a8,0x1b48eb57e000,11645681
0xb62cd43d2e55d6ac62d093cb73b6a6d1c82040cdf006070918c621e1cf46563d,0xc517f2cf2858abee3d0e2a3f9fd87f26a4d5646d,0x590c95c6bfbc5b95964701cc90ef6bc33a9e3427,0x0,11645681
0x6f18d98f5673a09833d7a3085672ea6e7eed0bd2a01fbe3170b528a5a598e43b,0xe99a0b30e1b9d08398e7533d49cbb63edb7e7626,0x590c95c6bfbc5b95964701cc90ef6bc33a9e3427,0x0,11645681
0x0d88ccc96d7c560b072feb1714014357309112609e0797c7199ab1d59baecbf2,0x753b1fca5588706492cd89c7d2c287db236be03d,0x590c95c6bfbc5b95964701cc90ef6bc33a9e3427,0x0,11645681
0x5929782fe203b8b842c88d88f03e96440ed98219e4f215e194ea22b5b4a91a47,0x8d85189e79a5e4d26e1ff5579a9c378366116773,0x590c95c6bfbc5b95964701cc90ef6bc33a9e3427,0x0,11645681
0x92c14ef7c9208c697a309902a8c52887e8a40a7e55f1aaa74036ab426db30080,0x4eb310da5bb44e287ebec2dfbbe5c75a283504a6,0x590c95c6bfbc5b95964701cc90ef6bc33a9e3427,0x0,11645681
0xfab64550889518a20f5867b04c61d36e40c3f8430c43c3b77a21382ecd14d158,0x10984aa7ee3f6766210bbd615585929b355ffb0e,0x590c95c6bfbc5b95964701cc90ef6bc33a9e3427,0x0,11645681
0xaacf2415527cc243c4c3761c5b809d82e22d7261e024a58831566d7a0eb75d47,0xae69584d37056b4d43157011ad6d25ead5304455,0x590c95c6bfbc5b95964701cc90ef6bc33a9e3427,0x0,11645681
0xe94febac3f40c88d3192197588528ff49ed4a54799aea2c4b3817c70b471b9e2,0xb16ba898db5bc2ec261ef5218740c1b162a1c9fd,0x590c95c6bfbc5b95964701cc90ef6bc33a9e3427,0x0,11645681
0x7fa76b68168a40a90ceec1f59ccd95fee666a9a6336091db79ff66d4f1b7094a,0x57514d6c07956bf94311b9a2f98f08c6f59b705d,0x590c95c6bfbc5b95964701cc90ef6bc33a9e3427,0x0,11645681
0x46c7013bcf1db420ffb4a6d9842ef9474bf021a621ddab8bfda39e28ef1cb3f2,0x0145e2297a047faf1e918b63dbd164966646a3af,0x590c95c6bfbc5b95964701cc90ef6bc33a9e3427,0x0,11645681
0x44eb119a5d84ba3d63fb0dc2ed96d76a46395650aca420aee7f632d66d36e45d,0xfb208fa8f5a8b08f630bf6b0d14d7943cf84aa03,0x590c95c6bfbc5b95964701cc90ef6bc33a9e3427,0x0,11645681
0x232dd77371c12362b5552a18cdccd445a096b55c63e2d32d4d8b4a0161fa9d3f,0xb6d85ba2388324ac0587b2fd7021014a729a8038,0x590c95c6bfbc5b95964701cc90ef6bc33a9e3427,0x0,11645681
0x09120facf6d6b1cde078233978fbb154dd2dec51d9d0a3ef9c65dbdf156bad61,0x9ba1102d546e7437c7279217f4b1a19ac78fce2d,0x590c95c6bfbc5b95964701cc90ef6bc33a9e3427,0x0,11645681
0x3c63b884f664bca52cbcfced3da8ac51f454fcf0fe28fb938dfb351032cfa682,0xc4ace2d74d6847034c60590554779095c0b9c1e3,0x590c95c6bfbc5b95964701cc90ef6bc33a9e3427,0x0,11645681
0xed5ff2548989be7f71bea79505e7ab24802a3ee8f1956be17298d37330f6c424,0x3f63ae7cb6ef734387aa8223cffa7d4e1a075847,0x590c95c6bfbc5b95964701cc90ef6bc33a9e3427,0x0,11645681
0x66c8b27b6b513aed25e1f9564ed880b59ff4ed75800a6bce0d2216d246bc2e56,0x9fbab94921d3832bbb2fd3b93a06f17be2d1845d,0x590c95c6bfbc5b95964701cc90ef6bc33a9e3427,0x0,11645681
0x62f676893babc533b3831a0685396da9e1f6ddd305e91e6d3959806f366f8d9c,0xa360cb036822c059eb9f03c2d4f48a94e5fd9ed5,0x590c95c6bfbc5b95964701cc90ef6bc33a9e3427,0x0,11645681
0x982e0601d35e13b42cb98ef22dd693847854a1904cdbfa76cda454a34b76ff13,0x9999fffe0fe59aad3b7b206841fa1821d186db7d,0x590c95c6bfbc5b95964701cc90ef6bc33a9e3427,0x0,11645681
0x45131d2a6c8940e278ca1575123d394ba0cfe50842f442f5f73d2e2934624e14,0x5493cf24c78251ea171e57f5e4a96c4ce4fca6e4,0x590c95c6bfbc5b95964701cc90ef6bc33a9e3427,0x0,11645681
0xfeda3c6dc2b93a8a02b3c5973a6d143a38dfd30bd4c95361a9fece9cc3b2d71d,0xe6cb61bda0681f1642ae345edcf6b30819de8181,0x590c95c6bfbc5b95964701cc90ef6bc33a9e3427,0x0,11645681
0xf9feb4cc7ae33ac86f57f6097fe4d8ed35702ed6f72ae48f2aa47e519a5816cb,0xd87873fa7b1a62c947ca7b3c2ae31ad356268cd6,0x590c95c6bfbc5b95964701cc90ef6bc33a9e3427,0x0,11645681
0x2d1d0c755afeb60886cf19a8ec740085c7ed770d119f8977c5943e43d616afab,0xbe7e0c128eb16aaefe05d63a97f619618b37ec13,0x590c95c6bfbc5b95964701cc90ef6bc33a9e3427,0x0,11645681
0x5d27b4f306db2910e3d92ff16925a2fe8594fa3f046387fb9f54ecc7f8edd565,0xb77a7a4583e9dd6eaf2f1a845a3915ebdff2e395,0x590c95c6bfbc5b95964701cc90ef6bc33a9e3427,0x0,11645681
0x8db4f6bd38e839c9bcc3270923b47dee4945749bdc9f5191d83703441496665d,0xf482bd4ae751deda88bf48937a8ca38d8da21522,0x0820f975ce90ee5c508657f0c58b71d1fcc85ce0,0x0,11645681
0xc33ec22dabc6e0400dcea899967f2bf70768ac370ddab16c8a1071762d5b06f5,0xb2248390842d3c4acf1d8a893954afc0eac586e5,0x6c97864ce4bef387de0b3310a44230f7e3f1be0d,0x0,11645681
0x01cb5489e4b98132ff89a61801dced901362411241c8e51c838450dd7801b32c,0xc3df77da2b29083dd21bc6ad8ffee15479c1f776,0x0820f975ce90ee5c508657f0c58b71d1fcc85ce0,0x0,11645681
0xa2bccbf05bae9afd98e86ba78cedf8004a0011a29be033eaa62eb7df21faca5e,0xe9ab33d77e110b29e49990b3abfd7f914f21bf46,0x557abbdf9180fe864e38dd88e0af8cb454556886,0x0,11645681
0x5c98fcd28f1d7cb2d73e2ecc49033c07123be52e03005385133ceb896ef6b63b,0xd2745a747111fcf38afb61f8bfae5cf7d409a744,0x7b66ec74586b5347861ad1beb3b09dd586fa6fb8,0x0,11645681
0x8b0786dd951b7abab89d4577d80b9c31b61d6454b515d4a73d4d76314075cf7b,0xe99e8592259493bf23f5e99b7d0e434d68eef77e,0x73b668d8374ddb42c9e2f46fd5b754ac215495bc,0x0,11645681
0x544327751c9c872d7515fdbdb34bbceec5d945b273a1121e469e420d8a09e038,0x2c4454d7be419231538e3569d3acbbec8661eeb6,0xea30c4b8b44078bbf8a6ef5b9f1ec1626c7848d9,0x0,11645681
0xdab7e30c5088869ff44207025ec925d587867cddc8bbafb317fd7b9b8c8d8329,0x514e085cfdfc8fefd8cfd011daf5f8c5e5e27d58,0x73b668d8374ddb42c9e2f46fd5b754ac215495bc,0x0,11645681
0x2ad9fab593b50d0d7590d3e87568c5cdc3950259f5ef1d23adbffbc905540d4c,0x180d76d711ee6d0b0e74a189983eb72bf4eed840,0x87a3effb84cbe1e4cab6ab430139ec41d156d55a,0x0,11645681
0x3df42146ba5271f293b575c4b2f5ee86012aac6dd3af59854e48ba58c5b8a0e9,0xbb705d5af96921c91b450027261a15b33af335a0,0x87a3effb84cbe1e4cab6ab430139ec41d156d55a,0x11c37937e08000,11645681
0x4fe73a9c4b322b7e47fa0321959211b0e253ca1eeb06be975d9052820570c1df,0xadc09b63a3ac57a2ce86d946617a18df9db029a1,0x2ff5cc82dbf333ea30d8ee462178ab1707315355,0x0,11645681
0x9c09eba4b45a3caddb3b888374d0dc2d45ebf08e039f0ae97cf848e3b4f66869,0xf435265e0254fa0b31c0f2256f6caa274e1e054d,0x87a3effb84cbe1e4cab6ab430139ec41d156d55a,0x0,11645681
0x254fac1561189b4f5ebe7c60e771a9576be88cd0aadcf4d827b30b77ceef3d3d,0x548959b4e1ff628a854acef9228161c972c750bc,0x87a3effb84cbe1e4cab6ab430139ec41d156d55a,0x11c37937e08000,11645681
0x0201d47c15455af1cecbf22cd66475851d0a6a589f4a8f5d9c87959ea658948c,0x5a9d2d754a74887bba66939062c177b765e1b6bf,0x87a3effb84cbe1e4cab6ab430139ec41d156d55a,0x0,11645681
0x1e1fc0345cabbef5353b21a455db0b727f97809e37b5a50ac7da7d00d089cd38,0x55f9cc534974af55bdc5f5be1c3abe28f8f72bad,0xea30c4b8b44078bbf8a6ef5b9f1ec1626c7848d9,0x0,11645681
0xa2e83df3d5dfbc8fe2c74ce48b45ca7e7797ebf8d4bbd71066c2c39ae57218c0,0xcb4cbf79081ceda89c449d9c0eafb83ea54d8272,0x87a3effb84cbe1e4cab6ab430139ec41d156d55a,0x0,11645681
0x2e96d775a7c5514fed0a3d0b3fac906232241505d07c9709b482dd393b6e32dd,0x0478f0f91208b85500e242b88627694da6aef7f3,0x006dfbc0bfdc1c9274f4609e0c479da8040b5dc5,0x0,11645681
0x95fb3838221433af5747ecdef48c04a23b126c800e0a78d9ceb4905ab362fe98,0x88cdd38a3445f831c3dd11a325554d2d13a97a9d,0x7973de7a9da5a8a20ee6d62231502fd8b9259057,0x0,11645681
0xafdc9804bab176db4ca3b4188efdd4a9effe434149ceeed6dae0d2640d6d50e3,0xf6b2b203a4f1203ea4a7aaba52e2cd4127642dc4,0x87a3effb84cbe1e4cab6ab430139ec41d156d55a,0x0,11645681
